order_id,created_dttm,customer_id,session_id,promo_id,order_amount,order_status
1,2026-07-17 06:04:00,100001,target-100001-1,,15373.5,completed
2,2026-07-02 00:54:59,100001,target-100001-2,,23410.46,completed
3,2026-07-19 05:24:00,100002,target-100002-1,,22334.94,completed
4,2026-07-01 18:16:59,100002,target-100002-2,,6161.33,paid
5,2026-07-17 19:16:00,100003,target-100003-1,,14426.88,completed
6,2026-07-01 00:24:59,100003,target-100003-2,,11961.47,completed
7,2026-07-13 13:34:00,100004,target-100004-1,,16145.77,paid
8,2026-07-27 07:28:59,100004,target-100004-2,,11862.57,paid
9,2026-07-16 16:14:00,100005,target-100005-1,,4607.25,completed
10,2026-07-02 09:21:59,100005,target-100005-2,,24166.06,completed
11,2026-07-26 11:58:00,100006,target-100006-1,,613.71,completed
12,2026-07-26 05:47:59,100006,target-100006-2,,1291.64,completed
13,2026-07-23 19:44:00,100007,target-100007-1,,21315.68,paid
14,2026-07-16 16:46:59,100007,target-100007-2,,14700.48,paid
15,2026-07-06 07:43:00,100008,target-100008-1,,6455.04,completed
16,2026-07-06 18:22:59,100008,target-100008-2,,9835.13,paid
17,2026-07-29 21:29:00,100009,target-100009-1,,21576.63,paid
18,2026-07-16 08:37:59,100009,target-100009-2,,10298.75,completed
19,2026-07-23 04:39:00,100010,target-100010-1,,9269.66,completed
20,2026-07-20 06:42:59,100010,target-100010-2,,24703.28,completed
21,2026-07-17 08:22:00,100011,target-100011-1,,18089.42,paid
22,2026-07-09 15:29:59,100011,target-100011-2,,22865.22,paid
23,2026-07-10 02:36:00,100012,target-100012-1,,23721.68,completed
24,2026-07-28 18:27:59,100012,target-100012-2,,12689.96,paid
25,2026-07-13 23:38:00,100013,target-100013-1,,9119.64,completed
26,2026-07-14 19:39:59,100013,target-100013-2,,14749.35,paid
27,2026-07-02 15:34:00,100014,target-100014-1,,13727.03,paid
28,2026-07-25 08:46:59,100014,target-100014-2,,9356.64,completed
29,2026-07-06 10:45:00,100015,target-100015-1,,13272.61,completed
30,2026-07-21 01:38:59,100015,target-100015-2,,7451.08,paid
31,2026-07-06 20:30:00,100016,target-100016-1,,14594.4,paid
32,2026-07-14 01:19:59,100016,target-100016-2,,1788.67,paid
33,2026-07-05 10:16:00,100017,target-100017-1,,14222,paid
34,2026-07-02 06:22:59,100017,target-100017-2,,4410.06,completed
35,2026-07-21 14:31:00,100018,target-100018-1,,20598.46,paid
36,2026-07-20 08:48:59,100018,target-100018-2,,22114.56,paid
37,2026-07-04 17:59:00,100019,target-100019-1,,15529.93,completed
38,2026-07-04 07:39:59,100019,target-100019-2,,13520.35,completed
39,2026-07-24 02:02:00,100020,target-100020-1,,11561.17,paid
40,2026-07-13 00:16:59,100020,target-100020-2,,20198.28,paid
41,2026-07-29 18:18:00,100021,target-100021-1,,21165.39,completed
42,2026-07-27 02:28:59,100021,target-100021-2,,5826.26,completed
43,2026-07-17 18:08:00,100022,target-100022-1,,10059.93,paid
44,2026-07-17 00:50:59,100022,target-100022-2,,24966.69,completed
45,2026-07-13 08:52:00,100023,target-100023-1,,22505.54,paid
46,2026-07-05 12:14:59,100023,target-100023-2,,4446.29,paid
47,2026-07-11 19:24:00,100024,target-100024-1,,7841.67,paid
48,2026-07-05 15:50:59,100024,target-100024-2,,19177.81,completed
49,2026-07-04 06:23:00,100025,target-100025-1,,23860.49,paid
50,2026-07-04 06:20:59,100025,target-100025-2,,19084.35,completed
51,2026-07-13 11:06:00,100026,target-100026-1,,16492.91,paid
52,2026-07-27 17:47:59,100026,target-100026-2,,829.56,paid
53,2026-07-29 10:06:00,100027,target-100027-1,,17918.18,completed
54,2026-07-21 13:46:59,100027,target-100027-2,,23633.41,completed
55,2026-07-12 20:31:00,100028,target-100028-1,,16028.8,paid
56,2026-07-08 02:47:59,100028,target-100028-2,,20988.62,completed
57,2026-07-09 07:48:00,100029,target-100029-1,,6744.27,paid
58,2026-07-15 13:45:59,100029,target-100029-2,,20836.22,paid
59,2026-07-09 14:17:00,100030,target-100030-1,,15103.6,paid
60,2026-07-11 15:09:59,100030,target-100030-2,,2800.07,paid
61,2026-07-14 16:19:00,100031,target-100031-1,,9665.92,completed
62,2026-07-17 09:31:59,100031,target-100031-2,,415.46,completed
63,2026-07-19 16:43:00,100032,target-100032-1,,18753.33,completed
64,2026-07-13 10:21:59,100032,target-100032-2,,16453.42,completed
65,2026-07-02 08:08:00,100033,target-100033-1,,12333.33,completed
66,2026-07-25 08:15:59,100033,target-100033-2,,6992.92,paid
67,2026-07-27 18:10:00,100034,target-100034-1,,19215.66,completed
68,2026-07-14 08:19:59,100034,target-100034-2,,13817.15,paid
69,2026-07-13 04:34:00,100035,target-100035-1,,4475.12,paid
70,2026-07-26 08:29:59,100035,target-100035-2,,917.06,paid
71,2026-07-13 05:58:00,100036,target-100036-1,,20263.2,paid
72,2026-07-25 00:46:59,100036,target-100036-2,,19719.13,completed
73,2026-07-04 14:33:00,100037,target-100037-1,,536.53,completed
74,2026-07-29 00:54:59,100037,target-100037-2,,6806.97,completed
75,2026-07-02 17:39:00,100038,target-100038-1,,2882.09,paid
76,2026-07-24 10:26:59,100038,target-100038-2,,20654.78,paid
77,2026-07-19 16:28:00,100039,target-100039-1,,3653.98,completed
78,2026-07-09 14:15:59,100039,target-100039-2,,14050.77,paid
79,2026-07-16 14:54:00,100040,target-100040-1,,21541.79,paid
80,2026-07-27 14:25:59,100040,target-100040-2,,6644.68,completed
81,2026-07-14 22:57:00,100041,target-100041-1,,22212.67,paid
82,2026-07-22 10:17:59,100041,target-100041-2,,12458.66,paid
83,2026-07-06 21:46:00,100042,target-100042-1,,13416.7,paid
84,2026-07-03 05:18:59,100042,target-100042-2,,12285.93,completed
85,2026-07-09 09:05:00,100043,target-100043-1,,11216.74,completed
86,2026-07-10 00:15:59,100043,target-100043-2,,12405.13,paid
87,2026-07-02 01:59:00,100044,target-100044-1,,12626.56,completed
88,2026-07-13 07:21:59,100044,target-100044-2,,6268.35,paid
89,2026-07-14 15:24:00,100045,target-100045-1,,24981.17,paid
90,2026-07-10 17:45:59,100045,target-100045-2,,23921.93,paid
91,2026-07-14 22:08:00,100046,target-100046-1,,14216.21,paid
92,2026-07-17 15:15:59,100046,target-100046-2,,2482.91,paid
93,2026-07-04 05:12:00,100047,target-100047-1,,11831.39,paid
94,2026-07-19 18:30:59,100047,target-100047-2,,20400.57,paid
95,2026-07-07 08:11:00,100048,target-100048-1,,23125.68,paid
96,2026-07-24 16:14:59,100048,target-100048-2,,14682.02,paid
97,2026-07-29 13:14:00,100049,target-100049-1,,23510.64,completed
98,2026-07-28 03:37:00,100049,target-100049-2,,10972.38,paid
99,2026-07-20 08:38:00,100050,target-100050-1,,5036.71,completed
100,2026-07-06 16:41:00,100050,target-100050-2,,9687.32,completed
101,2026-07-24 11:12:00,100051,target-100051-1,,1007.49,paid
102,2026-07-09 07:12:00,100052,target-100052-1,,17350.61,completed
103,2026-07-10 00:42:00,100053,target-100053-1,,24666.63,completed
104,2026-07-14 06:07:00,100054,target-100054-1,,1764.45,paid
105,2026-07-29 03:19:00,100055,target-100055-1,,22893.34,completed
106,2026-07-15 10:39:00,100056,target-100056-1,,20862.77,paid
107,2026-07-25 16:56:00,100057,target-100057-1,,17758.01,paid
108,2026-07-25 05:37:00,100058,target-100058-1,,891.8,paid
109,2026-07-22 00:34:00,100059,target-100059-1,,2812.15,paid
110,2026-07-06 11:49:00,100060,target-100060-1,,415.27,paid
111,2026-07-21 13:24:00,100061,target-100061-1,,20223.16,completed
112,2026-07-01 08:05:00,100062,target-100062-1,,7345.02,completed
113,2026-07-20 18:28:00,100063,target-100063-1,,21793.88,paid
114,2026-07-29 11:16:00,100064,target-100064-1,,24612.23,paid
115,2026-07-02 17:48:00,100065,target-100065-1,,21922.88,paid
116,2026-07-08 09:26:00,100066,target-100066-1,,24528.68,paid
117,2026-07-20 10:32:00,100067,target-100067-1,,14057.82,paid
118,2026-07-12 12:55:00,100068,target-100068-1,,11412.61,paid
119,2026-07-15 19:39:00,100069,target-100069-1,,23038.38,completed
120,2026-07-14 19:56:00,100070,target-100070-1,,24903.99,completed
121,2026-07-01 16:21:00,100071,target-100071-1,,9455.39,paid
122,2026-07-26 07:09:00,100072,target-100072-1,,22520.55,paid
123,2026-07-12 15:01:00,100073,target-100073-1,,2165.5,completed
124,2026-07-07 12:01:00,100074,target-100074-1,,18859.9,paid
125,2026-07-12 16:02:00,100075,target-100075-1,,10025.84,paid
126,2026-07-28 13:44:00,100076,target-100076-1,,14682.91,paid
127,2026-07-08 08:20:00,100077,target-100077-1,,13602.09,paid
128,2026-07-15 21:58:00,100078,target-100078-1,,15120.97,paid
129,2026-07-14 17:02:00,100079,target-100079-1,,18478.4,completed
130,2026-07-19 16:53:00,100080,target-100080-1,,7497.02,completed
131,2026-07-08 21:03:00,100081,target-100081-1,,22295.2,completed
132,2026-07-03 06:46:00,100082,target-100082-1,,2540.06,completed
133,2026-07-12 18:25:00,100083,target-100083-1,,14546.98,paid
134,2026-07-10 06:48:00,100084,target-100084-1,,10129.95,completed
135,2026-07-16 04:16:00,100085,target-100085-1,,13924.83,completed
136,2026-07-16 08:17:00,100086,target-100086-1,,16077.8,paid
137,2026-07-14 04:33:00,100087,target-100087-1,,2837.59,completed
138,2026-07-11 12:25:00,100088,target-100088-1,,24518.64,completed
139,2026-07-28 20:24:00,100089,target-100089-1,,20727.83,paid
140,2026-07-18 22:28:00,100090,target-100090-1,,12323.12,paid
141,2026-07-02 05:34:00,100091,target-100091-1,,5107.23,completed
142,2026-07-10 04:20:00,100092,target-100092-1,,21266.98,paid
143,2026-07-20 22:06:00,100093,target-100093-1,,18434.99,paid
144,2026-07-01 20:55:00,100094,target-100094-1,,21789.94,completed
145,2026-07-11 14:57:00,100095,target-100095-1,,13150.58,paid
146,2026-07-04 10:37:00,100096,target-100096-1,,5221.8,completed
147,2026-07-02 12:11:00,100097,target-100097-1,,4219.08,completed
148,2026-07-13 20:46:00,100098,target-100098-1,,19568.16,completed
149,2026-07-13 20:57:00,100099,target-100099-1,,14653.99,paid
150,2026-07-14 19:53:00,100100,target-100100-1,,9313.79,paid
151,2026-07-25 20:18:00,100101,target-100101-1,,9997.55,paid
152,2026-07-27 22:14:00,100102,target-100102-1,,7585.51,paid
153,2026-07-05 10:23:00,100103,target-100103-1,,3763.52,paid
154,2026-07-28 19:43:00,100104,target-100104-1,,4703.97,paid
155,2026-07-29 12:42:00,100105,target-100105-1,,19052.98,completed
156,2026-07-02 05:01:00,100106,target-100106-1,,6490.86,completed
157,2026-07-25 13:37:00,100107,target-100107-1,,2753.52,paid
158,2026-07-13 05:36:00,100108,target-100108-1,,4509.94,completed
159,2026-07-26 05:47:00,100109,target-100109-1,,9274.93,completed
160,2026-07-02 16:08:00,100110,target-100110-1,,2347.18,paid
161,2026-07-06 12:30:00,100111,target-100111-1,,2048.33,completed
162,2026-07-11 14:44:00,100112,target-100112-1,,12864.86,completed
163,2026-07-14 09:43:00,100113,target-100113-1,,5910.41,completed
164,2026-07-29 14:14:00,100114,target-100114-1,,18297.82,paid
165,2026-07-26 21:22:00,100115,target-100115-1,,21905,completed
166,2026-07-07 09:49:00,100116,target-100116-1,,22866.2,completed
167,2026-07-01 12:10:00,100117,target-100117-1,,13076.97,paid
168,2026-07-22 13:54:00,100118,target-100118-1,,14149.61,completed
169,2026-07-29 02:01:00,100119,target-100119-1,,8163.71,paid
170,2026-07-17 19:04:00,100120,target-100120-1,,23293.61,completed
171,2026-07-12 05:32:00,100121,target-100121-1,,4732.09,completed
172,2026-07-07 21:24:00,100122,target-100122-1,,17518.47,paid
173,2026-07-14 22:17:00,100123,target-100123-1,,19038.97,completed
174,2026-07-27 08:50:00,100124,target-100124-1,,5110.8,paid
175,2026-07-04 09:20:00,100125,target-100125-1,,6623.09,paid
176,2026-07-05 15:18:00,100126,target-100126-1,,24063.34,completed
177,2026-07-17 20:22:00,100127,target-100127-1,,21041.44,paid
178,2026-07-16 04:43:00,100128,target-100128-1,,15942.92,completed
179,2026-07-19 14:53:00,100129,target-100129-1,,1949.63,completed
180,2026-07-22 08:16:00,100130,target-100130-1,,7040.45,completed
181,2026-07-29 08:19:00,100131,target-100131-1,,15750.64,completed
182,2026-07-08 20:23:00,100132,target-100132-1,,3538.79,completed
183,2026-07-11 06:03:00,100133,target-100133-1,,8381.19,paid
184,2026-07-23 12:26:00,100134,target-100134-1,,7497.64,completed
185,2026-07-08 15:12:00,100135,target-100135-1,,357,completed
186,2026-07-21 20:35:00,100136,target-100136-1,,20227.89,paid
187,2026-07-03 01:53:00,100137,target-100137-1,,13373.95,paid
188,2026-07-10 12:48:00,100138,target-100138-1,,23090.25,paid
189,2026-07-12 19:02:00,100139,target-100139-1,,11527.77,paid
190,2026-07-10 09:25:00,100140,target-100140-1,,1275.96,paid
191,2026-07-18 07:49:00,100141,target-100141-1,,6304.03,paid
192,2026-07-10 02:33:00,100142,target-100142-1,,21895.97,paid
193,2026-07-04 10:14:00,100143,target-100143-1,,8312.76,paid
194,2026-07-26 17:24:00,100144,target-100144-1,,23046.7,paid
195,2026-07-17 02:26:00,100145,target-100145-1,,11440.65,completed
196,2026-07-06 13:37:00,100146,target-100146-1,,12517.18,paid
197,2026-07-14 05:11:00,100147,target-100147-1,,3429.36,completed
198,2026-07-18 14:04:00,100148,target-100148-1,,11120.42,paid
199,2026-07-03 12:51:00,100149,target-100149-1,,6753.18,paid
200,2026-07-04 14:01:00,100150,target-100150-1,,13846.05,completed
201,2026-07-11 17:01:00,100151,target-100151-1,,9344.06,completed
202,2026-07-11 17:29:00,100152,target-100152-1,,20116.72,completed
203,2026-07-04 10:29:00,100153,target-100153-1,,22560.4,paid
204,2026-07-16 08:54:00,100154,target-100154-1,,5071.02,paid
205,2026-07-08 07:00:00,100155,target-100155-1,,3334.65,completed
206,2026-07-05 04:22:00,100156,target-100156-1,,6822.02,paid
207,2026-07-10 11:27:00,100157,target-100157-1,,21350.72,paid
208,2026-07-07 02:41:00,100158,target-100158-1,,17445.01,completed
209,2026-07-24 09:17:00,100159,target-100159-1,,17168.57,paid
210,2026-07-05 20:26:00,100160,target-100160-1,,4927.81,paid
211,2026-07-17 04:13:00,100161,target-100161-1,,24421.28,completed
212,2026-07-01 14:31:00,100162,target-100162-1,,14400.44,paid
213,2026-07-22 17:07:00,100163,target-100163-1,,23743.12,completed
214,2026-07-05 18:30:00,100164,target-100164-1,,12637.14,completed
215,2026-07-27 05:04:00,100165,target-100165-1,,4807.67,paid
216,2026-07-17 09:36:00,100166,target-100166-1,,12891.26,completed
217,2026-07-25 03:22:00,100167,target-100167-1,,4798.33,completed
218,2026-07-19 06:27:00,100168,target-100168-1,,2395.87,paid
219,2026-07-28 07:47:00,100169,target-100169-1,,8845.08,paid
220,2026-07-18 07:26:00,100170,target-100170-1,,18385.34,completed
221,2026-07-06 03:45:00,100171,target-100171-1,,2765.64,paid
222,2026-07-13 12:43:00,100172,target-100172-1,,9496.65,paid
223,2026-07-12 10:23:00,100173,target-100173-1,,11179.03,paid
224,2026-07-20 10:20:00,100174,target-100174-1,,15603.91,completed
225,2026-07-19 10:21:00,100175,target-100175-1,,19375.06,paid
226,2026-07-11 20:00:00,100176,target-100176-1,,21333.83,completed
227,2026-07-21 14:51:00,100177,target-100177-1,,12283.22,paid
228,2026-07-02 14:52:00,100178,target-100178-1,,3771.59,paid
229,2026-07-28 06:05:00,100179,target-100179-1,,565.33,paid
230,2026-07-17 11:37:00,100180,target-100180-1,,6211.99,completed
231,2026-07-08 11:08:00,100181,target-100181-1,,14537.54,paid
232,2026-07-17 04:42:00,100182,target-100182-1,,22736.97,paid
233,2026-07-19 09:22:00,100183,target-100183-1,,23410,paid
234,2026-07-14 08:04:00,100184,target-100184-1,,1795.25,completed
235,2026-07-14 08:08:00,100185,target-100185-1,,4178.96,completed
236,2026-07-02 21:03:00,100186,target-100186-1,,11287.43,paid
237,2026-07-28 17:01:00,100187,target-100187-1,,23501.89,paid
238,2026-07-05 14:03:00,100188,target-100188-1,,7053.5,completed
239,2026-07-27 22:09:00,100189,target-100189-1,,10346.78,completed
240,2026-07-20 06:31:00,100190,target-100190-1,,19167.25,paid
241,2026-07-11 11:10:00,100191,target-100191-1,,9014.35,paid
242,2026-07-12 10:29:00,100192,target-100192-1,,19695.19,paid
243,2026-07-14 03:18:00,100193,target-100193-1,,14825.64,completed
244,2026-07-26 09:47:00,100194,target-100194-1,,22954.29,paid
245,2026-07-07 08:15:00,100195,target-100195-1,,4485.27,completed
246,2026-07-04 08:01:00,100196,target-100196-1,,9305.56,paid
247,2026-07-23 18:38:00,100197,target-100197-1,,2906,completed
248,2026-07-11 06:49:00,100198,target-100198-1,,4946,completed
249,2026-07-22 05:19:00,100199,target-100199-1,,24946.45,completed
250,2026-07-21 20:26:00,100200,target-100200-1,,17963.04,completed
251,2026-07-01 10:37:00,100201,target-100201-1,,24119.35,completed
252,2026-07-16 16:01:00,100202,target-100202-1,,19428.75,paid
253,2026-07-29 09:41:00,100203,target-100203-1,,13514.81,paid
254,2026-07-05 05:33:00,100204,target-100204-1,,21261.1,paid
255,2026-07-15 19:19:00,100205,target-100205-1,,17465.09,paid
256,2026-07-04 06:06:00,100206,target-100206-1,,7116.85,completed
257,2026-07-26 04:06:00,100207,target-100207-1,,8428.81,completed
258,2026-07-15 13:26:00,100208,target-100208-1,,3918.83,completed
259,2026-07-02 19:00:00,100209,target-100209-1,,24291.23,completed
260,2026-07-06 09:05:00,100210,target-100210-1,,587.2,completed
261,2026-07-16 02:19:00,100211,target-100211-1,,22927.13,paid
262,2026-07-19 21:47:00,100212,target-100212-1,,6778.15,completed
263,2026-07-14 08:49:00,100213,target-100213-1,,5113.7,paid
264,2026-07-29 12:40:00,100214,target-100214-1,,14288.4,completed
265,2026-07-24 07:15:00,100215,target-100215-1,,2021.54,paid
266,2026-07-29 14:08:00,100216,target-100216-1,,16740.78,paid
267,2026-07-28 14:44:00,100217,target-100217-1,,13644.64,paid
268,2026-07-01 21:31:00,100218,target-100218-1,,2489.15,completed
269,2026-07-08 07:10:00,100219,target-100219-1,,6124.09,paid
270,2026-07-06 03:53:00,100220,target-100220-1,,7032.58,completed
271,2026-07-26 10:19:00,100221,target-100221-1,,20326.85,completed
272,2026-07-11 06:54:00,100222,target-100222-1,,20271.57,completed
273,2026-07-17 05:43:00,100223,target-100223-1,,18835.32,completed
274,2026-07-02 06:35:00,100224,target-100224-1,,20391.1,completed
275,2026-07-11 10:27:00,100225,target-100225-1,,5212.18,paid
276,2026-07-08 06:42:00,100226,target-100226-1,,16910.94,completed
277,2026-07-10 13:27:00,100227,target-100227-1,,13828.1,paid
278,2026-07-27 06:58:00,100228,target-100228-1,,6000.49,completed
279,2026-07-07 19:36:00,100229,target-100229-1,,16633.41,paid
280,2026-07-29 03:50:00,100230,target-100230-1,,22294.45,completed
281,2026-07-13 11:19:00,100231,target-100231-1,,22897.69,paid
282,2026-07-29 12:38:00,100232,target-100232-1,,23034.44,completed
283,2026-07-18 12:40:00,100233,target-100233-1,,6822.17,completed
284,2026-07-26 07:50:00,100234,target-100234-1,,12359.17,paid
285,2026-07-21 07:04:00,100235,target-100235-1,,9719.99,paid
286,2026-07-15 21:57:00,100236,target-100236-1,,7345.6,paid
287,2026-07-06 03:39:00,100237,target-100237-1,,19106.17,paid
288,2026-07-17 21:57:00,100238,target-100238-1,,15911.84,completed
289,2026-07-08 12:24:00,100239,target-100239-1,,2768.2,completed
290,2026-07-05 10:03:00,100240,target-100240-1,,6340.04,paid
291,2026-07-01 03:59:00,100241,target-100241-1,,18238.79,paid
292,2026-07-20 22:09:00,100242,target-100242-1,,21096.69,completed
293,2026-07-24 18:29:00,100243,target-100243-1,,17777.27,completed
294,2026-07-09 06:05:00,100244,target-100244-1,,19629.03,completed
295,2026-07-10 15:00:00,100245,target-100245-1,,10934.4,completed
296,2026-07-29 04:53:00,100246,target-100246-1,,19270.57,completed
297,2026-07-25 01:58:00,100247,target-100247-1,,22578.97,completed
298,2026-07-14 01:25:00,100248,target-100248-1,,12502.93,completed
299,2026-07-14 20:42:00,100249,target-100249-1,,17209.26,paid
300,2026-07-14 20:51:00,100250,target-100250-1,,6201.62,completed
301,2026-07-16 20:43:00,100251,target-100251-1,,10665.69,paid
302,2026-07-15 02:11:00,100252,target-100252-1,,22165.21,completed
303,2026-07-27 04:33:00,100253,target-100253-1,,13491.96,completed
304,2026-07-22 10:54:00,100254,target-100254-1,,1208.83,paid
305,2026-07-25 07:41:00,100255,target-100255-1,,23742.13,completed
306,2026-07-10 18:05:00,100256,target-100256-1,,14835.77,completed
307,2026-07-24 10:27:00,100257,target-100257-1,,19622.95,paid
308,2026-07-28 12:38:00,100258,target-100258-1,,16098.4,paid
309,2026-07-22 17:22:00,100259,target-100259-1,,4103.27,completed
310,2026-07-10 08:33:00,100260,target-100260-1,,17472.91,paid
311,2026-07-22 16:11:00,100261,target-100261-1,,5666.71,paid
312,2026-07-14 13:34:00,100262,target-100262-1,,10384.39,completed
313,2026-07-13 04:17:00,100263,target-100263-1,,10590.09,paid
314,2026-07-26 07:55:00,100264,target-100264-1,,3687.61,completed
315,2026-07-02 10:27:00,100265,target-100265-1,,24061.78,paid
316,2026-07-18 11:46:00,100266,target-100266-1,,10213.37,completed
317,2026-07-20 02:07:00,100267,target-100267-1,,12878.87,paid
318,2026-07-04 19:00:00,100268,target-100268-1,,3553.75,paid
319,2026-07-04 21:55:00,100269,target-100269-1,,17928.14,paid
320,2026-07-18 10:30:00,100270,target-100270-1,,21077.95,completed
321,2026-07-02 05:38:00,100271,target-100271-1,,533.76,paid
322,2026-07-11 20:09:00,100272,target-100272-1,,21734.09,completed
323,2026-07-18 08:22:00,100273,target-100273-1,,5711.55,paid
324,2026-07-02 15:44:00,100274,target-100274-1,,7696.18,completed
325,2026-07-21 11:29:00,100275,target-100275-1,,7133.97,paid
326,2026-07-15 03:55:00,100276,target-100276-1,,7057.37,completed
327,2026-07-15 19:41:00,100277,target-100277-1,,13866.14,paid
328,2026-07-23 11:21:00,100278,target-100278-1,,2507.18,paid
329,2026-07-12 09:30:00,100279,target-100279-1,,22554.4,paid
330,2026-07-26 22:30:00,100280,target-100280-1,,21556.38,paid
331,2026-07-27 19:40:00,100281,target-100281-1,,12318.5,paid
332,2026-07-07 12:28:00,100282,target-100282-1,,19626.27,paid
333,2026-07-02 19:28:00,100283,target-100283-1,,16517.06,completed
334,2026-07-04 11:20:00,100284,target-100284-1,,9023.7,completed
335,2026-07-11 21:37:00,100285,target-100285-1,,11809.21,completed
336,2026-07-17 19:49:00,100286,target-100286-1,,20831.31,completed
337,2026-07-24 03:28:00,100287,target-100287-1,,1289.83,paid
338,2026-07-23 08:46:00,100288,target-100288-1,,6417.73,completed
339,2026-07-26 17:31:00,100289,target-100289-1,,23268.75,completed
340,2026-07-12 15:32:00,100290,target-100290-1,,13776.17,completed
341,2026-07-29 20:35:00,100291,target-100291-1,,13394,paid
342,2026-07-10 04:28:00,100292,target-100292-1,,7294.72,paid
343,2026-07-18 20:53:00,100293,target-100293-1,,13208.16,completed
344,2026-07-25 09:50:00,100294,target-100294-1,,21147.66,paid
345,2026-07-12 13:48:00,100295,target-100295-1,,19614.42,paid
346,2026-07-25 20:15:00,100296,target-100296-1,,4026.19,paid
347,2026-07-01 07:59:00,100297,target-100297-1,,961.98,completed
348,2026-07-12 13:50:00,100298,target-100298-1,,19571.3,paid
349,2026-07-07 11:27:00,100299,target-100299-1,,23179.49,completed
350,2026-07-04 22:20:00,100300,target-100300-1,,17530.1,paid
351,2026-07-08 13:44:00,100301,target-100301-1,,6666.88,completed
352,2026-07-17 11:12:00,100302,target-100302-1,,15617.12,completed
353,2026-07-13 16:41:00,100303,target-100303-1,,21600.3,completed
354,2026-07-16 18:10:00,100304,target-100304-1,,5042.94,completed
355,2026-07-07 06:48:00,100305,target-100305-1,,12817.2,completed
356,2026-07-09 19:54:00,100306,target-100306-1,,11296.19,paid
357,2026-07-27 05:11:00,100307,target-100307-1,,21674.47,paid
358,2026-07-16 16:27:00,100308,target-100308-1,,8680.65,paid
359,2026-07-26 11:02:00,100309,target-100309-1,,2094.12,completed
360,2026-07-22 20:47:00,100310,target-100310-1,,21221.86,paid
361,2026-07-26 18:52:00,100311,target-100311-1,,4195.01,completed
362,2026-07-04 20:23:00,100312,target-100312-1,,23051.33,completed
363,2026-07-04 15:54:00,100313,target-100313-1,,7417.99,paid
364,2026-07-18 09:26:00,100314,target-100314-1,,11830.21,completed
365,2026-07-05 15:37:00,100315,target-100315-1,,21801.61,completed
366,2026-07-05 18:35:00,100316,target-100316-1,,20890.76,paid
367,2026-07-12 17:03:00,100317,target-100317-1,,8564.68,completed
368,2026-07-25 05:03:00,100318,target-100318-1,,14645.91,paid
369,2026-07-26 07:27:00,100319,target-100319-1,,742.87,completed
370,2026-07-18 13:22:00,100320,target-100320-1,,15637.73,paid
371,2026-07-18 15:31:00,100321,target-100321-1,,9830.38,paid
372,2026-07-22 10:50:00,100322,target-100322-1,,23146.9,paid
373,2026-07-25 11:27:00,100323,target-100323-1,,8824.99,completed
374,2026-07-12 03:24:00,100324,target-100324-1,,24002.5,completed
375,2026-07-06 03:19:00,100325,target-100325-1,,6396.77,paid
376,2026-07-15 09:22:00,100326,target-100326-1,,1598.02,completed
377,2026-07-02 08:26:00,100327,target-100327-1,,11814.96,paid
378,2026-07-07 09:41:00,100328,target-100328-1,,4926.45,paid
379,2026-07-24 15:30:00,100329,target-100329-1,,24642.79,paid
380,2026-07-23 15:59:00,100330,target-100330-1,,12733.18,paid
381,2026-07-03 12:02:00,100331,target-100331-1,,20934.37,completed
382,2026-07-20 16:04:00,100332,target-100332-1,,19247.94,completed
383,2026-07-19 13:57:00,100333,target-100333-1,,17041.3,completed
384,2026-07-26 00:32:00,100334,target-100334-1,,17034.58,paid
385,2026-07-23 13:19:00,100335,target-100335-1,,13569.43,completed
386,2026-07-26 05:09:00,100336,target-100336-1,,1616.12,completed
387,2026-07-03 04:43:00,100337,target-100337-1,,4523.99,paid
388,2026-07-23 11:52:00,100338,target-100338-1,,19573.23,paid
389,2026-07-13 12:29:00,100339,target-100339-1,,10756.54,completed
390,2026-07-01 06:39:00,100340,target-100340-1,,10445.55,paid
391,2026-07-16 14:21:00,100341,target-100341-1,,13505.75,completed
392,2026-07-18 05:57:00,100342,target-100342-1,,9197.11,completed
393,2026-07-08 09:38:00,100343,target-100343-1,,20395.37,paid
394,2026-07-08 21:42:00,100344,target-100344-1,,12673.44,paid
395,2026-07-13 13:07:00,100345,target-100345-1,,23007.8,completed
396,2026-07-09 05:42:00,100346,target-100346-1,,7533.03,completed
397,2026-07-16 20:59:00,100347,target-100347-1,,7126.6,paid
398,2026-07-13 21:18:00,100348,target-100348-1,,487.11,paid
399,2026-07-19 11:22:00,100349,target-100349-1,,11730.31,completed
400,2026-07-26 06:29:00,100350,target-100350-1,,1997.87,completed
401,2026-07-09 03:45:00,100351,target-100351-1,,11774.94,completed
402,2026-07-14 06:35:00,100352,target-100352-1,,21227.17,completed
403,2026-07-22 07:41:00,100353,target-100353-1,,13706.84,paid
404,2026-07-05 11:57:00,100354,target-100354-1,,10333.25,completed
405,2026-07-06 04:25:00,100355,target-100355-1,,11535.28,paid
406,2026-07-05 03:54:00,100356,target-100356-1,,11448.48,paid
407,2026-07-09 04:21:00,100357,target-100357-1,,4811.69,paid
408,2026-07-12 20:11:00,100358,target-100358-1,,14211.1,completed
409,2026-07-01 13:01:00,100359,target-100359-1,,11871.87,paid
410,2026-07-28 12:17:00,100360,target-100360-1,,16922.25,completed
411,2026-07-06 22:35:00,100361,target-100361-1,,10682.3,completed
412,2026-07-09 13:56:00,100362,target-100362-1,,4728.42,completed
413,2026-07-11 11:00:00,100363,target-100363-1,,10983.75,completed
414,2026-07-15 14:35:00,100364,target-100364-1,,1686.97,paid
415,2026-07-13 19:18:00,100365,target-100365-1,,19751.54,paid
416,2026-07-25 20:15:00,100366,target-100366-1,,18363.21,paid
417,2026-07-16 02:06:00,100367,target-100367-1,,3295.42,completed
418,2026-07-27 04:52:00,100368,target-100368-1,,20502.19,completed
419,2026-07-07 05:52:00,100369,target-100369-1,,7543.05,paid
420,2026-07-18 09:40:00,100370,target-100370-1,,14591.53,completed
421,2026-07-29 02:53:00,100371,target-100371-1,,12772.43,completed
422,2026-07-15 15:04:00,100372,target-100372-1,,4639.31,completed
423,2026-07-26 14:09:00,100373,target-100373-1,,3197.53,completed
424,2026-07-27 19:00:00,100374,target-100374-1,,3445.51,completed
425,2026-07-19 13:09:00,100375,target-100375-1,,7734.82,completed
426,2026-07-01 16:08:00,100376,target-100376-1,,15787.83,paid
427,2026-07-22 07:39:00,100377,target-100377-1,,14567.67,completed
428,2026-07-24 15:45:00,100378,target-100378-1,,18375.03,paid
429,2026-07-23 19:20:00,100379,target-100379-1,,19415.08,completed
430,2026-07-01 05:05:00,100380,target-100380-1,,3391.71,paid
431,2026-07-08 14:21:00,100381,target-100381-1,,11627.08,completed
432,2026-07-29 15:07:00,100382,target-100382-1,,12957.27,paid
433,2026-07-27 18:32:00,100383,target-100383-1,,4175.64,completed
434,2026-07-01 07:38:00,100384,target-100384-1,,11065.53,completed
435,2026-07-14 14:15:00,100385,target-100385-1,,8463.23,paid
436,2026-07-22 13:36:00,100386,target-100386-1,,12073.95,completed
437,2026-07-21 20:55:00,100387,target-100387-1,,16048.55,paid
438,2026-07-06 23:10:00,100388,target-100388-1,,21390.09,paid
439,2026-07-05 11:57:00,100389,target-100389-1,,13779.08,paid
440,2026-07-24 04:48:00,100390,target-100390-1,,2791.53,paid
441,2026-07-22 12:54:00,100391,target-100391-1,,641.05,paid
442,2026-07-14 13:07:00,100392,target-100392-1,,13761.91,completed
443,2026-07-09 16:03:00,100393,target-100393-1,,18727.45,paid
444,2026-07-22 21:50:00,100394,target-100394-1,,24530.59,paid
445,2026-07-11 03:05:00,100395,target-100395-1,,12621.02,completed
446,2026-07-03 17:28:00,100396,target-100396-1,,11543.74,paid
447,2026-07-13 13:37:00,100397,target-100397-1,,23276.46,completed
448,2026-07-27 16:56:00,100398,target-100398-1,,16805.44,paid
449,2026-07-18 04:56:00,100399,target-100399-1,,15743.3,completed
450,2026-07-16 11:10:00,100400,target-100400-1,,10014.16,completed
451,2026-07-17 13:28:00,100401,target-100401-1,,22545.03,paid
452,2026-07-07 13:42:00,100402,target-100402-1,,1200.85,paid
453,2026-07-02 13:15:00,100403,target-100403-1,,6466.64,paid
454,2026-07-12 06:44:00,100404,target-100404-1,,13632.63,completed
455,2026-07-24 08:36:00,100405,target-100405-1,,15797.02,completed
456,2026-07-04 18:11:00,100406,target-100406-1,,5128.46,completed
457,2026-07-26 17:15:00,100407,target-100407-1,,623.92,paid
458,2026-07-20 16:20:00,100408,target-100408-1,,8296.53,completed
459,2026-07-23 18:21:00,100409,target-100409-1,,24431.22,completed
460,2026-07-19 18:43:00,100410,target-100410-1,,23654.85,completed
461,2026-07-19 08:15:00,100411,target-100411-1,,19138.73,completed
462,2026-07-15 21:04:00,100412,target-100412-1,,1612.74,completed
463,2026-07-14 20:49:00,100413,target-100413-1,,19392.61,paid
464,2026-07-25 05:51:00,100414,target-100414-1,,19190.89,paid
465,2026-07-16 08:42:00,100415,target-100415-1,,11227.64,paid
466,2026-07-11 13:24:00,100416,target-100416-1,,4172.45,paid
467,2026-07-15 07:51:00,100417,target-100417-1,,7562.76,completed
468,2026-07-14 23:15:00,100418,target-100418-1,,10651.31,completed
469,2026-07-23 07:15:00,100419,target-100419-1,,11026.58,completed
470,2026-07-15 20:10:00,100420,target-100420-1,,14389.3,completed
471,2026-07-13 19:44:00,100421,target-100421-1,,890.1,completed
472,2026-07-29 09:01:00,100422,target-100422-1,,5147.46,paid
473,2026-07-05 06:36:00,100423,target-100423-1,,433.3,paid
474,2026-07-18 02:29:00,100424,target-100424-1,,16749.22,paid
475,2026-07-12 18:23:00,100425,target-100425-1,,8265.43,completed
476,2026-07-15 18:27:00,100426,target-100426-1,,8687.28,completed
477,2026-07-19 22:06:00,100427,target-100427-1,,4022.95,completed
478,2026-07-23 12:13:00,100428,target-100428-1,,6514.89,paid
479,2026-07-10 03:56:00,100429,target-100429-1,,6471.35,paid
480,2026-07-06 10:34:00,100430,target-100430-1,,4763.49,paid
481,2026-07-08 14:18:00,100431,target-100431-1,,11690.11,paid
482,2026-07-02 14:55:00,100432,target-100432-1,,24586.1,paid
483,2026-07-19 20:00:00,100433,target-100433-1,,14016.88,paid
484,2026-07-07 05:24:00,100434,target-100434-1,,15675.26,completed
485,2026-07-10 04:46:00,100435,target-100435-1,,15731.58,completed
486,2026-07-15 18:57:00,100436,target-100436-1,,22114.39,paid
487,2026-07-12 14:54:00,100437,target-100437-1,,2868.31,paid
488,2026-07-07 20:51:00,100438,target-100438-1,,23429.35,paid
489,2026-07-27 18:43:00,100439,target-100439-1,,15452.32,paid
490,2026-07-04 17:20:00,100440,target-100440-1,,1020.82,completed
491,2026-07-12 16:26:00,100441,target-100441-1,,6741.49,paid
492,2026-07-24 02:06:00,100442,target-100442-1,,11239.91,paid
493,2026-07-14 11:36:00,100443,target-100443-1,,9309.1,completed
494,2026-07-09 21:17:00,100444,target-100444-1,,4117.37,completed
495,2026-07-01 10:49:00,100445,target-100445-1,,23399.93,completed
496,2026-07-15 11:09:00,100446,target-100446-1,,7352.6,completed
497,2026-07-19 19:26:00,100447,target-100447-1,,17952.83,completed
498,2026-07-08 17:08:00,100448,target-100448-1,,23133.05,paid
499,2026-07-17 06:06:00,100449,target-100449-1,,15329.22,paid
500,2026-07-14 06:10:00,100450,target-100450-1,,9658.6,completed
501,2026-07-02 16:30:00,100451,target-100451-1,,13665.48,paid
502,2026-07-16 04:14:00,100452,target-100452-1,,2371.55,completed
503,2026-07-16 21:18:00,100453,target-100453-1,,4091.11,completed
504,2026-07-09 12:34:00,100454,target-100454-1,,15657.87,completed
505,2026-07-16 05:31:00,100455,target-100455-1,,14195.5,completed
506,2026-07-16 18:44:00,100456,target-100456-1,,11609.38,completed
507,2026-07-12 12:43:00,100457,target-100457-1,,18549.68,completed
508,2026-07-05 14:17:00,100458,target-100458-1,,18170.08,completed
509,2026-07-24 10:32:00,100459,target-100459-1,,11158.74,completed
510,2026-07-29 08:28:00,100460,target-100460-1,,10188.82,paid
511,2026-07-18 11:03:00,100461,target-100461-1,,2482.09,paid
512,2026-07-17 14:44:00,100462,target-100462-1,,8755.18,completed
513,2026-07-06 18:55:00,100463,target-100463-1,,1297.07,completed
514,2026-07-13 16:04:00,100464,target-100464-1,,22111.78,paid
515,2026-07-15 18:49:00,100465,target-100465-1,,16800.73,paid
516,2026-07-13 03:13:00,100466,target-100466-1,,21998.35,completed
517,2026-07-18 14:41:00,100467,target-100467-1,,18035.11,completed
518,2026-07-06 19:43:00,100468,target-100468-1,,14631.32,paid
519,2026-07-04 08:21:00,100469,target-100469-1,,17759.52,completed
520,2026-07-08 08:41:00,100470,target-100470-1,,22249.22,completed
521,2026-07-24 16:21:00,100471,target-100471-1,,4831.44,completed
522,2026-07-21 05:50:00,100472,target-100472-1,,22072.99,completed
523,2026-07-03 15:24:00,100473,target-100473-1,,16203.4,completed
524,2026-07-06 14:57:00,100474,target-100474-1,,21322.86,paid
525,2026-07-14 02:50:00,100475,target-100475-1,,17692.56,completed
526,2026-07-17 15:25:00,100476,target-100476-1,,8229.05,paid
527,2026-07-01 16:48:00,100477,target-100477-1,,5813.25,completed
528,2026-07-02 16:49:00,100478,target-100478-1,,8914.21,completed
529,2026-07-20 10:11:00,100479,target-100479-1,,21168.32,completed
530,2026-07-25 09:04:00,100480,target-100480-1,,12218.95,completed
531,2026-07-08 20:50:00,100481,target-100481-1,,6322.26,paid
532,2026-07-15 02:55:00,100482,target-100482-1,,21820.43,completed
533,2026-07-28 10:55:00,100483,target-100483-1,,24140.64,completed
534,2026-07-15 10:56:00,100484,target-100484-1,,20893.3,completed
535,2026-07-14 04:52:00,100485,target-100485-1,,8574.61,paid
536,2026-07-23 19:15:00,100486,target-100486-1,,24012.49,completed
537,2026-07-26 14:27:00,100487,target-100487-1,,8028.08,paid
538,2026-07-07 05:23:00,100488,target-100488-1,,23308.97,paid
539,2026-07-08 10:59:00,100489,target-100489-1,,14662.77,completed
540,2026-07-15 08:11:00,100490,target-100490-1,,13709.83,completed
541,2026-07-26 21:33:00,100491,target-100491-1,,12793.56,completed
542,2026-07-23 16:43:00,100492,target-100492-1,,13682.57,paid
543,2026-07-17 04:56:00,100493,target-100493-1,,24238.01,completed
544,2026-07-09 11:54:00,100494,target-100494-1,,11435.11,completed
545,2026-07-27 07:20:00,100495,target-100495-1,,23988.81,completed
546,2026-07-02 06:45:00,100496,target-100496-1,,1310.36,paid
547,2026-07-21 13:08:00,100497,target-100497-1,,7225.7,completed
548,2026-07-25 06:48:00,100498,target-100498-1,,22139.14,paid
549,2026-07-10 08:20:00,100499,target-100499-1,,20457.49,completed
550,2026-07-21 07:28:00,100500,target-100500-1,,19279.59,completed
551,2026-07-16 13:40:00,100501,target-100501-1,,19917.94,completed
552,2026-07-12 18:52:00,100502,target-100502-1,,13582,completed
553,2026-07-03 05:22:00,100503,target-100503-1,,3971.42,completed
554,2026-07-05 09:50:00,100504,target-100504-1,,13937.52,completed
555,2026-07-20 07:39:00,100505,target-100505-1,,22726.4,paid
556,2026-07-19 02:05:00,100506,target-100506-1,,19520.58,paid
557,2026-07-14 15:36:00,100507,target-100507-1,,23967.06,paid
558,2026-07-26 14:25:00,100508,target-100508-1,,16267.39,completed
559,2026-07-25 18:06:00,100509,target-100509-1,,16382.64,completed
560,2026-07-13 14:00:00,100510,target-100510-1,,9039.09,paid
561,2026-07-16 04:21:00,100511,target-100511-1,,17710.67,completed
562,2026-07-25 14:58:00,100512,target-100512-1,,3176.97,paid
563,2026-07-29 04:58:00,100513,target-100513-1,,24629.6,paid
564,2026-07-07 07:40:00,100514,target-100514-1,,15444.23,completed
565,2026-07-23 03:42:00,100515,target-100515-1,,2919.67,paid
566,2026-07-17 20:56:00,100516,target-100516-1,,11541.12,paid
567,2026-07-09 12:33:00,100517,target-100517-1,,2105.42,paid
568,2026-07-25 08:05:00,100518,target-100518-1,,733.41,completed
569,2026-07-23 06:28:00,100519,target-100519-1,,803.14,completed
570,2026-07-09 11:58:00,100520,target-100520-1,,5209.61,completed
571,2026-07-04 18:07:00,100521,target-100521-1,,17262.48,paid
572,2026-07-09 07:10:00,100522,target-100522-1,,3098.53,paid
573,2026-07-04 04:18:00,100523,target-100523-1,,12029.45,completed
574,2026-07-18 19:17:00,100524,target-100524-1,,19403.45,paid
575,2026-07-28 07:58:00,100525,target-100525-1,,938.36,completed
576,2026-07-27 18:12:00,100526,target-100526-1,,6238.4,paid
577,2026-07-11 12:32:00,100527,target-100527-1,,1290.79,paid
578,2026-07-09 09:34:00,100528,target-100528-1,,23105.75,paid
579,2026-07-03 15:47:00,100529,target-100529-1,,2031.36,paid
580,2026-07-23 08:21:00,100530,target-100530-1,,5295.63,paid
581,2026-07-29 15:54:00,100531,target-100531-1,,22059.62,paid
582,2026-07-12 20:47:00,100532,target-100532-1,,10512.17,completed
583,2026-07-05 02:50:00,100533,target-100533-1,,8087.26,completed
584,2026-07-07 10:32:00,100534,target-100534-1,,1537.3,completed
585,2026-07-26 22:22:00,100535,target-100535-1,,7027.05,paid
586,2026-07-02 14:53:00,100536,target-100536-1,,560.6,completed
587,2026-07-16 03:16:00,100537,target-100537-1,,4086.39,paid
588,2026-07-08 16:55:00,100538,target-100538-1,,16965.67,completed
589,2026-07-21 17:00:00,100539,target-100539-1,,7885.76,paid
590,2026-07-13 04:55:00,100540,target-100540-1,,2480,paid
591,2026-07-11 03:16:00,100541,target-100541-1,,2006.81,completed
592,2026-07-05 06:44:00,100542,target-100542-1,,19874.74,paid
593,2026-07-26 17:08:00,100543,target-100543-1,,16707.26,completed
594,2026-07-28 13:28:00,100544,target-100544-1,,11098.84,completed
595,2026-07-03 17:38:00,100545,target-100545-1,,16684.34,completed
596,2026-07-09 17:58:00,100546,target-100546-1,,5628.75,paid
597,2026-07-06 01:50:00,100547,target-100547-1,,15797.18,paid
598,2026-07-09 15:36:00,100548,target-100548-1,,6464.86,paid
599,2026-07-20 16:46:00,100549,target-100549-1,,4587.24,completed
600,2026-07-10 12:17:00,100550,target-100550-1,,20133.9,completed
601,2026-07-06 11:18:00,100551,target-100551-1,,16967.26,completed
602,2026-07-11 06:21:00,100552,target-100552-1,,19240.78,completed
603,2026-07-21 12:10:00,100553,target-100553-1,,9271,completed
604,2026-07-01 11:08:00,100554,target-100554-1,,2755.99,paid
605,2026-07-07 21:40:00,100555,target-100555-1,,21345.04,paid
606,2026-07-09 03:11:00,100556,target-100556-1,,2708.9,paid
607,2026-07-16 05:39:00,100557,target-100557-1,,9323.14,paid
608,2026-07-29 09:15:00,100558,target-100558-1,,11994.32,paid
609,2026-07-10 08:03:00,100559,target-100559-1,,11304.37,completed
610,2026-07-04 18:29:00,100560,target-100560-1,,20552.46,paid
611,2026-07-12 08:46:00,100561,target-100561-1,,5195.23,paid
612,2026-07-25 14:29:00,100562,target-100562-1,,13627.33,completed
613,2026-07-27 15:23:00,100563,target-100563-1,,6902.02,paid
614,2026-07-26 12:35:00,100564,target-100564-1,,1417.68,completed
615,2026-07-13 09:01:00,100565,target-100565-1,,15491.28,completed
616,2026-07-10 10:19:00,100566,target-100566-1,,9860.4,paid
617,2026-07-10 12:18:00,100567,target-100567-1,,15382.16,paid
618,2026-07-03 14:03:00,100568,target-100568-1,,20295.88,completed
619,2026-07-10 14:41:00,100569,target-100569-1,,2069.14,paid
620,2026-07-26 16:47:00,100570,target-100570-1,,24595.24,paid
621,2026-07-26 20:56:00,100571,target-100571-1,,1973.53,completed
622,2026-07-02 07:37:00,100572,target-100572-1,,4666.02,paid
623,2026-07-21 06:37:00,100573,target-100573-1,,5234.74,paid
624,2026-07-03 01:03:00,100574,target-100574-1,,8238.94,completed
625,2026-07-03 10:11:00,100575,target-100575-1,,12101.16,completed
626,2026-07-19 01:31:00,100576,target-100576-1,,4698.69,completed
627,2026-07-27 21:54:00,100577,target-100577-1,,7061.85,paid
628,2026-07-15 02:27:00,100578,target-100578-1,,19044.1,completed
629,2026-07-17 02:29:00,100579,target-100579-1,,18292.48,paid
630,2026-07-19 08:38:00,100580,target-100580-1,,21917.98,paid
631,2026-07-11 06:07:00,100581,target-100581-1,,21769.63,paid
632,2026-07-11 04:13:00,100582,target-100582-1,,10063.07,paid
633,2026-07-22 02:28:00,100583,target-100583-1,,22997.35,paid
634,2026-07-04 06:08:00,100584,target-100584-1,,14204.87,paid
635,2026-07-13 11:31:00,100585,target-100585-1,,1786.41,paid
636,2026-07-10 13:50:00,100586,target-100586-1,,3234.71,completed
637,2026-07-27 14:41:00,100587,target-100587-1,,6630.33,completed
638,2026-07-18 22:03:00,100588,target-100588-1,,24105.2,paid
639,2026-07-15 20:05:00,100589,target-100589-1,,24033.73,completed
640,2026-07-25 19:20:00,100590,target-100590-1,,11427.28,paid
641,2026-07-20 13:45:00,100591,target-100591-1,,12331.93,completed
642,2026-07-28 03:36:00,100592,target-100592-1,,4171.18,completed
643,2026-07-27 06:16:00,100593,target-100593-1,,22766.25,completed
644,2026-07-03 17:33:00,100594,target-100594-1,,23830.03,paid
645,2026-07-15 18:54:00,100595,target-100595-1,,22958.82,paid
646,2026-07-10 09:14:00,100596,target-100596-1,,7397.63,paid
647,2026-07-23 07:00:00,100597,target-100597-1,,24813.58,completed
648,2026-07-02 15:30:00,100598,target-100598-1,,22064.92,completed
649,2026-07-15 23:17:00,100599,target-100599-1,,17234.26,completed
650,2026-07-21 21:51:00,100600,target-100600-1,,15825.4,paid
651,2026-07-27 10:20:00,100601,target-100601-1,,14982.21,completed
652,2026-07-15 07:42:00,100602,target-100602-1,,19947.56,paid
653,2026-07-03 16:22:00,100603,target-100603-1,,15647.4,paid
654,2026-07-25 07:19:00,100604,target-100604-1,,14664.72,paid
655,2026-07-13 19:48:00,100605,target-100605-1,,3580.97,paid
656,2026-07-21 22:08:00,100606,target-100606-1,,20627.11,paid
657,2026-07-26 18:32:00,100607,target-100607-1,,5567.27,completed
658,2026-07-26 12:01:00,100608,target-100608-1,,11957.8,paid
659,2026-07-22 20:40:00,100609,target-100609-1,,17081.41,completed
660,2026-07-16 01:46:00,100610,target-100610-1,,23971.45,completed
661,2026-07-28 13:13:00,100611,target-100611-1,,6720.32,paid
662,2026-07-21 07:16:00,100612,target-100612-1,,8741.21,paid
663,2026-07-16 10:21:00,100613,target-100613-1,,16566.42,completed
664,2026-07-15 13:41:00,100614,target-100614-1,,11030.73,completed
665,2026-07-16 03:47:00,100615,target-100615-1,,21488.38,paid
666,2026-07-04 17:27:00,100616,target-100616-1,,5088.39,completed
667,2026-07-23 08:07:00,100617,target-100617-1,,11280.21,paid
668,2026-07-21 19:56:00,100618,target-100618-1,,19847.56,completed
669,2026-07-11 20:48:00,100619,target-100619-1,,24143.99,paid
670,2026-07-28 06:05:00,100620,target-100620-1,,12262.37,completed
671,2026-07-05 04:17:00,100621,target-100621-1,,5917.9,completed
672,2026-07-11 12:22:00,100622,target-100622-1,,937.3,completed
673,2026-07-03 15:12:00,100623,target-100623-1,,6142.06,completed
674,2026-07-16 16:18:00,100624,target-100624-1,,9031,paid
675,2026-07-12 13:16:00,100625,target-100625-1,,20995.43,paid
676,2026-07-12 20:31:00,100626,target-100626-1,,2057.46,completed
677,2026-07-25 07:57:00,100627,target-100627-1,,17476.63,completed
678,2026-07-11 00:46:00,100628,target-100628-1,,17063.19,paid
679,2026-07-22 05:39:00,100629,target-100629-1,,23122.48,paid
680,2026-07-24 16:09:00,100630,target-100630-1,,7279.39,paid
681,2026-07-04 14:02:00,100631,target-100631-1,,24106.51,completed
682,2026-07-16 10:02:00,100632,target-100632-1,,17658.36,completed
683,2026-07-26 20:06:00,100633,target-100633-1,,14043.53,paid
684,2026-07-10 12:33:00,100634,target-100634-1,,18546.72,completed
685,2026-07-03 13:16:00,100635,target-100635-1,,16922.84,completed
686,2026-07-17 03:15:00,100636,target-100636-1,,4834.41,paid
687,2026-07-22 22:21:00,100637,target-100637-1,,1831.18,completed
688,2026-07-22 12:06:00,100638,target-100638-1,,23084.44,paid
689,2026-07-15 05:57:00,100639,target-100639-1,,21879.43,paid
690,2026-07-21 06:15:00,100640,target-100640-1,,19004.87,completed
691,2026-07-20 11:40:00,100641,target-100641-1,,15064.11,paid
692,2026-07-27 08:16:00,100642,target-100642-1,,9357.27,completed
693,2026-07-05 12:38:00,100643,target-100643-1,,14335.99,completed
694,2026-07-01 11:05:00,100644,target-100644-1,,22097.25,paid
695,2026-07-23 17:37:00,100645,target-100645-1,,21456.54,paid
696,2026-07-03 07:24:00,100646,target-100646-1,,4840.95,paid
697,2026-07-21 17:41:00,100647,target-100647-1,,16192.86,completed
698,2026-07-23 15:33:00,100648,target-100648-1,,16615.75,paid
699,2026-07-21 18:09:00,100649,target-100649-1,,9029.15,completed
700,2026-07-09 04:32:00,100650,target-100650-1,,12977.31,completed
701,2026-07-26 12:12:00,100651,target-100651-1,,8548.99,completed
702,2026-07-11 09:12:00,100652,target-100652-1,,14890.56,paid
703,2026-07-13 07:37:00,100653,target-100653-1,,11959.27,paid
704,2026-07-21 08:28:00,100654,target-100654-1,,14260.89,paid
705,2026-07-05 11:24:00,100655,target-100655-1,,23502.85,completed
706,2026-07-20 04:45:00,100656,target-100656-1,,23618.34,paid
707,2026-07-06 08:56:00,100657,target-100657-1,,16137.46,paid
708,2026-07-24 14:45:00,100658,target-100658-1,,20322.76,paid
709,2026-07-28 18:48:00,100659,target-100659-1,,14671.83,paid
710,2026-07-28 00:58:00,100660,target-100660-1,,11002.68,paid
711,2026-07-22 18:30:00,100661,target-100661-1,,5125.81,completed
712,2026-07-10 16:39:00,100662,target-100662-1,,11758.16,completed
713,2026-07-07 20:50:00,100663,target-100663-1,,17094.73,paid
714,2026-07-06 15:15:00,100664,target-100664-1,,14023.15,paid
715,2026-07-11 12:18:00,100665,target-100665-1,,15598.82,completed
716,2026-07-15 07:46:00,100666,target-100666-1,,1864.35,completed
717,2026-07-13 10:43:00,100667,target-100667-1,,1299.87,completed
718,2026-07-07 10:19:00,100668,target-100668-1,,18254.94,paid
719,2026-07-22 12:17:00,100669,target-100669-1,,16184.95,completed
720,2026-07-15 18:06:00,100670,target-100670-1,,3799.14,paid
721,2026-07-16 14:44:00,100671,target-100671-1,,4273.28,paid
722,2026-07-09 03:20:00,100672,target-100672-1,,24107.12,paid
723,2026-07-13 02:31:00,100673,target-100673-1,,2810.61,paid
724,2026-07-16 02:45:00,100674,target-100674-1,,13631.98,completed
725,2026-07-23 20:04:00,100675,target-100675-1,,24151.34,paid
726,2026-07-17 06:30:00,100676,target-100676-1,,3593.48,paid
727,2026-07-16 23:37:00,100677,target-100677-1,,16170.72,paid
728,2026-07-03 09:29:00,100678,target-100678-1,,8246.32,completed
729,2026-07-18 16:59:00,100679,target-100679-1,,19382.54,paid
730,2026-07-19 10:19:00,100680,target-100680-1,,7723.77,paid
731,2026-07-13 16:04:00,100681,target-100681-1,,20422.29,completed
732,2026-07-17 01:19:00,100682,target-100682-1,,11190.84,completed
733,2026-07-25 12:40:00,100683,target-100683-1,,12105.25,paid
734,2026-07-10 19:20:00,100684,target-100684-1,,4515.27,paid
735,2026-07-19 09:47:00,100685,target-100685-1,,2565.86,completed
736,2026-07-18 22:33:00,100686,target-100686-1,,23566.87,paid
737,2026-07-15 04:20:00,100687,target-100687-1,,5706.74,completed
738,2026-07-13 17:21:00,100688,target-100688-1,,12159.77,completed
739,2026-07-16 11:36:00,100689,target-100689-1,,14293.14,paid
740,2026-07-20 09:54:00,100690,target-100690-1,,23344.81,completed
741,2026-07-13 19:07:00,100691,target-100691-1,,1520.73,completed
742,2026-07-26 12:50:00,100692,target-100692-1,,4742.28,completed
743,2026-07-14 15:15:00,100693,target-100693-1,,20480.69,completed
744,2026-07-09 15:02:00,100694,target-100694-1,,17174.18,paid
745,2026-07-16 07:02:00,100695,target-100695-1,,18815.94,completed
746,2026-07-10 15:12:00,100696,target-100696-1,,8956.62,paid
747,2026-07-20 09:15:00,100697,target-100697-1,,17289.7,completed
748,2026-07-26 10:57:00,100698,target-100698-1,,3379.62,paid
749,2026-07-20 07:18:00,100699,target-100699-1,,11053.5,paid
750,2026-07-20 02:54:00,100700,target-100700-1,,2745.32,paid
751,2026-07-01 08:15:00,100901,edge-order_before_promo-000,,5852.16,paid
752,2026-07-02 09:15:00,100902,edge-order_before_promo-001,,16087.66,paid
753,2026-07-03 10:15:00,100903,edge-order_before_promo-002,,21187.66,paid
754,2026-07-04 11:15:00,100904,edge-order_before_promo-003,,877.03,paid
755,2026-07-05 12:15:00,100905,edge-order_before_promo-004,,1617.1,paid
756,2026-07-06 13:15:00,100906,edge-order_before_promo-005,,2985.34,paid
757,2026-07-07 14:15:00,100907,edge-order_before_promo-006,,7227.89,paid
758,2026-07-08 15:15:00,100908,edge-order_before_promo-007,,711.31,paid
759,2026-07-09 08:15:00,100909,edge-order_before_promo-008,,991.02,paid
760,2026-07-10 09:15:00,100910,edge-order_before_promo-009,,10580.83,paid
761,2026-07-11 10:15:00,100911,edge-order_before_promo-010,,16773.37,paid
762,2026-07-12 11:15:00,100912,edge-order_before_promo-011,,8881.53,paid
763,2026-07-13 12:15:00,100913,edge-order_before_promo-012,,7153.11,paid
764,2026-07-14 13:15:00,100914,edge-order_before_promo-013,,14592.53,paid
765,2026-07-15 14:15:00,100915,edge-order_before_promo-014,,15839.65,paid
766,2026-07-16 15:15:00,100916,edge-order_before_promo-015,,2726.63,paid
767,2026-07-17 08:15:00,100917,edge-order_before_promo-016,,11414.67,paid
768,2026-07-18 09:15:00,100918,edge-order_before_promo-017,,15477.87,paid
769,2026-07-19 10:15:00,100919,edge-order_before_promo-018,,24601.23,paid
770,2026-07-20 11:15:00,100920,edge-order_before_promo-019,,20457.49,paid
771,2026-07-21 12:15:00,100921,edge-order_before_promo-020,,6253.45,paid
772,2026-07-22 13:15:00,100922,edge-order_before_promo-021,,12432.47,paid
773,2026-07-23 14:15:00,100923,edge-order_before_promo-022,,24149.68,paid
774,2026-07-24 15:15:00,100924,edge-order_before_promo-023,,3290.68,paid
775,2026-07-25 08:15:00,100925,edge-order_before_promo-024,,24204.62,paid
776,2026-07-26 09:15:00,100926,edge-order_before_promo-025,,6643.37,paid
777,2026-07-27 10:15:00,100927,edge-order_before_promo-026,,24675.7,paid
778,2026-07-28 11:15:00,100928,edge-order_before_promo-027,,15338.89,paid
779,2026-07-01 12:15:00,100929,edge-order_before_promo-028,,9896.13,paid
780,2026-07-02 13:15:00,100930,edge-order_before_promo-029,,6872.54,paid
781,2026-07-03 14:15:00,100931,edge-order_before_promo-030,,1351.51,paid
782,2026-07-04 15:15:00,100932,edge-order_before_promo-031,,5023.14,paid
783,2026-07-05 08:15:00,100933,edge-order_before_promo-032,,6455.42,paid
784,2026-07-06 09:15:00,100934,edge-order_before_promo-033,,3406.06,paid
785,2026-07-07 10:15:00,100935,edge-order_before_promo-034,,7308.56,paid
786,2026-07-08 11:15:00,100936,edge-order_before_promo-035,,13915.28,paid
787,2026-07-09 12:15:00,100937,edge-order_before_promo-036,,12864.45,paid
788,2026-07-10 13:15:00,100938,edge-order_before_promo-037,,19690.62,paid
789,2026-07-11 14:15:00,100939,edge-order_before_promo-038,,23909.18,paid
790,2026-07-12 15:15:00,100940,edge-order_before_promo-039,,19734.55,paid
791,2026-07-13 08:15:00,100941,edge-order_before_promo-040,,8871.2,paid
792,2026-07-14 09:15:00,100942,edge-order_before_promo-041,,4140.25,paid
793,2026-07-15 10:15:00,100943,edge-order_before_promo-042,,13072.62,paid
794,2026-07-16 11:15:00,100944,edge-order_before_promo-043,,555.84,paid
795,2026-07-17 12:15:00,100945,edge-order_before_promo-044,,20610.03,paid
796,2026-07-18 13:15:00,100946,edge-order_before_promo-045,,10369.89,paid
797,2026-07-19 14:15:00,100947,edge-order_before_promo-046,,8744.47,paid
798,2026-07-20 15:15:00,100948,edge-order_before_promo-047,,11230.98,paid
799,2026-07-21 08:15:00,100949,edge-order_before_promo-048,,16346.26,paid
800,2026-07-22 09:15:00,100950,edge-order_before_promo-049,,18781.4,paid
801,2026-07-23 10:15:00,100951,edge-order_before_promo-050,,16426.12,paid
802,2026-07-24 11:15:00,100952,edge-order_before_promo-051,,18977.64,paid
803,2026-07-25 12:15:00,100953,edge-order_before_promo-052,,20339.74,paid
804,2026-07-26 13:15:00,100954,edge-order_before_promo-053,,15521.49,paid
805,2026-07-27 14:15:00,100955,edge-order_before_promo-054,,17559.14,paid
806,2026-07-28 15:15:00,100956,edge-order_before_promo-055,,6100.19,paid
807,2026-07-01 08:15:00,100957,edge-order_before_promo-056,,19477.57,paid
808,2026-07-02 09:15:00,100958,edge-order_before_promo-057,,6806.25,paid
809,2026-07-03 10:15:00,100959,edge-order_before_promo-058,,17478.65,paid
810,2026-07-04 11:15:00,100960,edge-order_before_promo-059,,24090.32,paid
811,2026-07-05 12:15:00,100961,edge-order_before_promo-060,,4790.57,paid
812,2026-07-06 13:15:00,100962,edge-order_before_promo-061,,16593.38,paid
813,2026-07-07 14:15:00,100963,edge-order_before_promo-062,,7411.65,paid
814,2026-07-08 15:15:00,100964,edge-order_before_promo-063,,17476.28,paid
815,2026-07-09 08:15:00,100965,edge-order_before_promo-064,,4226.95,paid
816,2026-07-10 09:15:00,100966,edge-order_before_promo-065,,3893.58,paid
817,2026-07-11 10:15:00,100967,edge-order_before_promo-066,,23277.84,paid
818,2026-07-12 11:15:00,100968,edge-order_before_promo-067,,14496.06,paid
819,2026-07-13 12:15:00,100969,edge-order_before_promo-068,,3837.62,paid
820,2026-07-14 13:15:00,100970,edge-order_before_promo-069,,18265.5,paid
821,2026-07-15 14:15:00,100971,edge-order_before_promo-070,,12354.62,paid
822,2026-07-16 15:15:00,100972,edge-order_before_promo-071,,7895.8,paid
823,2026-07-17 08:15:00,100973,edge-order_before_promo-072,,13635.44,paid
824,2026-07-18 09:15:00,100974,edge-order_before_promo-073,,14745.4,paid
825,2026-07-19 10:15:00,100975,edge-order_before_promo-074,,3188.16,paid
826,2026-07-20 11:15:00,100976,edge-order_before_promo-075,,9810.5,paid
827,2026-07-21 12:15:00,100977,edge-order_before_promo-076,,14418.36,paid
828,2026-07-22 13:15:00,100978,edge-order_before_promo-077,,23925.5,paid
829,2026-07-23 14:15:00,100979,edge-order_before_promo-078,,1628.48,paid
830,2026-07-24 15:15:00,100980,edge-order_before_promo-079,,8618.23,paid
831,2026-07-25 08:15:00,100981,edge-order_before_promo-080,,1519.13,paid
832,2026-07-26 09:15:00,100982,edge-order_before_promo-081,,22999.82,paid
833,2026-07-27 10:15:00,100983,edge-order_before_promo-082,,21509,paid
834,2026-07-28 11:15:00,100984,edge-order_before_promo-083,,567.79,paid
835,2026-07-01 12:15:00,100985,edge-order_before_promo-084,,18308.37,paid
836,2026-07-02 13:15:00,100986,edge-order_before_promo-085,,15041.03,paid
837,2026-07-03 14:15:00,100987,edge-order_before_promo-086,,18407.72,paid
838,2026-07-04 15:15:00,100988,edge-order_before_promo-087,,3732.92,paid
839,2026-07-05 08:15:00,100989,edge-order_before_promo-088,,1737.13,paid
840,2026-07-06 09:15:00,100990,edge-order_before_promo-089,,17626.05,paid
841,2026-07-07 10:15:00,100991,edge-order_before_promo-090,,13466.49,paid
842,2026-07-08 11:15:00,100992,edge-order_before_promo-091,,20337.73,paid
843,2026-07-09 12:15:00,100993,edge-order_before_promo-092,,3102.96,paid
844,2026-07-10 13:15:00,100994,edge-order_before_promo-093,,20536.44,paid
845,2026-07-11 14:15:00,100995,edge-order_before_promo-094,,8070.92,paid
846,2026-07-12 15:15:00,100996,edge-order_before_promo-095,,14869.74,paid
847,2026-07-13 08:15:00,100997,edge-order_before_promo-096,,18477.96,paid
848,2026-07-14 09:15:00,100998,edge-order_before_promo-097,,16507.18,paid
849,2026-07-15 10:15:00,100999,edge-order_before_promo-098,,23443.69,paid
850,2026-07-16 11:15:00,101000,edge-order_before_promo-099,,4458.24,paid
851,2026-07-17 12:15:00,101001,edge-order_before_promo-100,,4195.41,paid
852,2026-07-18 13:15:00,101002,edge-order_before_promo-101,,22559.19,paid
853,2026-07-19 14:15:00,101003,edge-order_before_promo-102,,543.26,paid
854,2026-07-20 15:15:00,101004,edge-order_before_promo-103,,17922.09,paid
855,2026-07-21 08:15:00,101005,edge-order_before_promo-104,,9143.62,paid
856,2026-07-22 09:15:00,101006,edge-order_before_promo-105,,1260.42,paid
857,2026-07-23 10:15:00,101007,edge-order_before_promo-106,,14893.39,paid
858,2026-07-24 11:15:00,101008,edge-order_before_promo-107,,12683.29,paid
859,2026-07-25 12:15:00,101009,edge-order_before_promo-108,,21222.02,paid
860,2026-07-26 13:15:00,101010,edge-order_before_promo-109,,17043.55,paid
861,2026-07-27 14:15:00,101011,edge-order_before_promo-110,,16629.24,paid
862,2026-07-28 15:15:00,101012,edge-order_before_promo-111,,14879.77,paid
863,2026-07-01 08:15:00,101013,edge-order_before_promo-112,,6485.87,paid
864,2026-07-02 09:15:00,101014,edge-order_before_promo-113,,16426.61,paid
865,2026-07-03 10:15:00,101015,edge-order_before_promo-114,,15546.76,paid
866,2026-07-04 11:15:00,101016,edge-order_before_promo-115,,8219.24,paid
867,2026-07-05 12:15:00,101017,edge-order_before_promo-116,,325.93,paid
868,2026-07-06 13:15:00,101018,edge-order_before_promo-117,,8931.15,paid
869,2026-07-07 14:15:00,101019,edge-order_before_promo-118,,2556.96,paid
870,2026-07-08 15:15:00,101020,edge-order_before_promo-119,,805.66,paid
871,2026-07-09 08:15:00,101021,edge-order_before_promo-120,,16924.42,paid
872,2026-07-10 09:15:00,101022,edge-order_before_promo-121,,7852.83,paid
873,2026-07-11 10:15:00,101023,edge-order_before_promo-122,,10437.62,paid
874,2026-07-12 11:15:00,101024,edge-order_before_promo-123,,12005.01,paid
875,2026-07-13 12:15:00,101025,edge-order_before_promo-124,,20775.56,paid
876,2026-07-14 13:15:00,101026,edge-order_before_promo-125,,4032.58,paid
877,2026-07-15 14:15:00,101027,edge-order_before_promo-126,,15310.14,paid
878,2026-07-16 15:15:00,101028,edge-order_before_promo-127,,20847.49,paid
879,2026-07-17 08:15:00,101029,edge-order_before_promo-128,,9508.16,paid
880,2026-07-18 09:15:00,101030,edge-order_before_promo-129,,7706.43,paid
881,2026-07-19 10:15:00,101031,edge-order_before_promo-130,,18864.39,paid
882,2026-07-20 11:15:00,101032,edge-order_before_promo-131,,18795.21,paid
883,2026-07-21 12:15:00,101033,edge-order_before_promo-132,,12922.73,paid
884,2026-07-22 13:15:00,101034,edge-order_before_promo-133,,4924.62,paid
885,2026-07-23 14:15:00,101035,edge-order_before_promo-134,,2960.51,paid
886,2026-07-24 15:15:00,101036,edge-order_before_promo-135,,8243.72,paid
887,2026-07-25 08:15:00,101037,edge-order_before_promo-136,,18862.99,paid
888,2026-07-26 09:15:00,101038,edge-order_before_promo-137,,9423.86,paid
889,2026-07-27 10:15:00,101039,edge-order_before_promo-138,,19466.05,paid
890,2026-07-28 11:15:00,101040,edge-order_before_promo-139,,2719.44,paid
891,2026-07-01 12:15:00,101041,edge-order_before_promo-140,,15083.85,paid
892,2026-07-02 13:15:00,101042,edge-order_before_promo-141,,24279.36,paid
893,2026-07-03 14:15:00,101043,edge-order_before_promo-142,,13898.12,paid
894,2026-07-04 15:15:00,101044,edge-order_before_promo-143,,2502.38,paid
895,2026-07-05 08:15:00,101045,edge-order_before_promo-144,,22207.51,paid
896,2026-07-06 09:15:00,101046,edge-order_before_promo-145,,2538.43,paid
897,2026-07-07 10:15:00,101047,edge-order_before_promo-146,,14812.2,paid
898,2026-07-08 11:15:00,101048,edge-order_before_promo-147,,14110.76,paid
899,2026-07-09 12:15:00,101049,edge-order_before_promo-148,,7017.64,paid
900,2026-07-10 13:15:00,101050,edge-order_before_promo-149,,13407.39,paid
901,2026-07-04 08:50:00,101071,edge-order_with_promo-000,PROMO001,3462.71,paid
902,2026-07-05 09:50:00,101072,edge-order_with_promo-001,PROMO002,17451.24,paid
903,2026-07-06 10:50:00,101073,edge-order_with_promo-002,PROMO003,6948.12,paid
904,2026-07-07 11:50:00,101074,edge-order_with_promo-003,PROMO004,2463.56,paid
905,2026-07-08 12:50:00,101075,edge-order_with_promo-004,PROMO005,23417.86,paid
906,2026-07-09 13:50:00,101076,edge-order_with_promo-005,PROMO006,12866.63,paid
907,2026-07-10 14:50:00,101077,edge-order_with_promo-006,PROMO007,20412.49,paid
908,2026-07-11 15:50:00,101078,edge-order_with_promo-007,PROMO008,20294.3,paid
909,2026-07-12 08:50:00,101079,edge-order_with_promo-008,PROMO009,17824.88,paid
910,2026-07-13 09:50:00,101080,edge-order_with_promo-009,PROMO010,18096.02,paid
911,2026-07-14 10:50:00,101081,edge-order_with_promo-010,PROMO011,1238.44,paid
912,2026-07-15 11:50:00,101082,edge-order_with_promo-011,PROMO012,23881.91,paid
913,2026-07-16 12:50:00,101083,edge-order_with_promo-012,PROMO013,9377.68,paid
914,2026-07-17 13:50:00,101084,edge-order_with_promo-013,PROMO014,11516.95,paid
915,2026-07-18 14:50:00,101085,edge-order_with_promo-014,PROMO015,12771.52,paid
916,2026-07-19 15:50:00,101086,edge-order_with_promo-015,PROMO016,23068.18,paid
917,2026-07-20 08:50:00,101087,edge-order_with_promo-016,PROMO017,6439.81,paid
918,2026-07-21 09:50:00,101088,edge-order_with_promo-017,PROMO018,7709.73,paid
919,2026-07-22 10:50:00,101089,edge-order_with_promo-018,PROMO019,2908.17,paid
920,2026-07-23 11:50:00,101090,edge-order_with_promo-019,PROMO020,8296.29,paid
921,2026-07-24 12:50:00,101091,edge-order_with_promo-020,PROMO021,23378.44,paid
922,2026-07-25 13:50:00,101092,edge-order_with_promo-021,PROMO022,22464.71,paid
923,2026-07-26 14:50:00,101093,edge-order_with_promo-022,PROMO023,19562.42,paid
924,2026-07-27 15:50:00,101094,edge-order_with_promo-023,PROMO024,1771.24,paid
925,2026-07-28 08:50:00,101095,edge-order_with_promo-024,PROMO025,3244.87,paid
926,2026-07-01 09:50:00,101096,edge-order_with_promo-025,PROMO026,13681.37,paid
927,2026-07-02 10:50:00,101097,edge-order_with_promo-026,PROMO027,6426.29,paid
928,2026-07-03 11:50:00,101098,edge-order_with_promo-027,PROMO028,16430.92,paid
929,2026-07-04 12:50:00,101099,edge-order_with_promo-028,PROMO029,24638.55,paid
930,2026-07-05 13:50:00,101100,edge-order_with_promo-029,PROMO030,900.32,paid
931,2026-07-06 14:50:00,101101,edge-order_with_promo-030,PROMO031,9828.46,paid
932,2026-07-07 15:50:00,101102,edge-order_with_promo-031,PROMO032,8240.62,paid
933,2026-07-08 08:50:00,101103,edge-order_with_promo-032,PROMO033,18559.69,paid
934,2026-07-09 09:50:00,101104,edge-order_with_promo-033,PROMO034,19404.21,paid
935,2026-07-10 10:50:00,101105,edge-order_with_promo-034,PROMO035,20854.62,paid
936,2026-07-11 11:50:00,101106,edge-order_with_promo-035,PROMO036,23492.79,paid
937,2026-07-12 12:50:00,101107,edge-order_with_promo-036,PROMO037,13260.05,paid
938,2026-07-13 13:50:00,101108,edge-order_with_promo-037,PROMO038,19972.82,paid
939,2026-07-14 14:50:00,101109,edge-order_with_promo-038,PROMO039,17085.63,paid
940,2026-07-15 15:50:00,101110,edge-order_with_promo-039,PROMO040,5949.06,paid
941,2026-07-16 08:50:00,101111,edge-order_with_promo-040,PROMO041,1415.52,paid
942,2026-07-17 09:50:00,101112,edge-order_with_promo-041,PROMO042,20442.26,paid
943,2026-07-18 10:50:00,101113,edge-order_with_promo-042,PROMO043,13413.99,paid
944,2026-07-19 11:50:00,101114,edge-order_with_promo-043,PROMO044,17214.38,paid
945,2026-07-20 12:50:00,101115,edge-order_with_promo-044,PROMO045,23069.13,paid
946,2026-07-21 13:50:00,101116,edge-order_with_promo-045,PROMO046,9981.04,paid
947,2026-07-22 14:50:00,101117,edge-order_with_promo-046,PROMO047,17260.3,paid
948,2026-07-23 15:50:00,101118,edge-order_with_promo-047,PROMO048,13427.64,paid
949,2026-07-24 08:50:00,101119,edge-order_with_promo-048,PROMO049,12788.6,paid
950,2026-07-25 09:50:00,101120,edge-order_with_promo-049,PROMO050,11597.91,paid
951,2026-07-26 10:50:00,101121,edge-order_with_promo-050,PROMO051,20884.06,paid
952,2026-07-27 11:50:00,101122,edge-order_with_promo-051,PROMO052,21322.49,paid
953,2026-07-28 12:50:00,101123,edge-order_with_promo-052,PROMO053,19893.35,paid
954,2026-07-01 13:50:00,101124,edge-order_with_promo-053,PROMO054,13010.67,paid
955,2026-07-02 14:50:00,101125,edge-order_with_promo-054,PROMO055,4297.8,paid
956,2026-07-03 15:50:00,101126,edge-order_with_promo-055,PROMO056,21537.64,paid
957,2026-07-04 08:50:00,101127,edge-order_with_promo-056,PROMO057,3356.01,paid
958,2026-07-05 09:50:00,101128,edge-order_with_promo-057,PROMO058,698.79,paid
959,2026-07-06 10:50:00,101129,edge-order_with_promo-058,PROMO059,14703.24,paid
960,2026-07-07 11:50:00,101130,edge-order_with_promo-059,PROMO060,23923.17,paid
961,2026-07-08 12:50:00,101131,edge-order_with_promo-060,PROMO061,18323.4,paid
962,2026-07-09 13:50:00,101132,edge-order_with_promo-061,PROMO062,19641.61,paid
963,2026-07-10 14:50:00,101133,edge-order_with_promo-062,PROMO063,6187.28,paid
964,2026-07-11 15:50:00,101134,edge-order_with_promo-063,PROMO064,18518.64,paid
965,2026-07-12 08:50:00,101135,edge-order_with_promo-064,PROMO065,3918.11,paid
966,2026-07-13 09:50:00,101136,edge-order_with_promo-065,PROMO066,23566.2,paid
967,2026-07-14 10:50:00,101137,edge-order_with_promo-066,PROMO067,9980.22,paid
968,2026-07-15 11:50:00,101138,edge-order_with_promo-067,PROMO068,8522.88,paid
969,2026-07-16 12:50:00,101139,edge-order_with_promo-068,PROMO069,4301.33,paid
970,2026-07-17 13:50:00,101140,edge-order_with_promo-069,PROMO070,23421.82,paid
971,2026-07-18 14:50:00,101141,edge-order_with_promo-070,PROMO071,19017.42,paid
972,2026-07-19 15:50:00,101142,edge-order_with_promo-071,PROMO072,16343.16,paid
973,2026-07-20 08:50:00,101143,edge-order_with_promo-072,PROMO073,5258.91,paid
974,2026-07-21 09:50:00,101144,edge-order_with_promo-073,PROMO074,4443.38,paid
975,2026-07-22 10:50:00,101145,edge-order_with_promo-074,PROMO075,1440.8,paid
976,2026-07-23 11:50:00,101146,edge-order_with_promo-075,PROMO076,12483.34,paid
977,2026-07-24 12:50:00,101147,edge-order_with_promo-076,PROMO077,19443.16,paid
978,2026-07-25 13:50:00,101148,edge-order_with_promo-077,PROMO078,17694.12,paid
979,2026-07-26 14:50:00,101149,edge-order_with_promo-078,PROMO079,14311.63,paid
980,2026-07-27 15:50:00,101150,edge-order_with_promo-079,PROMO080,9804.93,paid
981,2026-07-28 08:50:00,101151,edge-order_with_promo-080,PROMO081,15802.57,paid
982,2026-07-01 09:50:00,101152,edge-order_with_promo-081,PROMO082,5406.84,paid
983,2026-07-02 10:50:00,101153,edge-order_with_promo-082,PROMO083,8384.25,paid
984,2026-07-03 11:50:00,101154,edge-order_with_promo-083,PROMO084,22386.92,paid
985,2026-07-04 12:50:00,101155,edge-order_with_promo-084,PROMO085,18164.02,paid
986,2026-07-05 13:50:00,101156,edge-order_with_promo-085,PROMO086,13014.74,paid
987,2026-07-06 14:50:00,101157,edge-order_with_promo-086,PROMO087,16015.74,paid
988,2026-07-07 15:50:00,101158,edge-order_with_promo-087,PROMO088,11971.45,paid
989,2026-07-08 08:50:00,101159,edge-order_with_promo-088,PROMO089,21546.82,paid
990,2026-07-09 09:50:00,101160,edge-order_with_promo-089,PROMO090,2539.52,paid
991,2026-07-10 10:50:00,101161,edge-order_with_promo-090,PROMO091,24705.99,paid
992,2026-07-11 11:50:00,101162,edge-order_with_promo-091,PROMO092,12511.15,paid
993,2026-07-12 12:50:00,101163,edge-order_with_promo-092,PROMO093,15621.49,paid
994,2026-07-13 13:50:00,101164,edge-order_with_promo-093,PROMO094,16321.25,paid
995,2026-07-14 14:50:00,101165,edge-order_with_promo-094,PROMO095,17108.05,paid
996,2026-07-15 15:50:00,101166,edge-order_with_promo-095,PROMO096,1373,paid
997,2026-07-16 08:50:00,101167,edge-order_with_promo-096,PROMO097,986.51,paid
998,2026-07-17 09:50:00,101168,edge-order_with_promo-097,PROMO098,5773.03,paid
999,2026-07-18 10:50:00,101169,edge-order_with_promo-098,PROMO099,11195.61,paid
1000,2026-07-19 11:50:00,101170,edge-order_with_promo-099,PROMO100,2079,paid
1001,2026-07-20 12:50:00,101171,edge-order_with_promo-100,PROMO101,15727.21,paid
1002,2026-07-21 13:50:00,101172,edge-order_with_promo-101,PROMO102,19055.3,paid
1003,2026-07-22 14:50:00,101173,edge-order_with_promo-102,PROMO103,13131.76,paid
1004,2026-07-23 15:50:00,101174,edge-order_with_promo-103,PROMO104,1832.99,paid
1005,2026-07-24 08:50:00,101175,edge-order_with_promo-104,PROMO105,16428.9,paid
1006,2026-07-25 09:50:00,101176,edge-order_with_promo-105,PROMO106,17550.73,paid
1007,2026-07-26 10:50:00,101177,edge-order_with_promo-106,PROMO107,8635.18,paid
1008,2026-07-27 11:50:00,101178,edge-order_with_promo-107,PROMO108,4018.25,paid
1009,2026-07-28 12:50:00,101179,edge-order_with_promo-108,PROMO109,3658.47,paid
1010,2026-07-01 13:50:00,101180,edge-order_with_promo-109,PROMO110,15463.37,paid
1011,2026-07-02 14:50:00,101181,edge-order_with_promo-110,PROMO111,19307.31,paid
1012,2026-07-03 15:50:00,101182,edge-order_with_promo-111,PROMO112,10272.97,paid
1013,2026-07-04 08:50:00,101183,edge-order_with_promo-112,PROMO113,13814.73,paid
1014,2026-07-05 09:50:00,101184,edge-order_with_promo-113,PROMO114,6486.92,paid
1015,2026-07-06 10:50:00,101185,edge-order_with_promo-114,PROMO115,9401.45,paid
1016,2026-07-07 11:50:00,101186,edge-order_with_promo-115,PROMO116,11441.14,paid
1017,2026-07-08 12:50:00,101187,edge-order_with_promo-116,PROMO117,4454.83,paid
1018,2026-07-09 13:50:00,101188,edge-order_with_promo-117,PROMO118,19810.83,paid
1019,2026-07-10 14:50:00,101189,edge-order_with_promo-118,PROMO119,2193.08,paid
1020,2026-07-11 15:50:00,101190,edge-order_with_promo-119,PROMO120,21209.49,paid
1021,2026-07-12 08:50:00,101191,edge-order_with_promo-120,PROMO001,15497.27,paid
1022,2026-07-13 09:50:00,101192,edge-order_with_promo-121,PROMO002,13835.33,paid
1023,2026-07-14 10:50:00,101193,edge-order_with_promo-122,PROMO003,6237.94,paid
1024,2026-07-15 11:50:00,101194,edge-order_with_promo-123,PROMO004,22889.94,paid
1025,2026-07-16 12:50:00,101195,edge-order_with_promo-124,PROMO005,6387.23,paid
1026,2026-07-17 13:50:00,101196,edge-order_with_promo-125,PROMO006,18748.94,paid
1027,2026-07-18 14:50:00,101197,edge-order_with_promo-126,PROMO007,20963.5,paid
1028,2026-07-19 15:50:00,101198,edge-order_with_promo-127,PROMO008,4976.83,paid
1029,2026-07-20 08:50:00,101199,edge-order_with_promo-128,PROMO009,20517.08,paid
1030,2026-07-21 09:50:00,101200,edge-order_with_promo-129,PROMO010,516.89,paid
1031,2026-07-22 10:50:00,101201,edge-order_with_promo-130,PROMO011,17492.4,paid
1032,2026-07-23 11:50:00,101202,edge-order_with_promo-131,PROMO012,13550.51,paid
1033,2026-07-24 12:50:00,101203,edge-order_with_promo-132,PROMO013,4544.27,paid
1034,2026-07-25 13:50:00,101204,edge-order_with_promo-133,PROMO014,5238.09,paid
1035,2026-07-26 14:50:00,101205,edge-order_with_promo-134,PROMO015,19704.67,paid
1036,2026-07-27 15:50:00,101206,edge-order_with_promo-135,PROMO016,24282.52,paid
1037,2026-07-28 08:50:00,101207,edge-order_with_promo-136,PROMO017,24490.93,paid
1038,2026-07-01 09:50:00,101208,edge-order_with_promo-137,PROMO018,12394.34,paid
1039,2026-07-02 10:50:00,101209,edge-order_with_promo-138,PROMO019,19012.23,paid
1040,2026-07-03 11:50:00,101210,edge-order_with_promo-139,PROMO020,414.32,paid
1041,2026-07-04 12:50:00,101211,edge-order_with_promo-140,PROMO021,4220.88,paid
1042,2026-07-05 13:50:00,101212,edge-order_with_promo-141,PROMO022,11871.4,paid
1043,2026-07-06 14:50:00,101213,edge-order_with_promo-142,PROMO023,17869.16,paid
1044,2026-07-07 15:50:00,101214,edge-order_with_promo-143,PROMO024,942.79,paid
1045,2026-07-08 08:50:00,101215,edge-order_with_promo-144,PROMO025,21227.66,paid
1046,2026-07-09 09:50:00,101216,edge-order_with_promo-145,PROMO026,5328.49,paid
1047,2026-07-10 10:50:00,101217,edge-order_with_promo-146,PROMO027,18533.2,paid
1048,2026-07-11 11:50:00,101218,edge-order_with_promo-147,PROMO028,3382.76,paid
1049,2026-07-12 12:50:00,101219,edge-order_with_promo-148,PROMO029,9971.66,paid
1050,2026-07-13 13:50:00,101220,edge-order_with_promo-149,PROMO030,15014.35,paid
1051,2026-07-07 08:50:00,101241,edge-cancelled_order-000,,10799.04,cancelled
1052,2026-07-08 09:50:00,101242,edge-cancelled_order-001,,5420.68,cancelled
1053,2026-07-09 10:50:00,101243,edge-cancelled_order-002,,24062.64,cancelled
1054,2026-07-10 11:50:00,101244,edge-cancelled_order-003,,2212.54,cancelled
1055,2026-07-11 12:50:00,101245,edge-cancelled_order-004,,12021.16,cancelled
1056,2026-07-12 13:50:00,101246,edge-cancelled_order-005,,18462.82,cancelled
1057,2026-07-13 14:50:00,101247,edge-cancelled_order-006,,7691.61,cancelled
1058,2026-07-14 15:50:00,101248,edge-cancelled_order-007,,20206.23,cancelled
1059,2026-07-15 08:50:00,101249,edge-cancelled_order-008,,15913.9,cancelled
1060,2026-07-16 09:50:00,101250,edge-cancelled_order-009,,1882.94,cancelled
1061,2026-07-17 10:50:00,101251,edge-cancelled_order-010,,18454.51,cancelled
1062,2026-07-18 11:50:00,101252,edge-cancelled_order-011,,8714.19,cancelled
1063,2026-07-19 12:50:00,101253,edge-cancelled_order-012,,2794.98,cancelled
1064,2026-07-20 13:50:00,101254,edge-cancelled_order-013,,11130.98,cancelled
1065,2026-07-21 14:50:00,101255,edge-cancelled_order-014,,22762.55,cancelled
1066,2026-07-22 15:50:00,101256,edge-cancelled_order-015,,2862,cancelled
1067,2026-07-23 08:50:00,101257,edge-cancelled_order-016,,22848.74,cancelled
1068,2026-07-24 09:50:00,101258,edge-cancelled_order-017,,17536.75,cancelled
1069,2026-07-25 10:50:00,101259,edge-cancelled_order-018,,24548.48,cancelled
1070,2026-07-26 11:50:00,101260,edge-cancelled_order-019,,20579.29,cancelled
1071,2026-07-27 12:50:00,101261,edge-cancelled_order-020,,11259.35,cancelled
1072,2026-07-28 13:50:00,101262,edge-cancelled_order-021,,9045.86,cancelled
1073,2026-07-01 14:50:00,101263,edge-cancelled_order-022,,20880.96,cancelled
1074,2026-07-02 15:50:00,101264,edge-cancelled_order-023,,7939.21,cancelled
1075,2026-07-03 08:50:00,101265,edge-cancelled_order-024,,9586.86,cancelled
1076,2026-07-04 09:50:00,101266,edge-cancelled_order-025,,2706.46,cancelled
1077,2026-07-05 10:50:00,101267,edge-cancelled_order-026,,18608.98,cancelled
1078,2026-07-06 11:50:00,101268,edge-cancelled_order-027,,8045.8,cancelled
1079,2026-07-07 12:50:00,101269,edge-cancelled_order-028,,7296.3,cancelled
1080,2026-07-08 13:50:00,101270,edge-cancelled_order-029,,24731.62,cancelled
1081,2026-07-09 14:50:00,101271,edge-cancelled_order-030,,1388.29,cancelled
1082,2026-07-10 15:50:00,101272,edge-cancelled_order-031,,16990.44,cancelled
1083,2026-07-11 08:50:00,101273,edge-cancelled_order-032,,23674.3,cancelled
1084,2026-07-12 09:50:00,101274,edge-cancelled_order-033,,10019.43,cancelled
1085,2026-07-13 10:50:00,101275,edge-cancelled_order-034,,19811.29,cancelled
1086,2026-07-14 11:50:00,101276,edge-cancelled_order-035,,20767.73,cancelled
1087,2026-07-15 12:50:00,101277,edge-cancelled_order-036,,2789.03,cancelled
1088,2026-07-16 13:50:00,101278,edge-cancelled_order-037,,15252.33,cancelled
1089,2026-07-17 14:50:00,101279,edge-cancelled_order-038,,7727.14,cancelled
1090,2026-07-18 15:50:00,101280,edge-cancelled_order-039,,17672.72,cancelled
1091,2026-07-19 08:50:00,101281,edge-cancelled_order-040,,834.36,cancelled
1092,2026-07-20 09:50:00,101282,edge-cancelled_order-041,,17820.95,cancelled
1093,2026-07-21 10:50:00,101283,edge-cancelled_order-042,,15328.2,cancelled
1094,2026-07-22 11:50:00,101284,edge-cancelled_order-043,,1161.4,cancelled
1095,2026-07-23 12:50:00,101285,edge-cancelled_order-044,,5855.48,cancelled
1096,2026-07-24 13:50:00,101286,edge-cancelled_order-045,,9000.04,cancelled
1097,2026-07-25 14:50:00,101287,edge-cancelled_order-046,,4754.83,cancelled
1098,2026-07-26 15:50:00,101288,edge-cancelled_order-047,,9571.22,cancelled
1099,2026-07-27 08:50:00,101289,edge-cancelled_order-048,,7750.72,cancelled
1100,2026-07-28 09:50:00,101290,edge-cancelled_order-049,,23132.58,cancelled
1101,2026-07-01 10:50:00,101291,edge-cancelled_order-050,,14040.89,cancelled
1102,2026-07-02 11:50:00,101292,edge-cancelled_order-051,,6344.84,cancelled
1103,2026-07-03 12:50:00,101293,edge-cancelled_order-052,,14073.04,cancelled
1104,2026-07-04 13:50:00,101294,edge-cancelled_order-053,,12360.6,cancelled
1105,2026-07-05 14:50:00,101295,edge-cancelled_order-054,,5625.94,cancelled
1106,2026-07-06 15:50:00,101296,edge-cancelled_order-055,,23318.16,cancelled
1107,2026-07-07 08:50:00,101297,edge-cancelled_order-056,,17643.65,cancelled
1108,2026-07-08 09:50:00,101298,edge-cancelled_order-057,,18042.71,cancelled
1109,2026-07-09 10:50:00,101299,edge-cancelled_order-058,,14392.42,cancelled
1110,2026-07-10 11:50:00,101300,edge-cancelled_order-059,,24131.05,cancelled
1111,2026-07-11 12:50:00,101301,edge-cancelled_order-060,,12730.38,cancelled
1112,2026-07-12 13:50:00,101302,edge-cancelled_order-061,,20554.1,cancelled
1113,2026-07-13 14:50:00,101303,edge-cancelled_order-062,,11708.64,cancelled
1114,2026-07-14 15:50:00,101304,edge-cancelled_order-063,,19213.99,cancelled
1115,2026-07-15 08:50:00,101305,edge-cancelled_order-064,,14740.21,cancelled
1116,2026-07-16 09:50:00,101306,edge-cancelled_order-065,,3857.52,cancelled
1117,2026-07-17 10:50:00,101307,edge-cancelled_order-066,,17296.14,cancelled
1118,2026-07-18 11:50:00,101308,edge-cancelled_order-067,,13735.61,cancelled
1119,2026-07-19 12:50:00,101309,edge-cancelled_order-068,,6021.79,cancelled
1120,2026-07-20 13:50:00,101310,edge-cancelled_order-069,,8898.6,cancelled
1121,2026-07-21 14:50:00,101311,edge-cancelled_order-070,,11515.29,cancelled
1122,2026-07-22 15:50:00,101312,edge-cancelled_order-071,,13103.99,cancelled
1123,2026-07-23 08:50:00,101313,edge-cancelled_order-072,,19234.44,cancelled
1124,2026-07-24 09:50:00,101314,edge-cancelled_order-073,,24445.47,cancelled
1125,2026-07-25 10:50:00,101315,edge-cancelled_order-074,,14816.2,cancelled
1126,2026-07-26 11:50:00,101316,edge-cancelled_order-075,,7770.89,cancelled
1127,2026-07-27 12:50:00,101317,edge-cancelled_order-076,,9261.38,cancelled
1128,2026-07-28 13:50:00,101318,edge-cancelled_order-077,,4659.51,cancelled
1129,2026-07-01 14:50:00,101319,edge-cancelled_order-078,,7754.29,cancelled
1130,2026-07-02 15:50:00,101320,edge-cancelled_order-079,,17396.84,cancelled
1131,2026-07-03 08:50:00,101321,edge-cancelled_order-080,,8458.64,cancelled
1132,2026-07-04 09:50:00,101322,edge-cancelled_order-081,,1561.07,cancelled
1133,2026-07-05 10:50:00,101323,edge-cancelled_order-082,,5228.29,cancelled
1134,2026-07-06 11:50:00,101324,edge-cancelled_order-083,,16646.78,cancelled
1135,2026-07-07 12:50:00,101325,edge-cancelled_order-084,,11757.61,cancelled
1136,2026-07-08 13:50:00,101326,edge-cancelled_order-085,,6476.17,cancelled
1137,2026-07-09 14:50:00,101327,edge-cancelled_order-086,,13342.59,cancelled
1138,2026-07-10 15:50:00,101328,edge-cancelled_order-087,,3995.21,cancelled
1139,2026-07-11 08:50:00,101329,edge-cancelled_order-088,,17496.45,cancelled
1140,2026-07-12 09:50:00,101330,edge-cancelled_order-089,,14161.11,cancelled
1141,2026-07-13 10:50:00,101331,edge-cancelled_order-090,,13390.36,cancelled
1142,2026-07-14 11:50:00,101332,edge-cancelled_order-091,,23239.05,cancelled
1143,2026-07-15 12:50:00,101333,edge-cancelled_order-092,,16991.55,cancelled
1144,2026-07-16 13:50:00,101334,edge-cancelled_order-093,,8383.05,cancelled
1145,2026-07-17 14:50:00,101335,edge-cancelled_order-094,,13086.31,cancelled
1146,2026-07-18 15:50:00,101336,edge-cancelled_order-095,,16718.54,cancelled
1147,2026-07-19 08:50:00,101337,edge-cancelled_order-096,,5090.01,cancelled
1148,2026-07-20 09:50:00,101338,edge-cancelled_order-097,,1776.83,cancelled
1149,2026-07-21 10:50:00,101339,edge-cancelled_order-098,,13271.7,cancelled
1150,2026-07-22 11:50:00,101340,edge-cancelled_order-099,,19367.17,cancelled
1151,2026-07-23 12:50:00,101341,edge-cancelled_order-100,,13017.9,cancelled
1152,2026-07-24 13:50:00,101342,edge-cancelled_order-101,,3000.49,cancelled
1153,2026-07-25 14:50:00,101343,edge-cancelled_order-102,,23781.18,cancelled
1154,2026-07-26 15:50:00,101344,edge-cancelled_order-103,,17654.85,cancelled
1155,2026-07-27 08:50:00,101345,edge-cancelled_order-104,,2517.37,cancelled
1156,2026-07-28 09:50:00,101346,edge-cancelled_order-105,,18530.94,cancelled
1157,2026-07-01 10:50:00,101347,edge-cancelled_order-106,,16463.41,cancelled
1158,2026-07-02 11:50:00,101348,edge-cancelled_order-107,,9803.91,cancelled
1159,2026-07-03 12:50:00,101349,edge-cancelled_order-108,,7615.06,cancelled
1160,2026-07-04 13:50:00,101350,edge-cancelled_order-109,,2804.24,cancelled
1161,2026-07-05 14:50:00,101351,edge-cancelled_order-110,,7602.01,cancelled
1162,2026-07-06 15:50:00,101352,edge-cancelled_order-111,,21911.77,cancelled
1163,2026-07-07 08:50:00,101353,edge-cancelled_order-112,,17275.33,cancelled
1164,2026-07-08 09:50:00,101354,edge-cancelled_order-113,,1060.7,cancelled
1165,2026-07-09 10:50:00,101355,edge-cancelled_order-114,,23352.22,cancelled
1166,2026-07-10 11:50:00,101356,edge-cancelled_order-115,,22202.11,cancelled
1167,2026-07-11 12:50:00,101357,edge-cancelled_order-116,,15560.23,cancelled
1168,2026-07-12 13:50:00,101358,edge-cancelled_order-117,,22188.83,cancelled
1169,2026-07-13 14:50:00,101359,edge-cancelled_order-118,,5367.97,cancelled
1170,2026-07-14 15:50:00,101360,edge-cancelled_order-119,,19008.77,cancelled
1171,2026-07-15 08:50:00,101361,edge-cancelled_order-120,,24969.46,cancelled
1172,2026-07-16 09:50:00,101362,edge-cancelled_order-121,,4096.95,cancelled
1173,2026-07-17 10:50:00,101363,edge-cancelled_order-122,,10893.5,cancelled
1174,2026-07-18 11:50:00,101364,edge-cancelled_order-123,,14925.49,cancelled
1175,2026-07-19 12:50:00,101365,edge-cancelled_order-124,,22470.51,cancelled
1176,2026-07-20 13:50:00,101366,edge-cancelled_order-125,,11171.21,cancelled
1177,2026-07-21 14:50:00,101367,edge-cancelled_order-126,,18322.6,cancelled
1178,2026-07-22 15:50:00,101368,edge-cancelled_order-127,,23706.67,cancelled
1179,2026-07-23 08:50:00,101369,edge-cancelled_order-128,,20440.17,cancelled
1180,2026-07-24 09:50:00,101370,edge-cancelled_order-129,,7966.09,cancelled
1181,2026-07-25 10:50:00,101371,edge-cancelled_order-130,,20197.1,cancelled
1182,2026-07-26 11:50:00,101372,edge-cancelled_order-131,,3094.88,cancelled
1183,2026-07-27 12:50:00,101373,edge-cancelled_order-132,,23375.93,cancelled
1184,2026-07-28 13:50:00,101374,edge-cancelled_order-133,,5527.39,cancelled
1185,2026-07-01 14:50:00,101375,edge-cancelled_order-134,,14469.54,cancelled
1186,2026-07-02 15:50:00,101376,edge-cancelled_order-135,,1369.05,cancelled
1187,2026-07-03 08:50:00,101377,edge-cancelled_order-136,,22356.35,cancelled
1188,2026-07-04 09:50:00,101378,edge-cancelled_order-137,,21262.51,cancelled
1189,2026-07-05 10:50:00,101379,edge-cancelled_order-138,,19517.75,cancelled
1190,2026-07-06 11:50:00,101380,edge-cancelled_order-139,,13940.81,cancelled
1191,2026-07-07 12:50:00,101381,edge-cancelled_order-140,,21661.32,cancelled
1192,2026-07-08 13:50:00,101382,edge-cancelled_order-141,,3533.11,cancelled
1193,2026-07-09 14:50:00,101383,edge-cancelled_order-142,,13274.4,cancelled
1194,2026-07-10 15:50:00,101384,edge-cancelled_order-143,,1889.54,cancelled
1195,2026-07-11 08:50:00,101385,edge-cancelled_order-144,,9257.37,cancelled
1196,2026-07-12 09:50:00,101386,edge-cancelled_order-145,,1675.93,cancelled
1197,2026-07-13 10:50:00,101387,edge-cancelled_order-146,,24151.96,cancelled
1198,2026-07-14 11:50:00,101388,edge-cancelled_order-147,,10222.42,cancelled
1199,2026-07-15 12:50:00,101389,edge-cancelled_order-148,,24652.42,cancelled
1200,2026-07-16 13:50:00,101390,edge-cancelled_order-149,,12687.21,cancelled
1201,2026-07-10 08:50:00,101411,edge-promo_without_blacklist-000,,7082.38,paid
1202,2026-07-11 09:50:00,101412,edge-promo_without_blacklist-001,,12922.71,paid
1203,2026-07-12 10:50:00,101413,edge-promo_without_blacklist-002,,3762.7,paid
1204,2026-07-13 11:50:00,101414,edge-promo_without_blacklist-003,,9414.75,paid
1205,2026-07-14 12:50:00,101415,edge-promo_without_blacklist-004,,20968.9,paid
1206,2026-07-15 13:50:00,101416,edge-promo_without_blacklist-005,,8484.35,paid
1207,2026-07-16 14:50:00,101417,edge-promo_without_blacklist-006,,10336.21,paid
1208,2026-07-17 15:50:00,101418,edge-promo_without_blacklist-007,,15088.76,paid
1209,2026-07-18 08:50:00,101419,edge-promo_without_blacklist-008,,16707.76,paid
1210,2026-07-19 09:50:00,101420,edge-promo_without_blacklist-009,,20933.61,paid
1211,2026-07-20 10:50:00,101421,edge-promo_without_blacklist-010,,8711.28,paid
1212,2026-07-21 11:50:00,101422,edge-promo_without_blacklist-011,,10463.74,paid
1213,2026-07-22 12:50:00,101423,edge-promo_without_blacklist-012,,3582.27,paid
1214,2026-07-23 13:50:00,101424,edge-promo_without_blacklist-013,,14662.53,paid
1215,2026-07-24 14:50:00,101425,edge-promo_without_blacklist-014,,5492.2,paid
1216,2026-07-25 15:50:00,101426,edge-promo_without_blacklist-015,,13709.81,paid
1217,2026-07-26 08:50:00,101427,edge-promo_without_blacklist-016,,20889.46,paid
1218,2026-07-27 09:50:00,101428,edge-promo_without_blacklist-017,,974.01,paid
1219,2026-07-28 10:50:00,101429,edge-promo_without_blacklist-018,,14725.62,paid
1220,2026-07-01 11:50:00,101430,edge-promo_without_blacklist-019,,15206.78,paid
1221,2026-07-02 12:50:00,101431,edge-promo_without_blacklist-020,,5557.18,paid
1222,2026-07-03 13:50:00,101432,edge-promo_without_blacklist-021,,21016.52,paid
1223,2026-07-04 14:50:00,101433,edge-promo_without_blacklist-022,,21500.72,paid
1224,2026-07-05 15:50:00,101434,edge-promo_without_blacklist-023,,21430.37,paid
1225,2026-07-06 08:50:00,101435,edge-promo_without_blacklist-024,,9896.03,paid
1226,2026-07-07 09:50:00,101436,edge-promo_without_blacklist-025,,1623.88,paid
1227,2026-07-08 10:50:00,101437,edge-promo_without_blacklist-026,,21690.15,paid
1228,2026-07-09 11:50:00,101438,edge-promo_without_blacklist-027,,9757.4,paid
1229,2026-07-10 12:50:00,101439,edge-promo_without_blacklist-028,,12393.42,paid
1230,2026-07-11 13:50:00,101440,edge-promo_without_blacklist-029,,21779.84,paid
1231,2026-07-12 14:50:00,101441,edge-promo_without_blacklist-030,,23127.01,paid
1232,2026-07-13 15:50:00,101442,edge-promo_without_blacklist-031,,11147.51,paid
1233,2026-07-14 08:50:00,101443,edge-promo_without_blacklist-032,,14241.78,paid
1234,2026-07-15 09:50:00,101444,edge-promo_without_blacklist-033,,7481.16,paid
1235,2026-07-16 10:50:00,101445,edge-promo_without_blacklist-034,,22645.62,paid
1236,2026-07-17 11:50:00,101446,edge-promo_without_blacklist-035,,6332,paid
1237,2026-07-18 12:50:00,101447,edge-promo_without_blacklist-036,,13650.88,paid
1238,2026-07-19 13:50:00,101448,edge-promo_without_blacklist-037,,20425.83,paid
1239,2026-07-20 14:50:00,101449,edge-promo_without_blacklist-038,,17869.24,paid
1240,2026-07-21 15:50:00,101450,edge-promo_without_blacklist-039,,9973.25,paid
1241,2026-07-22 08:50:00,101451,edge-promo_without_blacklist-040,,12104.87,paid
1242,2026-07-23 09:50:00,101452,edge-promo_without_blacklist-041,,21638.81,paid
1243,2026-07-24 10:50:00,101453,edge-promo_without_blacklist-042,,5907.77,paid
1244,2026-07-25 11:50:00,101454,edge-promo_without_blacklist-043,,18236.49,paid
1245,2026-07-26 12:50:00,101455,edge-promo_without_blacklist-044,,22214.18,paid
1246,2026-07-27 13:50:00,101456,edge-promo_without_blacklist-045,,440.75,paid
1247,2026-07-28 14:50:00,101457,edge-promo_without_blacklist-046,,4473.14,paid
1248,2026-07-01 15:50:00,101458,edge-promo_without_blacklist-047,,7993.63,paid
1249,2026-07-02 08:50:00,101459,edge-promo_without_blacklist-048,,7651.13,paid
1250,2026-07-03 09:50:00,101460,edge-promo_without_blacklist-049,,19309.19,paid
1251,2026-07-04 10:50:00,101461,edge-promo_without_blacklist-050,,2907.36,paid
1252,2026-07-05 11:50:00,101462,edge-promo_without_blacklist-051,,12818.8,paid
1253,2026-07-06 12:50:00,101463,edge-promo_without_blacklist-052,,4454.41,paid
1254,2026-07-07 13:50:00,101464,edge-promo_without_blacklist-053,,5899.63,paid
1255,2026-07-08 14:50:00,101465,edge-promo_without_blacklist-054,,13805.94,paid
1256,2026-07-09 15:50:00,101466,edge-promo_without_blacklist-055,,7324.88,paid
1257,2026-07-10 08:50:00,101467,edge-promo_without_blacklist-056,,23853.13,paid
1258,2026-07-11 09:50:00,101468,edge-promo_without_blacklist-057,,8011.19,paid
1259,2026-07-12 10:50:00,101469,edge-promo_without_blacklist-058,,13477.49,paid
1260,2026-07-13 11:50:00,101470,edge-promo_without_blacklist-059,,7495.85,paid
1261,2026-07-14 12:50:00,101471,edge-promo_without_blacklist-060,,10537.73,paid
1262,2026-07-15 13:50:00,101472,edge-promo_without_blacklist-061,,14911.69,paid
1263,2026-07-16 14:50:00,101473,edge-promo_without_blacklist-062,,22949.12,paid
1264,2026-07-17 15:50:00,101474,edge-promo_without_blacklist-063,,13967.39,paid
1265,2026-07-18 08:50:00,101475,edge-promo_without_blacklist-064,,22476.3,paid
1266,2026-07-19 09:50:00,101476,edge-promo_without_blacklist-065,,5245.16,paid
1267,2026-07-20 10:50:00,101477,edge-promo_without_blacklist-066,,10525.73,paid
1268,2026-07-21 11:50:00,101478,edge-promo_without_blacklist-067,,1516.84,paid
1269,2026-07-22 12:50:00,101479,edge-promo_without_blacklist-068,,13162.93,paid
1270,2026-07-23 13:50:00,101480,edge-promo_without_blacklist-069,,1416.89,paid
1271,2026-07-24 14:50:00,101481,edge-promo_without_blacklist-070,,4232.48,paid
1272,2026-07-25 15:50:00,101482,edge-promo_without_blacklist-071,,11741.02,paid
1273,2026-07-26 08:50:00,101483,edge-promo_without_blacklist-072,,5362.3,paid
1274,2026-07-27 09:50:00,101484,edge-promo_without_blacklist-073,,16978.93,paid
1275,2026-07-28 10:50:00,101485,edge-promo_without_blacklist-074,,10230.94,paid
1276,2026-07-01 11:50:00,101486,edge-promo_without_blacklist-075,,9729.25,paid
1277,2026-07-02 12:50:00,101487,edge-promo_without_blacklist-076,,4130.86,paid
1278,2026-07-03 13:50:00,101488,edge-promo_without_blacklist-077,,16796.49,paid
1279,2026-07-04 14:50:00,101489,edge-promo_without_blacklist-078,,22330.43,paid
1280,2026-07-05 15:50:00,101490,edge-promo_without_blacklist-079,,16339.72,paid
1281,2026-07-06 08:50:00,101491,edge-promo_without_blacklist-080,,11901.66,paid
1282,2026-07-07 09:50:00,101492,edge-promo_without_blacklist-081,,4755.89,paid
1283,2026-07-08 10:50:00,101493,edge-promo_without_blacklist-082,,9952.38,paid
1284,2026-07-09 11:50:00,101494,edge-promo_without_blacklist-083,,9332.36,paid
1285,2026-07-10 12:50:00,101495,edge-promo_without_blacklist-084,,14812.56,paid
1286,2026-07-11 13:50:00,101496,edge-promo_without_blacklist-085,,5200.29,paid
1287,2026-07-12 14:50:00,101497,edge-promo_without_blacklist-086,,23580.07,paid
1288,2026-07-13 15:50:00,101498,edge-promo_without_blacklist-087,,12110.55,paid
1289,2026-07-14 08:50:00,101499,edge-promo_without_blacklist-088,,20098.91,paid
1290,2026-07-15 09:50:00,101500,edge-promo_without_blacklist-089,,24014.46,paid
1291,2026-07-16 10:50:00,101501,edge-promo_without_blacklist-090,,7635.17,paid
1292,2026-07-17 11:50:00,101502,edge-promo_without_blacklist-091,,20777.01,paid
1293,2026-07-18 12:50:00,101503,edge-promo_without_blacklist-092,,21805.53,paid
1294,2026-07-19 13:50:00,101504,edge-promo_without_blacklist-093,,18291.32,paid
1295,2026-07-20 14:50:00,101505,edge-promo_without_blacklist-094,,365.45,paid
1296,2026-07-21 15:50:00,101506,edge-promo_without_blacklist-095,,9056.61,paid
1297,2026-07-22 08:50:00,101507,edge-promo_without_blacklist-096,,16311.63,paid
1298,2026-07-23 09:50:00,101508,edge-promo_without_blacklist-097,,21065.78,paid
1299,2026-07-24 10:50:00,101509,edge-promo_without_blacklist-098,,5586.14,paid
1300,2026-07-25 11:50:00,101510,edge-promo_without_blacklist-099,,24563.68,paid
1301,2026-07-26 12:50:00,101511,edge-promo_without_blacklist-100,,13158.07,paid
1302,2026-07-27 13:50:00,101512,edge-promo_without_blacklist-101,,6439.19,paid
1303,2026-07-28 14:50:00,101513,edge-promo_without_blacklist-102,,19686.04,paid
1304,2026-07-01 15:50:00,101514,edge-promo_without_blacklist-103,,21343.98,paid
1305,2026-07-02 08:50:00,101515,edge-promo_without_blacklist-104,,14174.5,paid
1306,2026-07-03 09:50:00,101516,edge-promo_without_blacklist-105,,15804.43,paid
1307,2026-07-04 10:50:00,101517,edge-promo_without_blacklist-106,,1576.65,paid
1308,2026-07-05 11:50:00,101518,edge-promo_without_blacklist-107,,16515.22,paid
1309,2026-07-06 12:50:00,101519,edge-promo_without_blacklist-108,,2699.12,paid
1310,2026-07-07 13:50:00,101520,edge-promo_without_blacklist-109,,11704.19,paid
1311,2026-07-08 14:50:00,101521,edge-promo_without_blacklist-110,,22303.47,paid
1312,2026-07-09 15:50:00,101522,edge-promo_without_blacklist-111,,11505.31,paid
1313,2026-07-10 08:50:00,101523,edge-promo_without_blacklist-112,,18175.17,paid
1314,2026-07-11 09:50:00,101524,edge-promo_without_blacklist-113,,15645.05,paid
1315,2026-07-12 10:50:00,101525,edge-promo_without_blacklist-114,,14630.87,paid
1316,2026-07-13 11:50:00,101526,edge-promo_without_blacklist-115,,11754.38,paid
1317,2026-07-14 12:50:00,101527,edge-promo_without_blacklist-116,,15090.97,paid
1318,2026-07-15 13:50:00,101528,edge-promo_without_blacklist-117,,1520.91,paid
1319,2026-07-16 14:50:00,101529,edge-promo_without_blacklist-118,,16251.26,paid
1320,2026-07-17 15:50:00,101530,edge-promo_without_blacklist-119,,7360.18,paid
1321,2026-07-18 08:50:00,101531,edge-promo_without_blacklist-120,,24810.89,paid
1322,2026-07-19 09:50:00,101532,edge-promo_without_blacklist-121,,22050.84,paid
1323,2026-07-20 10:50:00,101533,edge-promo_without_blacklist-122,,9132.12,paid
1324,2026-07-21 11:50:00,101534,edge-promo_without_blacklist-123,,18886.12,paid
1325,2026-07-22 12:50:00,101535,edge-promo_without_blacklist-124,,13568.96,paid
1326,2026-07-23 13:50:00,101536,edge-promo_without_blacklist-125,,2512.4,paid
1327,2026-07-24 14:50:00,101537,edge-promo_without_blacklist-126,,10974.97,paid
1328,2026-07-25 15:50:00,101538,edge-promo_without_blacklist-127,,23840.8,paid
1329,2026-07-26 08:50:00,101539,edge-promo_without_blacklist-128,,20993.09,paid
1330,2026-07-27 09:50:00,101540,edge-promo_without_blacklist-129,,18522.54,paid
1331,2026-07-28 10:50:00,101541,edge-promo_without_blacklist-130,,23002.79,paid
1332,2026-07-01 11:50:00,101542,edge-promo_without_blacklist-131,,4815.71,paid
1333,2026-07-02 12:50:00,101543,edge-promo_without_blacklist-132,,17169.94,paid
1334,2026-07-03 13:50:00,101544,edge-promo_without_blacklist-133,,18403.83,paid
1335,2026-07-04 14:50:00,101545,edge-promo_without_blacklist-134,,24881.74,paid
1336,2026-07-05 15:50:00,101546,edge-promo_without_blacklist-135,,6785.68,paid
1337,2026-07-06 08:50:00,101547,edge-promo_without_blacklist-136,,15484.93,paid
1338,2026-07-07 09:50:00,101548,edge-promo_without_blacklist-137,,8748.93,paid
1339,2026-07-08 10:50:00,101549,edge-promo_without_blacklist-138,,7168.98,paid
1340,2026-07-09 11:50:00,101550,edge-promo_without_blacklist-139,,13561.79,paid
1341,2026-07-10 12:50:00,101551,edge-promo_without_blacklist-140,,16972.23,paid
1342,2026-07-11 13:50:00,101552,edge-promo_without_blacklist-141,,24795.26,paid
1343,2026-07-12 14:50:00,101553,edge-promo_without_blacklist-142,,2642.19,paid
1344,2026-07-13 15:50:00,101554,edge-promo_without_blacklist-143,,19906.78,paid
1345,2026-07-14 08:50:00,101555,edge-promo_without_blacklist-144,,12525,paid
1346,2026-07-15 09:50:00,101556,edge-promo_without_blacklist-145,,24585.47,paid
1347,2026-07-16 10:50:00,101557,edge-promo_without_blacklist-146,,16243.79,paid
1348,2026-07-17 11:50:00,101558,edge-promo_without_blacklist-147,,20461.32,paid
1349,2026-07-18 12:50:00,101559,edge-promo_without_blacklist-148,,4794.89,paid
1350,2026-07-19 13:50:00,101560,edge-promo_without_blacklist-149,,8945.28,paid
1351,2026-07-13 08:50:00,101581,edge-bonus_without_blacklist-000,,8668.23,paid
1352,2026-07-14 09:50:00,101582,edge-bonus_without_blacklist-001,,16081.17,paid
1353,2026-07-15 10:50:00,101583,edge-bonus_without_blacklist-002,,8248.58,paid
1354,2026-07-16 11:50:00,101584,edge-bonus_without_blacklist-003,,20196.84,paid
1355,2026-07-17 12:50:00,101585,edge-bonus_without_blacklist-004,,4739.13,paid
1356,2026-07-18 13:50:00,101586,edge-bonus_without_blacklist-005,,20109.66,paid
1357,2026-07-19 14:50:00,101587,edge-bonus_without_blacklist-006,,15208.41,paid
1358,2026-07-20 15:50:00,101588,edge-bonus_without_blacklist-007,,3922.62,paid
1359,2026-07-21 08:50:00,101589,edge-bonus_without_blacklist-008,,22440.32,paid
1360,2026-07-22 09:50:00,101590,edge-bonus_without_blacklist-009,,4521.57,paid
1361,2026-07-23 10:50:00,101591,edge-bonus_without_blacklist-010,,5496.77,paid
1362,2026-07-24 11:50:00,101592,edge-bonus_without_blacklist-011,,17686.91,paid
1363,2026-07-25 12:50:00,101593,edge-bonus_without_blacklist-012,,7567.04,paid
1364,2026-07-26 13:50:00,101594,edge-bonus_without_blacklist-013,,15783.8,paid
1365,2026-07-27 14:50:00,101595,edge-bonus_without_blacklist-014,,19356.19,paid
1366,2026-07-28 15:50:00,101596,edge-bonus_without_blacklist-015,,12098.94,paid
1367,2026-07-01 08:50:00,101597,edge-bonus_without_blacklist-016,,8342.97,paid
1368,2026-07-02 09:50:00,101598,edge-bonus_without_blacklist-017,,15311.31,paid
1369,2026-07-03 10:50:00,101599,edge-bonus_without_blacklist-018,,15202.22,paid
1370,2026-07-04 11:50:00,101600,edge-bonus_without_blacklist-019,,6714.75,paid
1371,2026-07-05 12:50:00,101601,edge-bonus_without_blacklist-020,,424.03,paid
1372,2026-07-06 13:50:00,101602,edge-bonus_without_blacklist-021,,7356.37,paid
1373,2026-07-07 14:50:00,101603,edge-bonus_without_blacklist-022,,18511.56,paid
1374,2026-07-08 15:50:00,101604,edge-bonus_without_blacklist-023,,23656.11,paid
1375,2026-07-09 08:50:00,101605,edge-bonus_without_blacklist-024,,13487.19,paid
1376,2026-07-10 09:50:00,101606,edge-bonus_without_blacklist-025,,6188.97,paid
1377,2026-07-11 10:50:00,101607,edge-bonus_without_blacklist-026,,23188.44,paid
1378,2026-07-12 11:50:00,101608,edge-bonus_without_blacklist-027,,15305.54,paid
1379,2026-07-13 12:50:00,101609,edge-bonus_without_blacklist-028,,19818.27,paid
1380,2026-07-14 13:50:00,101610,edge-bonus_without_blacklist-029,,13312.76,paid
1381,2026-07-15 14:50:00,101611,edge-bonus_without_blacklist-030,,11169.89,paid
1382,2026-07-16 15:50:00,101612,edge-bonus_without_blacklist-031,,5373.15,paid
1383,2026-07-17 08:50:00,101613,edge-bonus_without_blacklist-032,,23341.41,paid
1384,2026-07-18 09:50:00,101614,edge-bonus_without_blacklist-033,,14276.6,paid
1385,2026-07-19 10:50:00,101615,edge-bonus_without_blacklist-034,,10723.88,paid
1386,2026-07-20 11:50:00,101616,edge-bonus_without_blacklist-035,,17436.33,paid
1387,2026-07-21 12:50:00,101617,edge-bonus_without_blacklist-036,,13341.08,paid
1388,2026-07-22 13:50:00,101618,edge-bonus_without_blacklist-037,,23588.45,paid
1389,2026-07-23 14:50:00,101619,edge-bonus_without_blacklist-038,,23350.24,paid
1390,2026-07-24 15:50:00,101620,edge-bonus_without_blacklist-039,,24530.54,paid
1391,2026-07-25 08:50:00,101621,edge-bonus_without_blacklist-040,,10381.94,paid
1392,2026-07-26 09:50:00,101622,edge-bonus_without_blacklist-041,,21830.31,paid
1393,2026-07-27 10:50:00,101623,edge-bonus_without_blacklist-042,,20794.31,paid
1394,2026-07-28 11:50:00,101624,edge-bonus_without_blacklist-043,,2114.37,paid
1395,2026-07-01 12:50:00,101625,edge-bonus_without_blacklist-044,,12674.69,paid
1396,2026-07-02 13:50:00,101626,edge-bonus_without_blacklist-045,,6066.4,paid
1397,2026-07-03 14:50:00,101627,edge-bonus_without_blacklist-046,,3664.3,paid
1398,2026-07-04 15:50:00,101628,edge-bonus_without_blacklist-047,,8835.26,paid
1399,2026-07-05 08:50:00,101629,edge-bonus_without_blacklist-048,,4302.14,paid
1400,2026-07-06 09:50:00,101630,edge-bonus_without_blacklist-049,,18789.4,paid
1401,2026-07-07 10:50:00,101631,edge-bonus_without_blacklist-050,,7678.54,paid
1402,2026-07-08 11:50:00,101632,edge-bonus_without_blacklist-051,,19362.08,paid
1403,2026-07-09 12:50:00,101633,edge-bonus_without_blacklist-052,,20706.25,paid
1404,2026-07-10 13:50:00,101634,edge-bonus_without_blacklist-053,,15325.15,paid
1405,2026-07-11 14:50:00,101635,edge-bonus_without_blacklist-054,,21074.41,paid
1406,2026-07-12 15:50:00,101636,edge-bonus_without_blacklist-055,,8173.39,paid
1407,2026-07-13 08:50:00,101637,edge-bonus_without_blacklist-056,,1933.2,paid
1408,2026-07-14 09:50:00,101638,edge-bonus_without_blacklist-057,,17347.63,paid
1409,2026-07-15 10:50:00,101639,edge-bonus_without_blacklist-058,,19796.15,paid
1410,2026-07-16 11:50:00,101640,edge-bonus_without_blacklist-059,,12795.17,paid
1411,2026-07-17 12:50:00,101641,edge-bonus_without_blacklist-060,,24544.81,paid
1412,2026-07-18 13:50:00,101642,edge-bonus_without_blacklist-061,,4773.55,paid
1413,2026-07-19 14:50:00,101643,edge-bonus_without_blacklist-062,,5820.69,paid
1414,2026-07-20 15:50:00,101644,edge-bonus_without_blacklist-063,,16027.99,paid
1415,2026-07-21 08:50:00,101645,edge-bonus_without_blacklist-064,,15865.97,paid
1416,2026-07-22 09:50:00,101646,edge-bonus_without_blacklist-065,,1059.71,paid
1417,2026-07-23 10:50:00,101647,edge-bonus_without_blacklist-066,,8588.57,paid
1418,2026-07-24 11:50:00,101648,edge-bonus_without_blacklist-067,,19168.14,paid
1419,2026-07-25 12:50:00,101649,edge-bonus_without_blacklist-068,,8074.48,paid
1420,2026-07-26 13:50:00,101650,edge-bonus_without_blacklist-069,,3759.92,paid
1421,2026-07-27 14:50:00,101651,edge-bonus_without_blacklist-070,,10695.22,paid
1422,2026-07-28 15:50:00,101652,edge-bonus_without_blacklist-071,,2189.46,paid
1423,2026-07-01 08:50:00,101653,edge-bonus_without_blacklist-072,,21985.34,paid
1424,2026-07-02 09:50:00,101654,edge-bonus_without_blacklist-073,,10876.94,paid
1425,2026-07-03 10:50:00,101655,edge-bonus_without_blacklist-074,,16573.89,paid
1426,2026-07-04 11:50:00,101656,edge-bonus_without_blacklist-075,,14150.03,paid
1427,2026-07-05 12:50:00,101657,edge-bonus_without_blacklist-076,,12656.23,paid
1428,2026-07-06 13:50:00,101658,edge-bonus_without_blacklist-077,,6922.46,paid
1429,2026-07-07 14:50:00,101659,edge-bonus_without_blacklist-078,,24887.6,paid
1430,2026-07-08 15:50:00,101660,edge-bonus_without_blacklist-079,,12111.34,paid
1431,2026-07-09 08:50:00,101661,edge-bonus_without_blacklist-080,,1212.18,paid
1432,2026-07-10 09:50:00,101662,edge-bonus_without_blacklist-081,,549.26,paid
1433,2026-07-11 10:50:00,101663,edge-bonus_without_blacklist-082,,24231.24,paid
1434,2026-07-12 11:50:00,101664,edge-bonus_without_blacklist-083,,11287.79,paid
1435,2026-07-13 12:50:00,101665,edge-bonus_without_blacklist-084,,958.49,paid
1436,2026-07-14 13:50:00,101666,edge-bonus_without_blacklist-085,,19326.23,paid
1437,2026-07-15 14:50:00,101667,edge-bonus_without_blacklist-086,,14813.76,paid
1438,2026-07-16 15:50:00,101668,edge-bonus_without_blacklist-087,,7650.45,paid
1439,2026-07-17 08:50:00,101669,edge-bonus_without_blacklist-088,,17553.78,paid
1440,2026-07-18 09:50:00,101670,edge-bonus_without_blacklist-089,,16718.63,paid
1441,2026-07-19 10:50:00,101671,edge-bonus_without_blacklist-090,,18910.47,paid
1442,2026-07-20 11:50:00,101672,edge-bonus_without_blacklist-091,,10923,paid
1443,2026-07-21 12:50:00,101673,edge-bonus_without_blacklist-092,,5037.9,paid
1444,2026-07-22 13:50:00,101674,edge-bonus_without_blacklist-093,,8156.41,paid
1445,2026-07-23 14:50:00,101675,edge-bonus_without_blacklist-094,,17297.3,paid
1446,2026-07-24 15:50:00,101676,edge-bonus_without_blacklist-095,,534.69,paid
1447,2026-07-25 08:50:00,101677,edge-bonus_without_blacklist-096,,4524.56,paid
1448,2026-07-26 09:50:00,101678,edge-bonus_without_blacklist-097,,6491.24,paid
1449,2026-07-27 10:50:00,101679,edge-bonus_without_blacklist-098,,10098.44,paid
1450,2026-07-28 11:50:00,101680,edge-bonus_without_blacklist-099,,11361.12,paid
1451,2026-07-01 12:50:00,101681,edge-bonus_without_blacklist-100,,7723.99,paid
1452,2026-07-02 13:50:00,101682,edge-bonus_without_blacklist-101,,3308.07,paid
1453,2026-07-03 14:50:00,101683,edge-bonus_without_blacklist-102,,15816.63,paid
1454,2026-07-04 15:50:00,101684,edge-bonus_without_blacklist-103,,10296.43,paid
1455,2026-07-05 08:50:00,101685,edge-bonus_without_blacklist-104,,6397.07,paid
1456,2026-07-06 09:50:00,101686,edge-bonus_without_blacklist-105,,20674.98,paid
1457,2026-07-07 10:50:00,101687,edge-bonus_without_blacklist-106,,4509.36,paid
1458,2026-07-08 11:50:00,101688,edge-bonus_without_blacklist-107,,13190.06,paid
1459,2026-07-09 12:50:00,101689,edge-bonus_without_blacklist-108,,21691.92,paid
1460,2026-07-10 13:50:00,101690,edge-bonus_without_blacklist-109,,7913.99,paid
1461,2026-07-11 14:50:00,101691,edge-bonus_without_blacklist-110,,13220.45,paid
1462,2026-07-12 15:50:00,101692,edge-bonus_without_blacklist-111,,8929.39,paid
1463,2026-07-13 08:50:00,101693,edge-bonus_without_blacklist-112,,19112.58,paid
1464,2026-07-14 09:50:00,101694,edge-bonus_without_blacklist-113,,20713.91,paid
1465,2026-07-15 10:50:00,101695,edge-bonus_without_blacklist-114,,8598.95,paid
1466,2026-07-16 11:50:00,101696,edge-bonus_without_blacklist-115,,4014.31,paid
1467,2026-07-17 12:50:00,101697,edge-bonus_without_blacklist-116,,770.83,paid
1468,2026-07-18 13:50:00,101698,edge-bonus_without_blacklist-117,,21782.49,paid
1469,2026-07-19 14:50:00,101699,edge-bonus_without_blacklist-118,,9760.38,paid
1470,2026-07-20 15:50:00,101700,edge-bonus_without_blacklist-119,,12079.32,paid
1471,2026-07-21 08:50:00,101701,edge-bonus_without_blacklist-120,,22392.38,paid
1472,2026-07-22 09:50:00,101702,edge-bonus_without_blacklist-121,,24006.31,paid
1473,2026-07-23 10:50:00,101703,edge-bonus_without_blacklist-122,,13284.48,paid
1474,2026-07-24 11:50:00,101704,edge-bonus_without_blacklist-123,,15579.38,paid
1475,2026-07-25 12:50:00,101705,edge-bonus_without_blacklist-124,,4341.01,paid
1476,2026-07-26 13:50:00,101706,edge-bonus_without_blacklist-125,,18206.72,paid
1477,2026-07-27 14:50:00,101707,edge-bonus_without_blacklist-126,,8883.16,paid
1478,2026-07-28 15:50:00,101708,edge-bonus_without_blacklist-127,,6033.76,paid
1479,2026-07-01 08:50:00,101709,edge-bonus_without_blacklist-128,,8636.65,paid
1480,2026-07-02 09:50:00,101710,edge-bonus_without_blacklist-129,,7143.29,paid
1481,2026-07-03 10:50:00,101711,edge-bonus_without_blacklist-130,,23216.47,paid
1482,2026-07-04 11:50:00,101712,edge-bonus_without_blacklist-131,,8960.95,paid
1483,2026-07-05 12:50:00,101713,edge-bonus_without_blacklist-132,,15999.28,paid
1484,2026-07-06 13:50:00,101714,edge-bonus_without_blacklist-133,,9193.49,paid
1485,2026-07-07 14:50:00,101715,edge-bonus_without_blacklist-134,,5475.74,paid
1486,2026-07-08 15:50:00,101716,edge-bonus_without_blacklist-135,,24424.73,paid
1487,2026-07-09 08:50:00,101717,edge-bonus_without_blacklist-136,,7449.67,paid
1488,2026-07-10 09:50:00,101718,edge-bonus_without_blacklist-137,,11261.63,paid
1489,2026-07-11 10:50:00,101719,edge-bonus_without_blacklist-138,,2422.7,paid
1490,2026-07-12 11:50:00,101720,edge-bonus_without_blacklist-139,,6493.95,paid
1491,2026-07-13 12:50:00,101721,edge-bonus_without_blacklist-140,,11726.28,paid
1492,2026-07-14 13:50:00,101722,edge-bonus_without_blacklist-141,,6780.88,paid
1493,2026-07-15 14:50:00,101723,edge-bonus_without_blacklist-142,,20653.6,paid
1494,2026-07-16 15:50:00,101724,edge-bonus_without_blacklist-143,,7398.05,paid
1495,2026-07-17 08:50:00,101725,edge-bonus_without_blacklist-144,,11930,paid
1496,2026-07-18 09:50:00,101726,edge-bonus_without_blacklist-145,,9111.73,paid
1497,2026-07-19 10:50:00,101727,edge-bonus_without_blacklist-146,,20076.28,paid
1498,2026-07-20 11:50:00,101728,edge-bonus_without_blacklist-147,,23313.02,paid
1499,2026-07-21 12:50:00,101729,edge-bonus_without_blacklist-148,,10005.29,paid
1500,2026-07-22 13:50:00,101730,edge-bonus_without_blacklist-149,,6052.49,paid
1501,2026-07-16 08:55:00,101751,edge-promo_before_bonus-000,,4356.09,paid
1502,2026-07-17 09:55:00,101752,edge-promo_before_bonus-001,,9376.88,paid
1503,2026-07-18 10:55:00,101753,edge-promo_before_bonus-002,,10302.1,paid
1504,2026-07-19 11:55:00,101754,edge-promo_before_bonus-003,,12167.87,paid
1505,2026-07-20 12:55:00,101755,edge-promo_before_bonus-004,,20059.7,paid
1506,2026-07-21 13:55:00,101756,edge-promo_before_bonus-005,,12412,paid
1507,2026-07-22 14:55:00,101757,edge-promo_before_bonus-006,,5156.27,paid
1508,2026-07-23 15:55:00,101758,edge-promo_before_bonus-007,,15425.55,paid
1509,2026-07-24 08:55:00,101759,edge-promo_before_bonus-008,,20715.64,paid
1510,2026-07-25 09:55:00,101760,edge-promo_before_bonus-009,,22403.61,paid
1511,2026-07-26 10:55:00,101761,edge-promo_before_bonus-010,,14537.82,paid
1512,2026-07-27 11:55:00,101762,edge-promo_before_bonus-011,,11069.95,paid
1513,2026-07-28 12:55:00,101763,edge-promo_before_bonus-012,,15123.19,paid
1514,2026-07-01 13:55:00,101764,edge-promo_before_bonus-013,,14712.44,paid
1515,2026-07-02 14:55:00,101765,edge-promo_before_bonus-014,,7455.08,paid
1516,2026-07-03 15:55:00,101766,edge-promo_before_bonus-015,,22285.88,paid
1517,2026-07-04 08:55:00,101767,edge-promo_before_bonus-016,,15565.21,paid
1518,2026-07-05 09:55:00,101768,edge-promo_before_bonus-017,,1002.77,paid
1519,2026-07-06 10:55:00,101769,edge-promo_before_bonus-018,,10143.34,paid
1520,2026-07-07 11:55:00,101770,edge-promo_before_bonus-019,,13582.54,paid
1521,2026-07-08 12:55:00,101771,edge-promo_before_bonus-020,,8267.52,paid
1522,2026-07-09 13:55:00,101772,edge-promo_before_bonus-021,,11511.02,paid
1523,2026-07-10 14:55:00,101773,edge-promo_before_bonus-022,,7938.97,paid
1524,2026-07-11 15:55:00,101774,edge-promo_before_bonus-023,,450.08,paid
1525,2026-07-12 08:55:00,101775,edge-promo_before_bonus-024,,7910.7,paid
1526,2026-07-13 09:55:00,101776,edge-promo_before_bonus-025,,7749.52,paid
1527,2026-07-14 10:55:00,101777,edge-promo_before_bonus-026,,13485.09,paid
1528,2026-07-15 11:55:00,101778,edge-promo_before_bonus-027,,8376.4,paid
1529,2026-07-16 12:55:00,101779,edge-promo_before_bonus-028,,6920.14,paid
1530,2026-07-17 13:55:00,101780,edge-promo_before_bonus-029,,1409.78,paid
1531,2026-07-18 14:55:00,101781,edge-promo_before_bonus-030,,2381.8,paid
1532,2026-07-19 15:55:00,101782,edge-promo_before_bonus-031,,2584.96,paid
1533,2026-07-20 08:55:00,101783,edge-promo_before_bonus-032,,24195.49,paid
1534,2026-07-21 09:55:00,101784,edge-promo_before_bonus-033,,22328.11,paid
1535,2026-07-22 10:55:00,101785,edge-promo_before_bonus-034,,22850.1,paid
1536,2026-07-23 11:55:00,101786,edge-promo_before_bonus-035,,15868.08,paid
1537,2026-07-24 12:55:00,101787,edge-promo_before_bonus-036,,11400.68,paid
1538,2026-07-25 13:55:00,101788,edge-promo_before_bonus-037,,4273.71,paid
1539,2026-07-26 14:55:00,101789,edge-promo_before_bonus-038,,6409.83,paid
1540,2026-07-27 15:55:00,101790,edge-promo_before_bonus-039,,10309.93,paid
1541,2026-07-28 08:55:00,101791,edge-promo_before_bonus-040,,3986.79,paid
1542,2026-07-01 09:55:00,101792,edge-promo_before_bonus-041,,21315.51,paid
1543,2026-07-02 10:55:00,101793,edge-promo_before_bonus-042,,22399.28,paid
1544,2026-07-03 11:55:00,101794,edge-promo_before_bonus-043,,16118.84,paid
1545,2026-07-04 12:55:00,101795,edge-promo_before_bonus-044,,23622.14,paid
1546,2026-07-05 13:55:00,101796,edge-promo_before_bonus-045,,22534.74,paid
1547,2026-07-06 14:55:00,101797,edge-promo_before_bonus-046,,17915.62,paid
1548,2026-07-07 15:55:00,101798,edge-promo_before_bonus-047,,16427.05,paid
1549,2026-07-08 08:55:00,101799,edge-promo_before_bonus-048,,16793.95,paid
1550,2026-07-09 09:55:00,101800,edge-promo_before_bonus-049,,18529.22,paid
1551,2026-07-10 10:55:00,101801,edge-promo_before_bonus-050,,16549.69,paid
1552,2026-07-11 11:55:00,101802,edge-promo_before_bonus-051,,1928.36,paid
1553,2026-07-12 12:55:00,101803,edge-promo_before_bonus-052,,18425.36,paid
1554,2026-07-13 13:55:00,101804,edge-promo_before_bonus-053,,18868.34,paid
1555,2026-07-14 14:55:00,101805,edge-promo_before_bonus-054,,11582.13,paid
1556,2026-07-15 15:55:00,101806,edge-promo_before_bonus-055,,22437.74,paid
1557,2026-07-16 08:55:00,101807,edge-promo_before_bonus-056,,17393.45,paid
1558,2026-07-17 09:55:00,101808,edge-promo_before_bonus-057,,8516.42,paid
1559,2026-07-18 10:55:00,101809,edge-promo_before_bonus-058,,12804.66,paid
1560,2026-07-19 11:55:00,101810,edge-promo_before_bonus-059,,21907.51,paid
1561,2026-07-20 12:55:00,101811,edge-promo_before_bonus-060,,19702.51,paid
1562,2026-07-21 13:55:00,101812,edge-promo_before_bonus-061,,14439.54,paid
1563,2026-07-22 14:55:00,101813,edge-promo_before_bonus-062,,19925.77,paid
1564,2026-07-23 15:55:00,101814,edge-promo_before_bonus-063,,11695.18,paid
1565,2026-07-24 08:55:00,101815,edge-promo_before_bonus-064,,1513.16,paid
1566,2026-07-25 09:55:00,101816,edge-promo_before_bonus-065,,5836.87,paid
1567,2026-07-26 10:55:00,101817,edge-promo_before_bonus-066,,22866.79,paid
1568,2026-07-27 11:55:00,101818,edge-promo_before_bonus-067,,22866.94,paid
1569,2026-07-28 12:55:00,101819,edge-promo_before_bonus-068,,10162.31,paid
1570,2026-07-01 13:55:00,101820,edge-promo_before_bonus-069,,2920.15,paid
1571,2026-07-02 14:55:00,101821,edge-promo_before_bonus-070,,10433.15,paid
1572,2026-07-03 15:55:00,101822,edge-promo_before_bonus-071,,9010.21,paid
1573,2026-07-04 08:55:00,101823,edge-promo_before_bonus-072,,14922.57,paid
1574,2026-07-05 09:55:00,101824,edge-promo_before_bonus-073,,2166.09,paid
1575,2026-07-06 10:55:00,101825,edge-promo_before_bonus-074,,13900.33,paid
1576,2026-07-07 11:55:00,101826,edge-promo_before_bonus-075,,23531.74,paid
1577,2026-07-08 12:55:00,101827,edge-promo_before_bonus-076,,5868.04,paid
1578,2026-07-09 13:55:00,101828,edge-promo_before_bonus-077,,5956.44,paid
1579,2026-07-10 14:55:00,101829,edge-promo_before_bonus-078,,7765.19,paid
1580,2026-07-11 15:55:00,101830,edge-promo_before_bonus-079,,10807.88,paid
1581,2026-07-12 08:55:00,101831,edge-promo_before_bonus-080,,24801.96,paid
1582,2026-07-13 09:55:00,101832,edge-promo_before_bonus-081,,15990.3,paid
1583,2026-07-14 10:55:00,101833,edge-promo_before_bonus-082,,20228.66,paid
1584,2026-07-15 11:55:00,101834,edge-promo_before_bonus-083,,24181.46,paid
1585,2026-07-16 12:55:00,101835,edge-promo_before_bonus-084,,12204.72,paid
1586,2026-07-17 13:55:00,101836,edge-promo_before_bonus-085,,2909.67,paid
1587,2026-07-18 14:55:00,101837,edge-promo_before_bonus-086,,6024.55,paid
1588,2026-07-19 15:55:00,101838,edge-promo_before_bonus-087,,7135.24,paid
1589,2026-07-20 08:55:00,101839,edge-promo_before_bonus-088,,6648.48,paid
1590,2026-07-21 09:55:00,101840,edge-promo_before_bonus-089,,18009.75,paid
1591,2026-07-22 10:55:00,101841,edge-promo_before_bonus-090,,19284.43,paid
1592,2026-07-23 11:55:00,101842,edge-promo_before_bonus-091,,24870.76,paid
1593,2026-07-24 12:55:00,101843,edge-promo_before_bonus-092,,14021.89,paid
1594,2026-07-25 13:55:00,101844,edge-promo_before_bonus-093,,3848.19,paid
1595,2026-07-26 14:55:00,101845,edge-promo_before_bonus-094,,4610.78,paid
1596,2026-07-27 15:55:00,101846,edge-promo_before_bonus-095,,17203.34,paid
1597,2026-07-28 08:55:00,101847,edge-promo_before_bonus-096,,16048.86,paid
1598,2026-07-01 09:55:00,101848,edge-promo_before_bonus-097,,5909.36,paid
1599,2026-07-02 10:55:00,101849,edge-promo_before_bonus-098,,14263.13,paid
1600,2026-07-03 11:55:00,101850,edge-promo_before_bonus-099,,8864.33,paid
1601,2026-07-04 12:55:00,101851,edge-promo_before_bonus-100,,16670.27,paid
1602,2026-07-05 13:55:00,101852,edge-promo_before_bonus-101,,3080.2,paid
1603,2026-07-06 14:55:00,101853,edge-promo_before_bonus-102,,3671.29,paid
1604,2026-07-07 15:55:00,101854,edge-promo_before_bonus-103,,14282.39,paid
1605,2026-07-08 08:55:00,101855,edge-promo_before_bonus-104,,23050.63,paid
1606,2026-07-09 09:55:00,101856,edge-promo_before_bonus-105,,11095.92,paid
1607,2026-07-10 10:55:00,101857,edge-promo_before_bonus-106,,2718.23,paid
1608,2026-07-11 11:55:00,101858,edge-promo_before_bonus-107,,4312.51,paid
1609,2026-07-12 12:55:00,101859,edge-promo_before_bonus-108,,7870.46,paid
1610,2026-07-13 13:55:00,101860,edge-promo_before_bonus-109,,15118.5,paid
1611,2026-07-14 14:55:00,101861,edge-promo_before_bonus-110,,11486.87,paid
1612,2026-07-15 15:55:00,101862,edge-promo_before_bonus-111,,14846.41,paid
1613,2026-07-16 08:55:00,101863,edge-promo_before_bonus-112,,22664.84,paid
1614,2026-07-17 09:55:00,101864,edge-promo_before_bonus-113,,17153.15,paid
1615,2026-07-18 10:55:00,101865,edge-promo_before_bonus-114,,14865.65,paid
1616,2026-07-19 11:55:00,101866,edge-promo_before_bonus-115,,22334.09,paid
1617,2026-07-20 12:55:00,101867,edge-promo_before_bonus-116,,19405.98,paid
1618,2026-07-21 13:55:00,101868,edge-promo_before_bonus-117,,8502.44,paid
1619,2026-07-22 14:55:00,101869,edge-promo_before_bonus-118,,14815.02,paid
1620,2026-07-23 15:55:00,101870,edge-promo_before_bonus-119,,24045.6,paid
1621,2026-07-24 08:55:00,101871,edge-promo_before_bonus-120,,1969.12,paid
1622,2026-07-25 09:55:00,101872,edge-promo_before_bonus-121,,3319.26,paid
1623,2026-07-26 10:55:00,101873,edge-promo_before_bonus-122,,22774.15,paid
1624,2026-07-27 11:55:00,101874,edge-promo_before_bonus-123,,10778.36,paid
1625,2026-07-28 12:55:00,101875,edge-promo_before_bonus-124,,706.16,paid
1626,2026-07-01 13:55:00,101876,edge-promo_before_bonus-125,,11370.03,paid
1627,2026-07-02 14:55:00,101877,edge-promo_before_bonus-126,,14539.39,paid
1628,2026-07-03 15:55:00,101878,edge-promo_before_bonus-127,,16973.82,paid
1629,2026-07-04 08:55:00,101879,edge-promo_before_bonus-128,,1679.71,paid
1630,2026-07-05 09:55:00,101880,edge-promo_before_bonus-129,,12839.61,paid
1631,2026-07-06 10:55:00,101881,edge-promo_before_bonus-130,,2955.3,paid
1632,2026-07-07 11:55:00,101882,edge-promo_before_bonus-131,,23135.24,paid
1633,2026-07-08 12:55:00,101883,edge-promo_before_bonus-132,,11793.06,paid
1634,2026-07-09 13:55:00,101884,edge-promo_before_bonus-133,,24073.94,paid
1635,2026-07-10 14:55:00,101885,edge-promo_before_bonus-134,,9496.1,paid
1636,2026-07-11 15:55:00,101886,edge-promo_before_bonus-135,,2052.18,paid
1637,2026-07-12 08:55:00,101887,edge-promo_before_bonus-136,,10813.13,paid
1638,2026-07-13 09:55:00,101888,edge-promo_before_bonus-137,,7843.46,paid
1639,2026-07-14 10:55:00,101889,edge-promo_before_bonus-138,,7413.4,paid
1640,2026-07-15 11:55:00,101890,edge-promo_before_bonus-139,,13904.48,paid
1641,2026-07-16 12:55:00,101891,edge-promo_before_bonus-140,,21974.35,paid
1642,2026-07-17 13:55:00,101892,edge-promo_before_bonus-141,,16545.66,paid
1643,2026-07-18 14:55:00,101893,edge-promo_before_bonus-142,,17003.6,paid
1644,2026-07-19 15:55:00,101894,edge-promo_before_bonus-143,,11040.64,paid
1645,2026-07-20 08:55:00,101895,edge-promo_before_bonus-144,,13290.46,paid
1646,2026-07-21 09:55:00,101896,edge-promo_before_bonus-145,,16827.21,paid
1647,2026-07-22 10:55:00,101897,edge-promo_before_bonus-146,,20066.33,paid
1648,2026-07-23 11:55:00,101898,edge-promo_before_bonus-147,,16086.62,paid
1649,2026-07-24 12:55:00,101899,edge-promo_before_bonus-148,,24890.27,paid
1650,2026-07-25 13:55:00,101900,edge-promo_before_bonus-149,,8488.36,paid
1651,2026-07-23 11:10:43,104018,order-only-000000,,8437.73,completed
1652,2026-07-28 02:02:43,104412,order-only-000001,,11671.14,paid
1653,2026-07-31 12:25:28,104216,order-only-000002,,20596.73,completed
1654,2026-07-05 16:47:13,101646,order-only-000003,PROMO036,23951.85,paid
1655,2026-07-21 03:51:16,102052,order-only-000004,,17830.44,paid
1656,2026-07-23 09:31:47,104453,order-only-000005,,1739.38,paid
1657,2026-07-17 14:15:08,100960,order-only-000006,,16639.58,paid
1658,2026-07-23 00:49:52,101594,order-only-000007,PROMO055,16049.34,paid
1659,2026-07-12 12:52:14,100452,order-only-000008,,21730.62,completed
1660,2026-07-15 17:14:24,103493,order-only-000009,,7092.49,paid
1661,2026-07-25 00:31:49,104908,order-only-000010,,7963.01,cancelled
1662,2026-07-20 04:20:06,100113,order-only-000011,,2708.08,completed
1663,2026-07-05 19:39:02,100900,order-only-000012,,2842.35,paid
1664,2026-07-01 02:11:09,103365,order-only-000013,PROMO019,15718.07,created
1665,2026-07-31 17:47:44,104806,order-only-000014,PROMO044,7687.73,paid
1666,2026-07-14 02:32:30,101813,order-only-000015,PROMO010,7607.32,completed
1667,2026-07-09 08:53:51,104884,order-only-000016,,23159.21,completed
1668,2026-07-25 06:14:32,101714,order-only-000017,PROMO104,22775.32,cancelled
1669,2026-07-21 12:19:03,103675,order-only-000018,PROMO029,6854.44,paid
1670,2026-07-25 10:29:05,104424,order-only-000019,,587.27,completed
1671,2026-07-27 07:12:21,101730,order-only-000020,,18654.16,completed
1672,2026-07-23 06:12:41,103213,order-only-000021,PROMO071,15966.79,paid
1673,2026-07-05 14:11:33,100050,order-only-000022,PROMO067,9424.26,paid
1674,2026-07-01 23:35:54,103634,order-only-000023,,19609.74,cancelled
1675,2026-07-10 14:55:46,102109,order-only-000024,,766.92,completed
1676,2026-07-19 16:37:08,101185,order-only-000025,,20253.57,completed
1677,2026-07-11 17:09:52,103088,order-only-000026,,19374.5,paid
1678,2026-07-21 10:57:53,104944,order-only-000027,PROMO048,5880.12,created
1679,2026-07-10 16:38:17,103889,order-only-000028,,12982.49,completed
1680,2026-07-16 00:54:04,103950,order-only-000029,PROMO024,6953.49,created
1681,2026-07-10 13:44:27,103953,order-only-000030,PROMO102,2262.07,cancelled
1682,2026-07-16 19:34:50,102219,order-only-000031,,15971.61,paid
1683,2026-07-04 19:47:15,102255,order-only-000032,,4852.54,paid
1684,2026-07-20 06:09:21,100098,order-only-000033,,14559.96,paid
1685,2026-07-29 18:48:19,104987,order-only-000034,,5454.99,completed
1686,2026-07-03 00:22:42,100131,order-only-000035,PROMO087,8994.86,paid
1687,2026-07-17 16:15:36,103124,order-only-000036,,14100.89,paid
1688,2026-07-19 03:03:32,102320,order-only-000037,,9881.81,cancelled
1689,2026-07-21 07:52:31,102390,order-only-000038,,13951.96,created
1690,2026-07-02 12:21:00,101641,order-only-000039,PROMO019,21368.03,completed
1691,2026-07-17 07:20:58,100602,order-only-000040,PROMO012,9292.66,completed
1692,2026-07-27 22:19:03,104734,order-only-000041,,18181.55,created
1693,2026-07-02 09:36:35,102753,order-only-000042,PROMO007,22320.23,completed
1694,2026-07-03 06:00:10,102835,order-only-000043,,24812.23,paid
1695,2026-07-08 11:45:22,104062,order-only-000044,,2944.83,paid
1696,2026-07-18 13:57:36,101142,order-only-000045,,14827.31,completed
1697,2026-07-22 05:58:35,102413,order-only-000046,PROMO097,16597.42,completed
1698,2026-07-30 05:08:43,104369,order-only-000047,PROMO057,22760.66,paid
1699,2026-07-25 22:37:41,101972,order-only-000048,PROMO103,8137.96,paid
1700,2026-07-10 19:25:19,103076,order-only-000049,,19889.13,completed
1701,2026-07-25 19:38:14,103325,order-only-000050,,10724.31,cancelled
1702,2026-07-22 14:27:10,100184,order-only-000051,,18666.93,completed
1703,2026-07-18 02:37:06,100161,order-only-000052,,10951.57,completed
1704,2026-07-14 21:25:02,102497,order-only-000053,,6248.2,cancelled
1705,2026-07-08 13:06:16,101599,order-only-000054,,11114.28,cancelled
1706,2026-07-12 11:36:08,100819,order-only-000055,,15477.06,paid
1707,2026-07-26 20:27:19,102135,order-only-000056,,16811.54,completed
1708,2026-07-11 12:19:43,104804,order-only-000057,,23036.88,cancelled
1709,2026-07-01 21:31:50,104520,order-only-000058,,11426.99,cancelled
1710,2026-07-10 18:02:47,101696,order-only-000059,PROMO116,2870.85,paid
1711,2026-07-06 16:45:19,100885,order-only-000060,PROMO002,6126.39,paid
1712,2026-07-16 21:07:10,101033,order-only-000061,,16894.89,created
1713,2026-07-06 03:18:13,104473,order-only-000062,,22119.53,paid
1714,2026-07-09 17:07:11,100561,order-only-000063,,3442.99,paid
1715,2026-07-11 23:35:38,104390,order-only-000064,,8170.83,paid
1716,2026-07-12 03:53:49,104206,order-only-000065,,23965.16,created
1717,2026-07-30 09:01:22,103722,order-only-000066,,2163.56,created
1718,2026-07-23 15:22:11,104547,order-only-000067,,13229.44,created
1719,2026-07-22 20:38:11,102427,order-only-000068,PROMO043,5428.07,completed
1720,2026-07-08 22:19:04,102404,order-only-000069,,24874.84,paid
1721,2026-07-17 16:01:09,102918,order-only-000070,,2422.58,completed
1722,2026-07-08 00:32:03,100234,order-only-000071,,20506.77,completed
1723,2026-07-29 07:48:38,102752,order-only-000072,,2035.1,paid
1724,2026-07-04 18:07:54,103916,order-only-000073,,2765.46,cancelled
1725,2026-07-09 14:50:48,101091,order-only-000074,PROMO085,17325.49,paid
1726,2026-07-08 12:17:41,102342,order-only-000075,,14819.51,cancelled
1727,2026-07-02 06:45:35,102445,order-only-000076,PROMO023,20052.06,cancelled
1728,2026-07-04 04:49:59,103752,order-only-000077,PROMO040,12443.84,cancelled
1729,2026-07-17 17:34:50,100040,order-only-000078,PROMO002,19997.53,paid
1730,2026-07-26 06:47:56,101562,order-only-000079,PROMO050,12665.33,paid
1731,2026-07-18 14:56:58,104027,order-only-000080,,21282.01,paid
1732,2026-07-14 23:21:34,102136,order-only-000081,,11826.41,created
1733,2026-07-30 12:59:21,100977,order-only-000082,PROMO035,11565.2,completed
1734,2026-07-26 00:44:39,102395,order-only-000083,,14381.45,paid
1735,2026-07-18 18:39:52,103602,order-only-000084,PROMO109,20859.82,created
1736,2026-07-13 18:10:23,100451,order-only-000085,PROMO070,22907.96,completed
1737,2026-07-25 18:58:03,104120,order-only-000086,,17293.43,cancelled
1738,2026-07-19 01:42:09,100479,order-only-000087,PROMO111,18543.84,paid
1739,2026-07-22 13:23:27,100864,order-only-000088,PROMO076,12117.79,completed
1740,2026-07-02 17:21:49,103675,order-only-000089,PROMO055,24515.69,completed
1741,2026-07-31 18:26:19,101249,order-only-000090,,18161.41,paid
1742,2026-07-21 21:27:55,103844,order-only-000091,,16368.77,cancelled
1743,2026-07-07 21:20:06,100168,order-only-000092,,18165.99,paid
1744,2026-07-29 21:00:13,104517,order-only-000093,PROMO028,17095.94,paid
1745,2026-07-15 07:18:18,100713,order-only-000094,,4128.28,paid
1746,2026-07-26 07:16:07,101507,order-only-000095,PROMO048,5594.59,completed
1747,2026-07-28 04:32:14,103334,order-only-000096,,21474.18,created
1748,2026-07-15 19:10:29,100205,order-only-000097,,7754.07,paid
1749,2026-07-28 16:28:12,103676,order-only-000098,,17054.78,completed
1750,2026-07-08 15:00:12,101923,order-only-000099,,10841.54,cancelled
1751,2026-07-20 13:43:44,103802,order-only-000100,,20965.57,cancelled
1752,2026-07-16 13:08:59,101688,order-only-000101,,12829.49,paid
1753,2026-07-27 17:20:14,102975,order-only-000102,PROMO086,14518.5,paid
1754,2026-07-18 23:40:29,104122,order-only-000103,PROMO070,1148.93,cancelled
1755,2026-07-08 20:43:10,100283,order-only-000104,,12419.09,paid
1756,2026-07-03 15:43:52,101247,order-only-000105,PROMO070,3573.92,paid
1757,2026-07-12 12:56:48,100705,order-only-000106,,3798.2,paid
1758,2026-07-17 18:42:49,100456,order-only-000107,,1970.98,cancelled
1759,2026-07-04 13:14:38,104850,order-only-000108,,8898.46,paid
1760,2026-07-12 18:56:48,101324,order-only-000109,PROMO085,13650.3,paid
1761,2026-07-30 06:08:58,100778,order-only-000110,,14541.91,cancelled
1762,2026-07-20 00:40:57,104918,order-only-000111,,16440.32,paid
1763,2026-07-16 14:27:23,103526,order-only-000112,,15556.45,cancelled
1764,2026-07-30 19:48:14,103781,order-only-000113,,4553.36,paid
1765,2026-07-23 13:07:00,103365,order-only-000114,,11383.83,created
1766,2026-07-28 23:20:29,101295,order-only-000115,,17095.64,completed
1767,2026-07-01 10:02:06,103056,order-only-000116,PROMO013,23466.47,paid
1768,2026-07-18 03:01:11,103773,order-only-000117,PROMO073,22369.56,paid
1769,2026-07-07 16:43:15,103248,order-only-000118,PROMO105,6619.58,paid
1770,2026-07-30 05:43:23,102971,order-only-000119,PROMO101,350.38,paid
1771,2026-07-30 15:04:09,101858,order-only-000120,,15242.95,completed
1772,2026-07-28 02:28:28,100232,order-only-000121,,5089.21,cancelled
1773,2026-07-06 04:09:04,103127,order-only-000122,,14328.05,created
1774,2026-07-21 08:50:01,100692,order-only-000123,,17117.7,paid
1775,2026-07-09 16:53:40,103526,order-only-000124,PROMO093,11780.71,completed
1776,2026-07-22 14:40:15,103304,order-only-000125,,2967.52,completed
1777,2026-07-11 10:35:39,101294,order-only-000126,,11812.96,completed
1778,2026-07-23 20:30:52,102698,order-only-000127,,23616.8,paid
1779,2026-07-09 22:40:03,102422,order-only-000128,PROMO022,10561.62,paid
1780,2026-07-29 05:18:09,104322,order-only-000129,PROMO100,13917.79,completed
1781,2026-07-05 16:41:31,101197,order-only-000130,,23348.96,cancelled
1782,2026-07-28 09:53:50,104255,order-only-000131,PROMO108,18860.27,cancelled
1783,2026-07-15 17:11:52,102257,order-only-000132,PROMO086,7729.06,created
1784,2026-07-26 14:01:41,101551,order-only-000133,,10391.23,paid
1785,2026-07-19 01:17:43,100951,order-only-000134,,11343.77,paid
1786,2026-07-21 01:53:29,104742,order-only-000135,,2658.81,cancelled
1787,2026-07-06 02:23:24,101379,order-only-000136,PROMO045,8098.98,paid
1788,2026-07-29 09:22:12,100949,order-only-000137,PROMO077,10228.2,completed
1789,2026-07-13 14:47:39,101806,order-only-000138,PROMO046,22232.64,completed
1790,2026-07-19 10:01:02,100742,order-only-000139,PROMO056,23645.73,cancelled
1791,2026-07-17 04:52:56,101855,order-only-000140,PROMO070,10178.1,completed
1792,2026-07-26 10:42:08,103633,order-only-000141,,13930.46,paid
1793,2026-07-24 21:59:55,100884,order-only-000142,,8098.62,cancelled
1794,2026-07-16 18:36:05,101414,order-only-000143,,10670.55,paid
1795,2026-07-13 08:03:41,104934,order-only-000144,,1858.51,completed
1796,2026-07-15 10:07:33,102347,order-only-000145,,13977.54,paid
1797,2026-07-24 20:25:30,103593,order-only-000146,,5777.18,completed
1798,2026-07-29 06:57:46,103077,order-only-000147,,6146.28,paid
1799,2026-07-08 04:19:21,101161,order-only-000148,PROMO076,11718.71,paid
1800,2026-07-21 19:07:42,100870,order-only-000149,PROMO114,12589.1,paid
1801,2026-07-29 19:23:54,103682,order-only-000150,,5992.43,completed
1802,2026-07-10 11:40:06,102702,order-only-000151,PROMO049,5181.4,completed
1803,2026-07-02 17:17:40,100025,order-only-000152,,4507.29,cancelled
1804,2026-07-26 01:58:28,101784,order-only-000153,PROMO104,10005.37,paid
1805,2026-07-27 05:05:25,104541,order-only-000154,PROMO020,9654.26,cancelled
1806,2026-07-07 03:03:05,101392,order-only-000155,,6623.33,completed
1807,2026-07-09 18:57:55,100671,order-only-000156,,12489.15,paid
1808,2026-07-16 16:58:16,101006,order-only-000157,,19147.92,paid
1809,2026-07-30 20:16:59,100305,order-only-000158,PROMO085,9572.73,cancelled
1810,2026-07-25 03:45:32,102388,order-only-000159,,2273.65,completed
1811,2026-07-31 03:51:19,104186,order-only-000160,PROMO072,1378.62,paid
1812,2026-07-16 14:09:50,104541,order-only-000161,,1200.19,paid
1813,2026-07-04 08:15:42,104922,order-only-000162,,8492.11,paid
1814,2026-07-02 03:18:45,104545,order-only-000163,,16422.25,completed
1815,2026-07-08 23:40:39,101452,order-only-000164,,5678.61,created
1816,2026-07-18 10:11:50,102373,order-only-000165,,3369.15,created
1817,2026-07-31 17:04:12,103599,order-only-000166,PROMO105,24446.68,created
1818,2026-07-26 03:48:58,100107,order-only-000167,,19936.03,created
1819,2026-07-29 11:39:11,100677,order-only-000168,,24823.99,cancelled
1820,2026-07-13 16:13:27,101650,order-only-000169,,8430.81,completed
1821,2026-07-10 19:17:04,100030,order-only-000170,,8255.33,cancelled
1822,2026-07-02 13:52:08,101148,order-only-000171,,3541.36,paid
1823,2026-07-23 20:44:54,104553,order-only-000172,,1780.2,cancelled
1824,2026-07-06 21:03:13,101006,order-only-000173,,12938.24,paid
1825,2026-07-21 09:13:25,101435,order-only-000174,,22396.97,cancelled
1826,2026-07-26 15:45:25,102132,order-only-000175,,3791.61,created
1827,2026-07-18 18:31:54,104552,order-only-000176,,7265.65,paid
1828,2026-07-11 02:23:57,104694,order-only-000177,,9335.27,paid
1829,2026-07-12 15:20:40,102659,order-only-000178,PROMO009,8334.22,completed
1830,2026-07-29 03:54:14,101510,order-only-000179,,3348.46,created
1831,2026-07-15 07:53:35,101208,order-only-000180,,12843.66,cancelled
1832,2026-07-08 23:46:06,100902,order-only-000181,PROMO095,18401.52,paid
1833,2026-07-12 00:50:53,102038,order-only-000182,,4541.61,paid
1834,2026-07-22 18:57:26,100403,order-only-000183,,6833.25,paid
1835,2026-07-17 23:44:59,101842,order-only-000184,,7441.54,completed
1836,2026-07-11 16:11:39,101340,order-only-000185,PROMO050,15075.91,cancelled
1837,2026-07-28 12:49:51,100786,order-only-000186,,5150.08,paid
1838,2026-07-19 05:10:41,101894,order-only-000187,PROMO049,18868.1,completed
1839,2026-07-10 20:29:13,100255,order-only-000188,,23906.22,paid
1840,2026-07-08 07:52:16,100010,order-only-000189,,16022.29,paid
1841,2026-07-28 13:59:04,103842,order-only-000190,PROMO032,7229.97,created
1842,2026-07-14 04:05:54,104309,order-only-000191,,24163.5,paid
1843,2026-07-03 12:18:03,103885,order-only-000192,,21186.8,created
1844,2026-07-20 15:40:37,103454,order-only-000193,,5761.62,paid
1845,2026-07-10 03:59:22,103297,order-only-000194,,5714.69,completed
1846,2026-07-03 20:21:51,103959,order-only-000195,,7924.93,paid
1847,2026-07-12 04:21:00,104930,order-only-000196,,17935.39,completed
1848,2026-07-05 10:13:45,103194,order-only-000197,,18913.19,paid
1849,2026-07-10 01:28:22,102745,order-only-000198,,17908.67,paid
1850,2026-07-10 06:54:40,102605,order-only-000199,,22854.67,created
1851,2026-07-23 22:25:50,100292,order-only-000200,,18429.73,created
1852,2026-07-26 03:08:33,103771,order-only-000201,,1184.21,paid
1853,2026-07-01 05:51:12,104266,order-only-000202,,20338.99,cancelled
1854,2026-07-12 09:32:31,101419,order-only-000203,,1975.94,cancelled
1855,2026-07-10 08:59:10,102285,order-only-000204,PROMO064,24530.55,completed
1856,2026-07-08 05:55:37,100287,order-only-000205,,20618.82,created
1857,2026-07-19 17:02:04,104302,order-only-000206,,812.45,paid
1858,2026-07-05 04:32:08,100268,order-only-000207,,10953.47,cancelled
1859,2026-07-03 04:30:58,104453,order-only-000208,,10211.92,created
1860,2026-07-07 13:10:28,101965,order-only-000209,,797.14,cancelled
1861,2026-07-26 06:18:07,104549,order-only-000210,PROMO106,6017.94,cancelled
1862,2026-07-04 08:23:06,101247,order-only-000211,,13897.42,paid
1863,2026-07-28 15:50:17,103999,order-only-000212,,24048.21,created
1864,2026-07-25 09:03:26,101112,order-only-000213,,5171.63,paid
1865,2026-07-03 16:32:27,104952,order-only-000214,,18575.14,completed
1866,2026-07-14 09:08:43,101188,order-only-000215,,8244.16,completed
1867,2026-07-14 07:28:18,102111,order-only-000216,,9860.78,paid
1868,2026-07-26 23:30:52,103509,order-only-000217,,2493.32,paid
1869,2026-07-23 19:59:07,103234,order-only-000218,PROMO117,17478.84,completed
1870,2026-07-28 07:27:45,102596,order-only-000219,,7063.91,paid
1871,2026-07-29 21:52:07,101903,order-only-000220,,12002.15,paid
1872,2026-07-12 16:06:41,102284,order-only-000221,,19449.84,completed
1873,2026-07-16 04:18:01,101399,order-only-000222,,17909.01,cancelled
1874,2026-07-07 01:05:21,100587,order-only-000223,,6724.11,paid
1875,2026-07-07 19:35:38,104233,order-only-000224,PROMO012,716.14,cancelled
1876,2026-07-02 16:00:17,104460,order-only-000225,PROMO118,21151.98,cancelled
1877,2026-07-12 14:59:17,101202,order-only-000226,,3913.44,completed
1878,2026-07-09 05:53:34,104275,order-only-000227,,17007.71,completed
1879,2026-07-09 07:22:20,101619,order-only-000228,,12502.14,cancelled
1880,2026-07-17 22:36:13,101651,order-only-000229,,9100.19,paid
1881,2026-07-21 03:12:03,104273,order-only-000230,PROMO033,8262.23,completed
1882,2026-07-04 03:28:07,102567,order-only-000231,,5680.65,completed
1883,2026-07-25 06:02:56,104527,order-only-000232,,15373.49,cancelled
1884,2026-07-02 02:13:50,102211,order-only-000233,,11850.75,paid
1885,2026-07-22 23:19:44,101686,order-only-000234,PROMO077,9137.79,completed
1886,2026-07-11 18:46:56,104608,order-only-000235,PROMO001,8927.34,completed
1887,2026-07-30 02:29:39,104644,order-only-000236,,5973.12,completed
1888,2026-07-18 06:47:15,100775,order-only-000237,,22875.47,cancelled
1889,2026-07-19 23:43:36,103720,order-only-000238,PROMO101,1124.01,completed
1890,2026-07-18 08:52:02,102918,order-only-000239,PROMO111,13191.95,cancelled
1891,2026-07-30 00:07:56,104772,order-only-000240,PROMO044,24931.61,paid
1892,2026-07-29 04:54:14,103242,order-only-000241,,12123.18,completed
1893,2026-07-23 22:12:48,102190,order-only-000242,,10272.93,completed
1894,2026-07-11 04:51:32,103774,order-only-000243,,11594.03,paid
1895,2026-07-05 01:49:01,101097,order-only-000244,,24132.63,created
1896,2026-07-16 09:52:00,103391,order-only-000245,,13645.47,completed
1897,2026-07-16 22:51:02,101747,order-only-000246,PROMO086,4105.15,completed
1898,2026-07-04 19:34:23,104176,order-only-000247,PROMO013,13047.89,paid
1899,2026-07-22 22:14:36,102045,order-only-000248,PROMO014,7139.45,cancelled
1900,2026-07-23 09:51:20,104257,order-only-000249,,11572.34,completed
1901,2026-07-28 02:52:27,103827,order-only-000250,PROMO043,17650.72,completed
1902,2026-07-17 00:25:08,101229,order-only-000251,PROMO115,5040.39,paid
1903,2026-07-05 06:19:12,101828,order-only-000252,,22299.18,created
1904,2026-07-03 10:15:43,102860,order-only-000253,,22276.57,paid
1905,2026-07-19 02:14:43,103454,order-only-000254,PROMO017,2508.74,paid
1906,2026-07-31 17:23:27,101299,order-only-000255,PROMO034,10838.8,paid
1907,2026-07-04 19:54:04,102394,order-only-000256,,16348.66,cancelled
1908,2026-07-15 23:07:44,104798,order-only-000257,,23611.79,paid
1909,2026-07-28 20:27:55,100967,order-only-000258,,14575.05,completed
1910,2026-07-24 23:33:48,100118,order-only-000259,,15998.09,cancelled
1911,2026-07-05 10:39:14,102877,order-only-000260,,21709.32,cancelled
1912,2026-07-11 13:33:56,100690,order-only-000261,,11284.09,created
1913,2026-07-27 16:10:10,101278,order-only-000262,PROMO102,8133.98,paid
1914,2026-07-12 17:35:54,102217,order-only-000263,,4215.04,completed
1915,2026-07-01 08:26:52,100530,order-only-000264,,5523.21,completed
1916,2026-07-18 02:09:08,101281,order-only-000265,,16613.42,completed
1917,2026-07-23 00:23:19,101313,order-only-000266,,4379,completed
1918,2026-07-27 19:09:31,103032,order-only-000267,PROMO075,1292.85,paid
1919,2026-07-19 03:01:10,103538,order-only-000268,,3573.91,cancelled
1920,2026-07-11 04:39:12,101376,order-only-000269,,10012.56,completed
1921,2026-07-06 06:07:25,104524,order-only-000270,PROMO077,24581.19,paid
1922,2026-07-21 20:17:01,102780,order-only-000271,PROMO021,11318.92,completed
1923,2026-07-22 08:40:56,104792,order-only-000272,,24579.85,cancelled
1924,2026-07-02 04:23:35,102539,order-only-000273,,14631.46,cancelled
1925,2026-07-17 06:37:49,103370,order-only-000274,,19258.48,completed
1926,2026-07-30 23:05:26,100652,order-only-000275,PROMO011,19546.48,paid
1927,2026-07-20 10:36:10,101119,order-only-000276,,18420.53,paid
1928,2026-07-09 07:28:29,102820,order-only-000277,,4081.61,completed
1929,2026-07-30 04:04:49,103437,order-only-000278,PROMO054,24916.75,paid
1930,2026-07-15 01:56:19,100398,order-only-000279,,9990.33,paid
1931,2026-07-08 01:00:25,102105,order-only-000280,,598.73,created
1932,2026-07-06 21:26:25,101403,order-only-000281,,1479.13,completed
1933,2026-07-25 02:21:54,102646,order-only-000282,,12120.17,paid
1934,2026-07-07 08:01:31,104169,order-only-000283,,11959.75,completed
1935,2026-07-13 09:06:07,101638,order-only-000284,,12132.94,paid
1936,2026-07-16 10:55:06,104735,order-only-000285,,1215.04,created
1937,2026-07-29 11:28:40,102076,order-only-000286,PROMO030,18436.05,paid
1938,2026-07-31 19:43:36,101148,order-only-000287,,12371.7,paid
1939,2026-07-08 16:53:35,104980,order-only-000288,PROMO064,12402.91,paid
1940,2026-07-14 21:09:01,102833,order-only-000289,PROMO074,23190.96,paid
1941,2026-07-06 22:59:15,100623,order-only-000290,,2495.61,completed
1942,2026-07-04 07:20:32,102084,order-only-000291,,15962.95,paid
1943,2026-07-23 02:37:34,101606,order-only-000292,,7377.85,completed
1944,2026-07-22 00:15:33,100842,order-only-000293,,11379.77,completed
1945,2026-07-28 23:24:54,100574,order-only-000294,,4160.66,completed
1946,2026-07-18 10:13:30,101044,order-only-000295,,19858.37,paid
1947,2026-07-02 20:06:03,102018,order-only-000296,,3988.44,completed
1948,2026-07-03 16:14:34,102947,order-only-000297,,11588.01,cancelled
1949,2026-07-27 20:17:52,101393,order-only-000298,,8539.63,completed
1950,2026-07-16 19:54:06,101467,order-only-000299,PROMO107,16116.97,paid
1951,2026-07-13 15:02:29,104453,order-only-000300,PROMO087,1410.63,completed
1952,2026-07-28 20:17:42,102014,order-only-000301,,24092.07,cancelled
1953,2026-07-13 02:00:21,104348,order-only-000302,,6463.84,cancelled
1954,2026-07-31 06:29:17,101848,order-only-000303,,4012.79,completed
1955,2026-07-25 12:18:43,102468,order-only-000304,PROMO119,14135.86,paid
1956,2026-07-14 17:43:03,104417,order-only-000305,PROMO013,3738.74,paid
1957,2026-07-13 00:15:20,104598,order-only-000306,,6862.41,paid
1958,2026-07-04 21:44:05,101942,order-only-000307,PROMO096,14734.4,paid
1959,2026-07-08 06:41:30,100396,order-only-000308,,8814.82,completed
1960,2026-07-10 04:39:48,104082,order-only-000309,PROMO096,4920.52,completed
1961,2026-07-22 01:03:16,104121,order-only-000310,,19986.04,paid
1962,2026-07-10 20:30:07,100884,order-only-000311,,3186.94,created
1963,2026-07-12 06:37:54,103794,order-only-000312,,17919.52,created
1964,2026-07-04 23:35:30,104355,order-only-000313,,19146.38,created
1965,2026-07-10 20:19:56,102606,order-only-000314,PROMO006,2219.21,paid
1966,2026-07-31 06:30:46,100174,order-only-000315,PROMO062,12197.33,paid
1967,2026-07-16 08:37:54,102227,order-only-000316,,6997.92,cancelled
1968,2026-07-22 08:24:53,103738,order-only-000317,,21763.04,paid
1969,2026-07-30 03:33:25,103016,order-only-000318,PROMO021,22078.4,paid
1970,2026-07-25 07:24:45,104789,order-only-000319,,16308.86,completed
1971,2026-07-08 09:09:58,100170,order-only-000320,,1971.1,paid
1972,2026-07-31 18:35:02,100303,order-only-000321,,2374.49,completed
1973,2026-07-19 16:53:54,101419,order-only-000322,PROMO008,4237.9,paid
1974,2026-07-30 05:48:02,100902,order-only-000323,,10366.17,paid
1975,2026-07-27 21:50:17,102979,order-only-000324,PROMO039,5353.58,paid
1976,2026-07-30 01:01:02,100405,order-only-000325,,19112.68,cancelled
1977,2026-07-17 06:17:20,104744,order-only-000326,,4585.17,cancelled
1978,2026-07-18 19:14:33,103487,order-only-000327,,18486.06,completed
1979,2026-07-29 03:45:06,101750,order-only-000328,,22763.97,paid
1980,2026-07-18 03:59:11,103806,order-only-000329,,9485.9,completed
1981,2026-07-22 06:46:22,101649,order-only-000330,PROMO037,3441.61,paid
1982,2026-07-11 00:32:24,100077,order-only-000331,,13667.52,paid
1983,2026-07-14 15:54:43,101523,order-only-000332,PROMO110,21819.34,created
1984,2026-07-30 13:48:25,100882,order-only-000333,,12121.99,paid
1985,2026-07-31 10:16:10,101748,order-only-000334,,22614.13,paid
1986,2026-07-05 03:17:42,100488,order-only-000335,,7848.37,completed
1987,2026-07-13 01:06:25,104059,order-only-000336,PROMO008,10357.23,paid
1988,2026-07-22 23:57:47,101656,order-only-000337,,13244.06,cancelled
1989,2026-07-30 21:49:17,102003,order-only-000338,,24079.14,cancelled
1990,2026-07-07 10:59:44,103304,order-only-000339,,10493.69,completed
1991,2026-07-30 00:37:04,100882,order-only-000340,PROMO078,24578.26,cancelled
1992,2026-07-11 19:09:24,101184,order-only-000341,,13739.69,paid
1993,2026-07-08 20:37:09,100265,order-only-000342,,22158.58,completed
1994,2026-07-18 18:53:57,103172,order-only-000343,,19978.21,paid
1995,2026-07-24 22:14:27,101762,order-only-000344,,21555.25,paid
1996,2026-07-03 07:13:45,104692,order-only-000345,,15809.87,completed
1997,2026-07-11 16:17:55,104402,order-only-000346,PROMO054,20568.21,created
1998,2026-07-19 02:36:24,103268,order-only-000347,,18627.11,created
1999,2026-07-12 06:34:16,103814,order-only-000348,,12894.5,created
2000,2026-07-13 19:55:17,103774,order-only-000349,,6833.11,completed
2001,2026-07-28 00:39:23,103703,order-only-000350,PROMO101,462.05,cancelled
2002,2026-07-11 20:38:02,100563,order-only-000351,,10476.49,completed
2003,2026-07-09 21:43:08,100508,order-only-000352,,15686.98,paid
2004,2026-07-25 04:17:36,101181,order-only-000353,,17957.84,cancelled
2005,2026-07-27 17:14:14,104256,order-only-000354,,16913.44,cancelled
2006,2026-07-13 02:15:38,103232,order-only-000355,,23338.13,paid
2007,2026-07-11 20:30:49,102606,order-only-000356,,20742.65,created
2008,2026-07-10 17:21:22,102528,order-only-000357,,17011.27,completed
2009,2026-07-27 10:23:51,100387,order-only-000358,,22114.38,paid
2010,2026-07-26 10:53:09,100676,order-only-000359,,6977.68,paid
2011,2026-07-03 13:52:13,102408,order-only-000360,PROMO083,1864.26,paid
2012,2026-07-06 16:05:37,104923,order-only-000361,PROMO039,14861.24,completed
2013,2026-07-20 15:31:35,103314,order-only-000362,,8171.73,paid
2014,2026-07-19 16:56:12,101918,order-only-000363,,23910.92,completed
2015,2026-07-16 05:48:20,103216,order-only-000364,,20297.06,paid
2016,2026-07-09 17:22:45,104340,order-only-000365,,17878.16,completed
2017,2026-07-02 10:19:25,100280,order-only-000366,,16754.46,paid
2018,2026-07-05 12:49:45,100633,order-only-000367,,11834.27,paid
2019,2026-07-05 20:40:47,104741,order-only-000368,,15977.46,paid
2020,2026-07-21 21:18:03,104346,order-only-000369,,23576.61,paid
2021,2026-07-19 07:06:56,104514,order-only-000370,,10456.05,completed
2022,2026-07-08 02:20:19,104081,order-only-000371,PROMO062,1873.89,paid
2023,2026-07-31 18:58:03,102116,order-only-000372,PROMO055,11916.27,paid
2024,2026-07-05 13:10:57,100743,order-only-000373,,22635.32,paid
2025,2026-07-07 14:40:12,104430,order-only-000374,,20433.17,paid
2026,2026-07-11 02:14:54,102594,order-only-000375,,16075.38,paid
2027,2026-07-09 13:45:56,100251,order-only-000376,,6294.39,cancelled
2028,2026-07-05 00:49:40,101303,order-only-000377,PROMO008,19155.25,paid
2029,2026-07-13 14:42:52,104592,order-only-000378,,6460.11,paid
2030,2026-07-14 12:20:46,101995,order-only-000379,PROMO038,4313.98,paid
2031,2026-07-09 03:37:28,102789,order-only-000380,PROMO109,20515.63,paid
2032,2026-07-08 13:49:21,103334,order-only-000381,PROMO065,14221.11,completed
2033,2026-07-04 19:00:07,104362,order-only-000382,,2942.18,created
2034,2026-07-11 14:29:15,104670,order-only-000383,PROMO044,10218.91,paid
2035,2026-07-04 00:10:55,101458,order-only-000384,PROMO084,18342.69,paid
2036,2026-07-13 17:46:25,102153,order-only-000385,PROMO001,17795.1,completed
2037,2026-07-06 18:51:00,100188,order-only-000386,,12049.77,completed
2038,2026-07-17 04:34:01,100502,order-only-000387,PROMO007,13633.34,completed
2039,2026-07-16 11:26:11,103589,order-only-000388,,22737.52,created
2040,2026-07-25 21:58:19,104289,order-only-000389,PROMO120,18103.88,paid
2041,2026-07-14 23:38:47,100966,order-only-000390,PROMO024,7153.53,completed
2042,2026-07-24 04:36:56,100195,order-only-000391,,21941.97,paid
2043,2026-07-22 21:58:21,104291,order-only-000392,,14542.2,paid
2044,2026-07-03 21:39:25,101905,order-only-000393,,5947.16,completed
2045,2026-07-13 21:46:05,100875,order-only-000394,PROMO105,15265.53,cancelled
2046,2026-07-18 02:47:03,100803,order-only-000395,PROMO096,5580.4,paid
2047,2026-07-09 01:09:35,100043,order-only-000396,,11990.05,completed
2048,2026-07-06 07:26:43,104843,order-only-000397,,24934.8,completed
2049,2026-07-06 14:48:26,103550,order-only-000398,,22405.19,paid
2050,2026-07-08 20:32:02,101136,order-only-000399,,10741.38,paid
2051,2026-07-24 23:50:09,101297,order-only-000400,PROMO108,12759.34,cancelled
2052,2026-07-31 22:31:42,101828,order-only-000401,,21357.95,completed
2053,2026-07-25 18:12:00,102497,order-only-000402,,18414.24,cancelled
2054,2026-07-02 10:32:09,100493,order-only-000403,PROMO116,6382.97,completed
2055,2026-07-16 04:15:19,103056,order-only-000404,PROMO041,14067.19,cancelled
2056,2026-07-14 23:40:05,100262,order-only-000405,,17901.41,completed
2057,2026-07-24 20:59:54,102845,order-only-000406,PROMO066,12662.29,completed
2058,2026-07-31 14:36:53,102753,order-only-000407,,19445.99,cancelled
2059,2026-07-03 15:03:42,100414,order-only-000408,,23869.35,paid
2060,2026-07-11 17:32:38,104828,order-only-000409,PROMO101,4008.02,created
2061,2026-07-05 19:55:49,102156,order-only-000410,,14255.94,created
2062,2026-07-25 17:34:22,102557,order-only-000411,PROMO099,15592.23,cancelled
2063,2026-07-12 21:27:00,100545,order-only-000412,PROMO101,23470.19,cancelled
2064,2026-07-13 01:36:16,103568,order-only-000413,PROMO079,23094.5,cancelled
2065,2026-07-13 11:21:48,100682,order-only-000414,PROMO047,12286.84,paid
2066,2026-07-18 14:45:51,101477,order-only-000415,PROMO067,1494.43,paid
2067,2026-07-04 03:51:35,102442,order-only-000416,,24515.16,cancelled
2068,2026-07-17 21:08:32,100958,order-only-000417,,3997.64,cancelled
2069,2026-07-16 13:23:25,104981,order-only-000418,,9646.49,paid
2070,2026-07-13 20:44:28,101489,order-only-000419,,3824.2,paid
2071,2026-07-16 07:47:08,101537,order-only-000420,,14939.38,completed
2072,2026-07-30 20:57:48,101509,order-only-000421,PROMO010,7795.45,paid
2073,2026-07-04 07:24:16,100830,order-only-000422,PROMO059,1552.81,cancelled
2074,2026-07-28 09:32:16,100154,order-only-000423,,21338.03,completed
2075,2026-07-16 08:02:23,100059,order-only-000424,,10196.44,paid
2076,2026-07-11 13:37:59,102467,order-only-000425,,6730.2,cancelled
2077,2026-07-16 11:15:21,101166,order-only-000426,,17611.14,paid
2078,2026-07-13 00:50:16,101001,order-only-000427,PROMO063,6109.81,completed
2079,2026-07-25 03:51:59,102281,order-only-000428,,2434.12,completed
2080,2026-07-25 17:30:35,100465,order-only-000429,PROMO066,6279.16,paid
2081,2026-07-24 20:18:32,104402,order-only-000430,,20903.48,completed
2082,2026-07-30 03:31:24,104194,order-only-000431,,19785.9,paid
2083,2026-07-10 06:53:34,103089,order-only-000432,,20043.39,created
2084,2026-07-15 02:39:54,100358,order-only-000433,,19600.07,created
2085,2026-07-21 21:55:07,100922,order-only-000434,,5262.61,paid
2086,2026-07-27 02:12:18,101387,order-only-000435,PROMO082,6063.44,paid
2087,2026-07-15 14:47:22,104473,order-only-000436,PROMO037,21146.49,paid
2088,2026-07-19 12:01:50,102505,order-only-000437,,9546.3,completed
2089,2026-07-15 22:13:39,103640,order-only-000438,,9761.93,completed
2090,2026-07-05 07:16:27,103606,order-only-000439,,19691.58,completed
2091,2026-07-13 03:00:11,100654,order-only-000440,,24100.56,completed
2092,2026-07-30 04:13:40,100096,order-only-000441,,19595.16,created
2093,2026-07-26 17:37:30,103029,order-only-000442,,13808.19,completed
2094,2026-07-08 15:11:31,101150,order-only-000443,PROMO025,11755.95,completed
2095,2026-07-01 09:58:20,100430,order-only-000444,,4544.91,completed
2096,2026-07-31 13:00:58,103512,order-only-000445,PROMO115,6669.58,created
2097,2026-07-31 17:53:10,104419,order-only-000446,,12012.99,paid
2098,2026-07-03 00:41:31,102280,order-only-000447,,3815.33,cancelled
2099,2026-07-27 03:15:01,101270,order-only-000448,,24668.09,created
2100,2026-07-15 03:19:07,102090,order-only-000449,,11442.99,paid
2101,2026-07-27 01:59:54,101574,order-only-000450,,7072.08,cancelled
2102,2026-07-14 09:09:57,101493,order-only-000451,PROMO075,2019.19,created
2103,2026-07-04 11:10:14,102756,order-only-000452,,960.13,completed
2104,2026-07-06 20:26:26,100837,order-only-000453,,9166.57,cancelled
2105,2026-07-19 23:15:24,101354,order-only-000454,,23991.45,created
2106,2026-07-21 02:46:05,103553,order-only-000455,PROMO027,11063.49,paid
2107,2026-07-14 13:42:17,100153,order-only-000456,,8052.78,cancelled
2108,2026-07-10 15:06:39,100058,order-only-000457,,1413.64,cancelled
2109,2026-07-02 15:46:52,104064,order-only-000458,,21041.38,completed
2110,2026-07-02 04:38:18,102782,order-only-000459,,8074.78,paid
2111,2026-07-25 13:01:33,101566,order-only-000460,PROMO083,21025.11,cancelled
2112,2026-07-11 22:49:08,104432,order-only-000461,,2849.01,cancelled
2113,2026-07-06 16:32:12,100805,order-only-000462,PROMO081,4615.92,completed
2114,2026-07-28 07:21:25,100905,order-only-000463,,19809.01,paid
2115,2026-07-05 02:38:48,104977,order-only-000464,,3646.25,paid
2116,2026-07-13 08:02:03,104828,order-only-000465,,24341.39,paid
2117,2026-07-31 06:51:51,100477,order-only-000466,,20566.17,paid
2118,2026-07-18 00:42:57,104106,order-only-000467,,11876.93,completed
2119,2026-07-24 09:15:26,103201,order-only-000468,,21181.71,paid
2120,2026-07-16 09:48:44,102171,order-only-000469,,10335.58,cancelled
2121,2026-07-15 21:48:39,101058,order-only-000470,,14462.76,paid
2122,2026-07-30 19:17:33,101159,order-only-000471,,19757.98,cancelled
2123,2026-07-19 08:10:06,100530,order-only-000472,,7169.15,paid
2124,2026-07-18 04:28:53,102809,order-only-000473,,24765.11,created
2125,2026-07-20 20:59:39,104985,order-only-000474,PROMO058,9095.91,created
2126,2026-07-08 20:05:05,104766,order-only-000475,,9101.22,cancelled
2127,2026-07-22 02:32:45,100423,order-only-000476,,15253.19,paid
2128,2026-07-09 13:17:48,104267,order-only-000477,,4416.9,cancelled
2129,2026-07-16 20:15:39,100166,order-only-000478,,8971.67,created
2130,2026-07-20 06:09:38,104611,order-only-000479,PROMO030,15922.5,completed
2131,2026-07-28 17:02:41,103898,order-only-000480,PROMO079,8776.57,completed
2132,2026-07-05 17:28:38,100576,order-only-000481,,20062.06,completed
2133,2026-07-30 05:35:58,102605,order-only-000482,,4283.08,cancelled
2134,2026-07-04 10:15:13,100593,order-only-000483,,12471.55,created
2135,2026-07-11 09:08:47,102694,order-only-000484,,18281.41,paid
2136,2026-07-04 07:41:40,104811,order-only-000485,PROMO065,7359.32,paid
2137,2026-07-23 23:11:05,104690,order-only-000486,PROMO053,6255.28,created
2138,2026-07-02 15:41:35,102303,order-only-000487,,9155.35,paid
2139,2026-07-13 14:17:04,102279,order-only-000488,PROMO093,14027.03,paid
2140,2026-07-03 10:40:24,101859,order-only-000489,PROMO101,21561.82,paid
2141,2026-07-28 20:32:44,100573,order-only-000490,,16646.83,cancelled
2142,2026-07-12 10:41:48,101358,order-only-000491,,13377.24,completed
2143,2026-07-27 00:08:28,101604,order-only-000492,,15206.55,completed
2144,2026-07-30 06:28:07,102826,order-only-000493,,18194.25,paid
2145,2026-07-02 11:48:24,101116,order-only-000494,,24373.52,paid
2146,2026-07-15 17:16:10,100671,order-only-000495,PROMO077,19680.84,cancelled
2147,2026-07-18 03:11:08,102144,order-only-000496,,8091.92,completed
2148,2026-07-31 04:56:19,104686,order-only-000497,,23353.67,cancelled
2149,2026-07-14 04:25:33,102170,order-only-000498,,18399.82,created
2150,2026-07-01 03:39:13,103732,order-only-000499,,12942.16,completed
2151,2026-07-15 00:44:36,101499,order-only-000500,,22599.53,created
2152,2026-07-06 09:27:12,102818,order-only-000501,,11297,paid
2153,2026-07-19 09:00:27,102746,order-only-000502,,21708.13,completed
2154,2026-07-09 13:31:21,100892,order-only-000503,PROMO036,2831.91,created
2155,2026-07-25 09:22:17,102029,order-only-000504,PROMO095,11533.89,paid
2156,2026-07-28 13:50:13,104819,order-only-000505,PROMO109,10391.66,paid
2157,2026-07-03 16:22:47,101196,order-only-000506,PROMO059,12896.98,paid
2158,2026-07-29 03:06:51,104019,order-only-000507,,19305.01,completed
2159,2026-07-16 17:08:52,100169,order-only-000508,,15119.6,created
2160,2026-07-13 13:21:10,100587,order-only-000509,,19895.53,paid
2161,2026-07-04 17:06:19,104360,order-only-000510,PROMO119,13768.83,cancelled
2162,2026-07-03 17:56:49,101872,order-only-000511,,12504.4,paid
2163,2026-07-16 09:02:16,102508,order-only-000512,,18277.61,created
2164,2026-07-06 16:30:00,101134,order-only-000513,,16735.84,paid
2165,2026-07-15 07:34:32,101911,order-only-000514,,21283.83,cancelled
2166,2026-07-14 01:35:58,103484,order-only-000515,PROMO006,13442.59,cancelled
2167,2026-07-09 03:56:33,102459,order-only-000516,,6878.12,paid
2168,2026-07-28 10:30:10,104901,order-only-000517,,24031.37,created
2169,2026-07-09 19:16:28,102220,order-only-000518,,15288.49,paid
2170,2026-07-12 16:32:16,101286,order-only-000519,,22891.38,paid
2171,2026-07-24 22:11:02,101425,order-only-000520,PROMO038,22148.32,paid
2172,2026-07-05 04:24:17,102256,order-only-000521,,16971.01,completed
2173,2026-07-26 13:42:13,101615,order-only-000522,PROMO034,22608.33,created
2174,2026-07-15 21:20:17,102505,order-only-000523,,14026.21,created
2175,2026-07-25 19:50:58,104534,order-only-000524,PROMO059,8665.8,cancelled
2176,2026-07-09 15:15:06,103893,order-only-000525,PROMO072,19306.09,paid
2177,2026-07-15 09:08:52,104739,order-only-000526,,19753.26,cancelled
2178,2026-07-17 03:46:20,102685,order-only-000527,,19729.95,cancelled
2179,2026-07-09 15:09:58,100135,order-only-000528,,13773.12,cancelled
2180,2026-07-04 17:47:53,104790,order-only-000529,,21115,paid
2181,2026-07-10 06:26:13,101610,order-only-000530,,2362.32,created
2182,2026-07-18 01:02:13,102703,order-only-000531,PROMO095,16827.33,paid
2183,2026-07-18 06:54:54,103989,order-only-000532,PROMO061,11632.08,cancelled
2184,2026-07-23 17:37:36,103334,order-only-000533,PROMO107,9610.34,paid
2185,2026-07-11 15:13:58,101001,order-only-000534,,19560.32,paid
2186,2026-07-20 20:59:12,104179,order-only-000535,,23443.9,completed
2187,2026-07-21 18:09:55,103421,order-only-000536,,21183.37,completed
2188,2026-07-25 11:15:29,100043,order-only-000537,PROMO096,11380.58,completed
2189,2026-07-22 04:01:34,102289,order-only-000538,,17857.01,cancelled
2190,2026-07-18 16:33:04,104108,order-only-000539,,22280.3,cancelled
2191,2026-07-15 01:30:22,100105,order-only-000540,,2690.24,created
2192,2026-07-12 11:04:09,101068,order-only-000541,PROMO017,16449.27,paid
2193,2026-07-12 22:25:42,102344,order-only-000542,,23140.67,completed
2194,2026-07-01 14:21:04,102435,order-only-000543,,21713.86,paid
2195,2026-07-23 00:17:21,104722,order-only-000544,PROMO103,9296.3,cancelled
2196,2026-07-21 12:37:37,104615,order-only-000545,,24114.32,paid
2197,2026-07-13 22:14:44,104209,order-only-000546,,13171.32,cancelled
2198,2026-07-05 01:26:32,104308,order-only-000547,,24905.92,created
2199,2026-07-30 16:49:44,101393,order-only-000548,,13711.88,paid
2200,2026-07-05 17:12:39,103747,order-only-000549,PROMO108,17206.29,paid
2201,2026-07-14 16:10:56,102871,order-only-000550,,19094.76,created
2202,2026-07-22 00:29:20,100640,order-only-000551,,2449.59,completed
2203,2026-07-23 10:31:26,104841,order-only-000552,PROMO060,20995.01,created
2204,2026-07-23 08:14:35,104072,order-only-000553,,1692.03,completed
2205,2026-07-19 16:47:00,102477,order-only-000554,,14514.36,paid
2206,2026-07-21 00:45:01,100764,order-only-000555,,14135.04,completed
2207,2026-07-13 02:06:41,102945,order-only-000556,,6076.67,created
2208,2026-07-29 01:18:35,102192,order-only-000557,,9029.35,cancelled
2209,2026-07-04 01:53:39,104639,order-only-000558,PROMO004,982.38,cancelled
2210,2026-07-23 00:13:43,101209,order-only-000559,,17473.77,paid
2211,2026-07-28 23:18:52,102925,order-only-000560,PROMO034,703.53,cancelled
2212,2026-07-18 15:32:07,101359,order-only-000561,PROMO106,18504.29,completed
2213,2026-07-04 16:06:35,101633,order-only-000562,,1310.65,completed
2214,2026-07-12 04:02:30,104609,order-only-000563,,14337.79,completed
2215,2026-07-28 01:32:02,101491,order-only-000564,,12760.09,paid
2216,2026-07-07 07:27:40,102194,order-only-000565,,21871.39,paid
2217,2026-07-30 23:10:39,103066,order-only-000566,PROMO006,12316.4,paid
2218,2026-07-23 08:29:16,102013,order-only-000567,PROMO050,20099.04,paid
2219,2026-07-31 08:13:06,103635,order-only-000568,,5113.93,paid
2220,2026-07-08 15:51:03,102050,order-only-000569,,12335.19,paid
2221,2026-07-03 06:17:44,102265,order-only-000570,,23439.66,paid
2222,2026-07-06 14:20:27,102323,order-only-000571,,3359.25,cancelled
2223,2026-07-29 21:11:30,102692,order-only-000572,,8915.47,cancelled
2224,2026-07-13 17:19:23,104363,order-only-000573,,6938.97,paid
2225,2026-07-12 19:11:01,100353,order-only-000574,,11317.52,paid
2226,2026-07-27 23:39:50,101626,order-only-000575,PROMO112,14240.88,created
2227,2026-07-24 07:16:50,100476,order-only-000576,,10068.52,cancelled
2228,2026-07-21 08:50:16,100608,order-only-000577,,4230.75,paid
2229,2026-07-11 18:48:20,104189,order-only-000578,,20435.58,completed
2230,2026-07-29 12:02:39,104377,order-only-000579,,14889.69,completed
2231,2026-07-01 16:28:44,101088,order-only-000580,,24285.86,paid
2232,2026-07-31 00:54:34,102849,order-only-000581,PROMO104,22538.2,paid
2233,2026-07-08 09:40:16,101781,order-only-000582,,19029.09,paid
2234,2026-07-29 17:12:23,102708,order-only-000583,,17574.29,paid
2235,2026-07-05 10:26:08,103490,order-only-000584,,6055.49,completed
2236,2026-07-31 16:12:58,102581,order-only-000585,PROMO108,15754.65,created
2237,2026-07-31 16:52:13,103232,order-only-000586,,7909.96,cancelled
2238,2026-07-11 23:16:21,104976,order-only-000587,,17199.98,created
2239,2026-07-20 12:23:54,103084,order-only-000588,,3366.06,paid
2240,2026-07-09 11:52:34,102450,order-only-000589,,5786.28,completed
2241,2026-07-03 13:36:03,102163,order-only-000590,,1383.07,created
2242,2026-07-02 02:54:43,101587,order-only-000591,,16027.22,paid
2243,2026-07-06 08:31:35,103335,order-only-000592,,15058.65,completed
2244,2026-07-30 18:57:33,104850,order-only-000593,PROMO095,11624.82,created
2245,2026-07-13 18:46:45,101155,order-only-000594,PROMO033,17066.83,completed
2246,2026-07-27 10:58:55,103034,order-only-000595,PROMO117,17781.84,paid
2247,2026-07-20 20:27:05,103987,order-only-000596,PROMO021,10991.86,cancelled
2248,2026-07-17 03:01:33,100580,order-only-000597,,13281.17,paid
2249,2026-07-03 11:23:04,100935,order-only-000598,PROMO080,4130.19,paid
2250,2026-07-12 12:48:36,101576,order-only-000599,,19842.9,created
2251,2026-07-22 13:58:49,100390,order-only-000600,,16481.3,created
2252,2026-07-07 20:33:12,100302,order-only-000601,,19443.39,cancelled
2253,2026-07-02 00:44:35,104515,order-only-000602,,5421.22,paid
2254,2026-07-31 04:13:43,101636,order-only-000603,PROMO069,9753.19,paid
2255,2026-07-12 12:08:51,104564,order-only-000604,,10735.82,paid
2256,2026-07-24 09:17:37,103291,order-only-000605,,23694.79,completed
2257,2026-07-21 01:00:25,103133,order-only-000606,,23978.56,completed
2258,2026-07-21 01:01:39,104782,order-only-000607,,23776.86,paid
2259,2026-07-09 23:17:44,101875,order-only-000608,,20269.17,completed
2260,2026-07-26 14:59:09,100201,order-only-000609,,23218.8,cancelled
2261,2026-07-25 11:05:34,102535,order-only-000610,,18695.69,created
2262,2026-07-29 23:27:39,103940,order-only-000611,PROMO047,20014.35,paid
2263,2026-07-16 20:17:49,103419,order-only-000612,,24179.27,completed
2264,2026-07-12 05:53:15,104837,order-only-000613,,19218.42,created
2265,2026-07-31 14:52:38,100394,order-only-000614,,8874.5,cancelled
2266,2026-07-27 23:28:42,100569,order-only-000615,,5760.59,completed
2267,2026-07-15 17:45:04,101219,order-only-000616,PROMO032,13512.31,paid
2268,2026-07-05 14:33:07,104210,order-only-000617,PROMO068,7479.52,paid
2269,2026-07-29 11:06:11,103876,order-only-000618,,14131.91,cancelled
2270,2026-07-26 20:35:31,101129,order-only-000619,,7727.74,paid
2271,2026-07-17 01:44:27,100509,order-only-000620,,16086.4,created
2272,2026-07-13 18:31:08,100865,order-only-000621,,15120.9,cancelled
2273,2026-07-06 17:39:21,103512,order-only-000622,PROMO063,22822.81,cancelled
2274,2026-07-17 21:05:33,101673,order-only-000623,PROMO047,5205.51,completed
2275,2026-07-13 10:41:30,102588,order-only-000624,,16885.09,paid
2276,2026-07-24 22:56:04,103064,order-only-000625,PROMO040,7068.61,completed
2277,2026-07-16 04:39:41,104976,order-only-000626,,15711.6,cancelled
2278,2026-07-09 09:45:00,100534,order-only-000627,PROMO096,6878.75,paid
2279,2026-07-19 01:42:02,101791,order-only-000628,,16586.83,created
2280,2026-07-16 21:58:14,101643,order-only-000629,PROMO089,14670.48,completed
2281,2026-07-28 02:29:29,102834,order-only-000630,PROMO009,18982.65,paid
2282,2026-07-11 13:20:59,103020,order-only-000631,,1094.05,paid
2283,2026-07-13 06:28:17,101329,order-only-000632,PROMO093,7489.77,completed
2284,2026-07-05 14:11:23,104368,order-only-000633,,21416.56,completed
2285,2026-07-18 00:32:05,104189,order-only-000634,,23044.49,paid
2286,2026-07-18 17:46:24,101906,order-only-000635,,14043.43,completed
2287,2026-07-08 01:28:20,102381,order-only-000636,PROMO027,16553.43,paid
2288,2026-07-18 21:19:30,104538,order-only-000637,,12509.6,paid
2289,2026-07-10 10:56:37,100720,order-only-000638,,23060.6,paid
2290,2026-07-04 18:36:07,101476,order-only-000639,,4179.23,completed
2291,2026-07-03 22:17:22,102840,order-only-000640,,13202.3,cancelled
2292,2026-07-31 08:26:38,101173,order-only-000641,,22627.2,paid
2293,2026-07-07 13:17:19,102086,order-only-000642,,14455.62,completed
2294,2026-07-31 17:26:22,102515,order-only-000643,PROMO035,8274.6,cancelled
2295,2026-07-15 16:41:12,100973,order-only-000644,,7927.06,paid
2296,2026-07-12 07:21:23,102902,order-only-000645,PROMO033,20223.93,completed
2297,2026-07-07 16:09:16,103323,order-only-000646,PROMO051,9384.8,paid
2298,2026-07-16 00:51:02,102993,order-only-000647,,401.63,paid
2299,2026-07-31 18:18:10,103845,order-only-000648,,8192.44,completed
2300,2026-07-14 18:45:22,104920,order-only-000649,,880.93,paid
2301,2026-07-27 01:19:35,103225,order-only-000650,,20227.1,created
2302,2026-07-08 03:10:54,101711,order-only-000651,,12317.89,paid
2303,2026-07-28 19:19:08,103435,order-only-000652,,1588.4,created
2304,2026-07-18 04:10:31,102753,order-only-000653,PROMO001,19254.38,cancelled
2305,2026-07-25 23:46:55,103741,order-only-000654,,3212.06,completed
2306,2026-07-07 15:07:11,104949,order-only-000655,,23627.87,completed
2307,2026-07-26 17:56:40,101378,order-only-000656,,15641.22,paid
2308,2026-07-20 09:11:36,102977,order-only-000657,,20031.39,completed
2309,2026-07-28 13:17:13,103678,order-only-000658,PROMO078,7892.96,cancelled
2310,2026-07-26 11:20:23,103642,order-only-000659,PROMO031,9280.12,paid
2311,2026-07-30 16:04:56,103112,order-only-000660,,4314.73,paid
2312,2026-07-25 08:00:48,104128,order-only-000661,,1019.86,paid
2313,2026-07-24 01:25:03,100740,order-only-000662,,22521.24,cancelled
2314,2026-07-20 04:21:15,104076,order-only-000663,,3329.24,cancelled
2315,2026-07-26 03:33:37,101254,order-only-000664,PROMO097,11399.31,cancelled
2316,2026-07-06 05:23:58,103375,order-only-000665,,13085.38,completed
2317,2026-07-24 12:23:15,101289,order-only-000666,,19798.61,created
2318,2026-07-30 02:20:45,102269,order-only-000667,,20282.65,completed
2319,2026-07-23 00:31:48,103276,order-only-000668,,6492.18,paid
2320,2026-07-03 13:32:57,103794,order-only-000669,,18877.93,paid
2321,2026-07-15 14:55:28,101737,order-only-000670,,8863.31,completed
2322,2026-07-13 08:30:20,101606,order-only-000671,,20913.84,completed
2323,2026-07-09 22:14:01,102030,order-only-000672,,17195.75,paid
2324,2026-07-04 07:26:46,100472,order-only-000673,,2945.58,completed
2325,2026-07-29 02:45:48,101630,order-only-000674,,5113.46,completed
2326,2026-07-04 12:46:40,104554,order-only-000675,,19086.66,cancelled
2327,2026-07-02 07:50:18,103348,order-only-000676,,18633.09,paid
2328,2026-07-15 23:17:33,100141,order-only-000677,,13635.43,cancelled
2329,2026-07-24 23:14:37,100502,order-only-000678,,9884.93,cancelled
2330,2026-07-04 20:01:33,104357,order-only-000679,,17644.52,paid
2331,2026-07-12 18:47:55,103313,order-only-000680,,12329.73,completed
2332,2026-07-11 20:48:48,100149,order-only-000681,,24349.55,paid
2333,2026-07-04 18:13:10,103598,order-only-000682,PROMO065,16711.19,paid
2334,2026-07-06 01:50:27,104552,order-only-000683,PROMO101,7554.54,paid
2335,2026-07-22 03:17:30,100975,order-only-000684,,12621.43,created
2336,2026-07-17 15:28:13,104241,order-only-000685,,21081.83,paid
2337,2026-07-06 00:20:44,101866,order-only-000686,,19040.05,paid
2338,2026-07-29 00:43:03,104912,order-only-000687,,22568.59,cancelled
2339,2026-07-10 03:44:53,104453,order-only-000688,PROMO045,22933.03,paid
2340,2026-07-17 01:10:36,101978,order-only-000689,,23604.26,completed
2341,2026-07-21 21:28:29,103870,order-only-000690,PROMO038,11407.52,paid
2342,2026-07-03 07:04:24,103566,order-only-000691,,12664.07,paid
2343,2026-07-20 10:55:11,101850,order-only-000692,,20803.96,paid
2344,2026-07-31 17:02:36,102028,order-only-000693,PROMO102,21253.4,cancelled
2345,2026-07-30 01:56:43,102891,order-only-000694,,1105.25,paid
2346,2026-07-06 14:44:30,102964,order-only-000695,,4221.27,paid
2347,2026-07-11 08:11:22,102516,order-only-000696,PROMO046,19266.32,created
2348,2026-07-28 00:44:08,100020,order-only-000697,,14000.05,created
2349,2026-07-08 13:01:01,102009,order-only-000698,,9541.18,paid
2350,2026-07-16 19:49:51,104382,order-only-000699,,5380.47,created
2351,2026-07-09 20:22:47,104631,order-only-000700,,9995.27,paid
2352,2026-07-05 23:24:06,102778,order-only-000701,,9839.7,completed
2353,2026-07-27 11:57:17,103157,order-only-000702,PROMO047,1039.53,cancelled
2354,2026-07-15 21:39:53,100541,order-only-000703,,7641,paid
2355,2026-07-24 03:10:30,100407,order-only-000704,,16945.9,paid
2356,2026-07-11 17:29:57,103210,order-only-000705,PROMO109,15379.37,completed
2357,2026-07-09 11:38:33,102548,order-only-000706,PROMO009,15431.34,cancelled
2358,2026-07-31 00:56:52,101701,order-only-000707,,8075.31,paid
2359,2026-07-11 12:34:30,104266,order-only-000708,PROMO052,4680.36,completed
2360,2026-07-05 20:34:06,104808,order-only-000709,PROMO103,11874.66,paid
2361,2026-07-29 02:59:16,102845,order-only-000710,,3455.69,paid
2362,2026-07-09 15:36:12,101239,order-only-000711,,8763.29,paid
2363,2026-07-01 01:15:39,100410,order-only-000712,PROMO063,10950.64,paid
2364,2026-07-30 18:42:16,101221,order-only-000713,PROMO007,8700.24,paid
2365,2026-07-14 17:04:28,103460,order-only-000714,PROMO054,12261.99,completed
2366,2026-07-09 17:59:03,103778,order-only-000715,,7315.61,paid
2367,2026-07-16 08:14:58,104518,order-only-000716,,23034.32,completed
2368,2026-07-18 14:11:47,103298,order-only-000717,,22423.95,paid
2369,2026-07-08 09:45:04,101872,order-only-000718,,2883.64,completed
2370,2026-07-04 03:42:19,104828,order-only-000719,,19019.59,paid
2371,2026-07-16 23:50:59,100979,order-only-000720,,8740.02,completed
2372,2026-07-27 09:20:26,101237,order-only-000721,,7167.84,paid
2373,2026-07-31 06:00:03,103876,order-only-000722,,15986.92,paid
2374,2026-07-12 03:19:59,102361,order-only-000723,,19720.25,created
2375,2026-07-03 08:32:48,100013,order-only-000724,,1663.77,created
2376,2026-07-21 05:40:31,104149,order-only-000725,,9869.58,paid
2377,2026-07-16 11:14:07,101236,order-only-000726,,23335.96,paid
2378,2026-07-19 10:53:03,102033,order-only-000727,,12239.43,cancelled
2379,2026-07-19 08:15:13,104455,order-only-000728,,318.69,completed
2380,2026-07-21 13:33:29,102893,order-only-000729,,1344.17,paid
2381,2026-07-01 19:50:37,102199,order-only-000730,,2648.46,paid
2382,2026-07-07 18:02:41,100495,order-only-000731,,20716.84,paid
2383,2026-07-13 01:30:37,102764,order-only-000732,PROMO063,828.59,created
2384,2026-07-25 15:01:18,103516,order-only-000733,,15778.84,completed
2385,2026-07-20 16:08:22,102692,order-only-000734,,10964.47,completed
2386,2026-07-17 17:50:07,100838,order-only-000735,,5927.89,completed
2387,2026-07-05 03:39:34,101529,order-only-000736,PROMO052,22013.57,paid
2388,2026-07-07 09:36:10,100643,order-only-000737,,1806.74,completed
2389,2026-07-23 20:01:06,103620,order-only-000738,,1854.08,paid
2390,2026-07-11 06:31:33,100475,order-only-000739,,13165.85,paid
2391,2026-07-24 02:05:13,104579,order-only-000740,,4303.55,created
2392,2026-07-17 02:52:50,103486,order-only-000741,PROMO088,4379.94,paid
2393,2026-07-10 17:52:35,101480,order-only-000742,PROMO098,4365.87,completed
2394,2026-07-19 19:01:04,100869,order-only-000743,,12785.7,cancelled
2395,2026-07-04 06:59:13,101161,order-only-000744,,14788.39,cancelled
2396,2026-07-27 17:34:11,101736,order-only-000745,,9036.26,cancelled
2397,2026-07-01 10:13:00,103025,order-only-000746,PROMO101,11648.03,paid
2398,2026-07-20 14:33:12,100837,order-only-000747,,24475.51,paid
2399,2026-07-15 07:05:57,100746,order-only-000748,PROMO006,7905.04,completed
2400,2026-07-04 00:53:55,100844,order-only-000749,,16982.91,completed
2401,2026-07-01 07:44:30,104238,order-only-000750,,22806.44,paid
2402,2026-07-14 13:44:39,101971,order-only-000751,,14142.23,completed
2403,2026-07-14 20:12:14,101965,order-only-000752,PROMO103,20774.69,cancelled
2404,2026-07-19 13:25:32,100659,order-only-000753,PROMO004,21397.5,paid
2405,2026-07-17 13:15:18,103972,order-only-000754,,20753.66,completed
2406,2026-07-21 10:10:01,104843,order-only-000755,,1773.72,completed
2407,2026-07-27 15:14:12,103558,order-only-000756,,5280.81,paid
2408,2026-07-11 08:26:34,103464,order-only-000757,PROMO043,10796.15,paid
2409,2026-07-07 03:33:45,101021,order-only-000758,PROMO030,11482.92,paid
2410,2026-07-03 21:57:51,101524,order-only-000759,,9347.54,paid
2411,2026-07-13 06:41:20,100198,order-only-000760,,9310.9,paid
2412,2026-07-31 23:06:39,102020,order-only-000761,PROMO080,22110.8,paid
2413,2026-07-25 15:59:49,101640,order-only-000762,,20254.96,paid
2414,2026-07-04 16:29:49,103480,order-only-000763,,10230.03,completed
2415,2026-07-22 16:41:08,103410,order-only-000764,PROMO073,2976.79,completed
2416,2026-07-18 18:32:02,104954,order-only-000765,PROMO079,12227.65,paid
2417,2026-07-21 04:43:40,103887,order-only-000766,,3118.74,cancelled
2418,2026-07-11 20:17:46,104927,order-only-000767,PROMO112,6781.95,paid
2419,2026-07-16 08:58:44,100096,order-only-000768,PROMO049,16229.88,paid
2420,2026-07-25 17:19:27,101395,order-only-000769,,7535.57,completed
2421,2026-07-01 18:31:01,104907,order-only-000770,PROMO085,5466.3,created
2422,2026-07-09 10:23:26,101873,order-only-000771,PROMO030,8663.67,paid
2423,2026-07-29 21:21:47,103518,order-only-000772,,393.41,cancelled
2424,2026-07-27 16:11:19,102895,order-only-000773,,10784.79,completed
2425,2026-07-06 14:24:57,102056,order-only-000774,,19040.11,cancelled
2426,2026-07-15 12:12:15,102144,order-only-000775,PROMO044,21573.89,paid
2427,2026-07-31 03:34:08,102895,order-only-000776,,11237.61,paid
2428,2026-07-03 12:40:47,104845,order-only-000777,,4232.75,paid
2429,2026-07-06 23:23:33,103652,order-only-000778,,16503.3,paid
2430,2026-07-07 09:54:58,101467,order-only-000779,PROMO091,4796.06,cancelled
2431,2026-07-13 20:42:00,102245,order-only-000780,PROMO077,23991.45,paid
2432,2026-07-16 18:34:42,101641,order-only-000781,PROMO046,15266.41,completed
2433,2026-07-06 00:07:48,104138,order-only-000782,,321.72,completed
2434,2026-07-21 23:18:24,103545,order-only-000783,PROMO103,5929.8,cancelled
2435,2026-07-30 11:53:56,100025,order-only-000784,PROMO055,2100.94,completed
2436,2026-07-01 00:31:16,104064,order-only-000785,PROMO101,18176.18,completed
2437,2026-07-25 15:05:36,101296,order-only-000786,,5728.5,cancelled
2438,2026-07-07 09:10:12,101067,order-only-000787,,15130.39,completed
2439,2026-07-30 16:18:36,102010,order-only-000788,PROMO039,14026.13,completed
2440,2026-07-17 14:56:02,100902,order-only-000789,,16559.13,cancelled
2441,2026-07-01 03:16:13,100353,order-only-000790,,919.84,paid
2442,2026-07-31 11:22:50,101032,order-only-000791,,9224.5,created
2443,2026-07-11 03:58:42,100177,order-only-000792,,21215.96,paid
2444,2026-07-29 13:29:32,100750,order-only-000793,,24026.24,completed
2445,2026-07-20 15:10:34,101481,order-only-000794,,7439.76,completed
2446,2026-07-06 12:37:00,101056,order-only-000795,,13188.25,paid
2447,2026-07-02 18:01:45,104216,order-only-000796,PROMO063,9752.43,paid
2448,2026-07-02 13:07:48,103413,order-only-000797,,7195.53,paid
2449,2026-07-10 21:38:59,102172,order-only-000798,,10278.01,paid
2450,2026-07-24 17:44:24,103752,order-only-000799,,3901.82,paid
2451,2026-07-04 14:34:42,102291,order-only-000800,,7022.49,completed
2452,2026-07-14 20:16:37,100150,order-only-000801,,8838.8,paid
2453,2026-07-14 19:12:52,100177,order-only-000802,,5208.77,paid
2454,2026-07-22 06:52:11,101022,order-only-000803,PROMO056,5744.51,created
2455,2026-07-26 23:02:45,104275,order-only-000804,PROMO103,18674.88,created
2456,2026-07-05 04:32:53,103535,order-only-000805,,24870.56,completed
2457,2026-07-17 13:19:36,100464,order-only-000806,PROMO021,17868.58,created
2458,2026-07-18 09:43:27,103963,order-only-000807,,23446.12,paid
2459,2026-07-19 19:16:50,101951,order-only-000808,,15065.97,created
2460,2026-07-01 04:40:33,101117,order-only-000809,,9380.58,cancelled
2461,2026-07-11 13:29:50,101568,order-only-000810,,20989.4,created
2462,2026-07-17 03:57:06,100093,order-only-000811,PROMO001,13236.55,completed
2463,2026-07-13 11:11:38,100709,order-only-000812,,11148.82,completed
2464,2026-07-23 15:42:18,100382,order-only-000813,,5929.66,completed
2465,2026-07-08 02:07:18,101690,order-only-000814,,3431.02,paid
2466,2026-07-22 15:18:44,101432,order-only-000815,PROMO002,19730.2,cancelled
2467,2026-07-07 18:33:32,103127,order-only-000816,PROMO052,22297.5,created
2468,2026-07-29 02:29:20,104792,order-only-000817,,17380.26,paid
2469,2026-07-26 04:58:06,101993,order-only-000818,PROMO018,16429.34,created
2470,2026-07-25 09:02:37,103282,order-only-000819,,21698.45,created
2471,2026-07-05 13:32:37,104697,order-only-000820,,13042.07,completed
2472,2026-07-06 14:11:23,104107,order-only-000821,,6141.37,completed
2473,2026-07-06 13:19:10,104289,order-only-000822,,17397.06,completed
2474,2026-07-18 01:17:18,100709,order-only-000823,,1084.1,paid
2475,2026-07-30 08:51:34,104814,order-only-000824,,20015.99,paid
2476,2026-07-27 17:25:35,103218,order-only-000825,,18800.53,paid
2477,2026-07-29 12:17:27,103395,order-only-000826,,2052.24,created
2478,2026-07-11 17:24:55,104630,order-only-000827,PROMO045,6467.22,created
2479,2026-07-30 08:23:49,102377,order-only-000828,,8410.21,created
2480,2026-07-16 02:59:54,103946,order-only-000829,,22893.89,completed
2481,2026-07-24 06:02:07,104404,order-only-000830,,6272.84,completed
2482,2026-07-06 07:37:53,102937,order-only-000831,,21926.08,paid
2483,2026-07-03 09:02:57,104787,order-only-000832,,7034.48,paid
2484,2026-07-06 15:25:09,102902,order-only-000833,,9457.22,completed
2485,2026-07-17 08:31:45,100451,order-only-000834,,3142.54,paid
2486,2026-07-25 14:08:32,104138,order-only-000835,,4071.82,created
2487,2026-07-20 16:58:00,100823,order-only-000836,PROMO043,17222.38,paid
2488,2026-07-08 15:39:06,101755,order-only-000837,,16247.38,completed
2489,2026-07-03 00:16:53,102102,order-only-000838,,20752.44,cancelled
2490,2026-07-31 22:53:46,102491,order-only-000839,,4887.61,completed
2491,2026-07-13 01:34:29,103141,order-only-000840,,1744.03,completed
2492,2026-07-21 11:04:27,101473,order-only-000841,PROMO073,5042.06,cancelled
2493,2026-07-03 12:27:11,104017,order-only-000842,,17157.89,paid
2494,2026-07-29 17:15:23,102827,order-only-000843,PROMO084,17888.34,completed
2495,2026-07-01 01:27:30,100931,order-only-000844,,4615.44,completed
2496,2026-07-04 11:26:22,104512,order-only-000845,PROMO022,7878.93,paid
2497,2026-07-02 11:50:57,104097,order-only-000846,PROMO034,11317,completed
2498,2026-07-18 00:01:47,103955,order-only-000847,,6564.29,paid
2499,2026-07-26 17:59:48,101390,order-only-000848,PROMO039,20885.51,created
2500,2026-07-19 03:21:30,102325,order-only-000849,,1738.83,completed
2501,2026-07-09 23:52:49,103133,order-only-000850,,10570.26,paid
2502,2026-07-22 03:40:27,100284,order-only-000851,,12844.54,cancelled
2503,2026-07-14 11:32:31,100330,order-only-000852,,13466.16,paid
2504,2026-07-21 05:50:20,103712,order-only-000853,,20162.6,cancelled
2505,2026-07-16 16:42:10,104341,order-only-000854,PROMO098,9627.71,cancelled
2506,2026-07-18 00:28:18,103284,order-only-000855,,7711.4,cancelled
2507,2026-07-31 05:32:18,100167,order-only-000856,,11022.91,created
2508,2026-07-12 20:50:18,103058,order-only-000857,,10910.86,paid
2509,2026-07-25 10:56:26,104275,order-only-000858,PROMO021,6312.11,paid
2510,2026-07-10 07:03:25,104338,order-only-000859,,15092.87,cancelled
2511,2026-07-12 01:26:50,101096,order-only-000860,,7838.91,completed
2512,2026-07-28 23:51:56,104153,order-only-000861,,10067.81,completed
2513,2026-07-01 23:00:17,103196,order-only-000862,,4624.05,created
2514,2026-07-13 02:49:37,102063,order-only-000863,,21857.18,paid
2515,2026-07-25 19:50:13,100407,order-only-000864,PROMO062,23623.51,completed
2516,2026-07-14 11:33:03,101662,order-only-000865,,2630.27,paid
2517,2026-07-14 20:31:52,102649,order-only-000866,,7738.72,paid
2518,2026-07-06 18:54:59,102303,order-only-000867,,19919.61,paid
2519,2026-07-02 05:30:51,102775,order-only-000868,,23026.77,created
2520,2026-07-26 04:47:54,100018,order-only-000869,,12248.7,completed
2521,2026-07-06 17:15:50,100645,order-only-000870,,24376.37,created
2522,2026-07-24 05:55:20,104578,order-only-000871,,10909.92,cancelled
2523,2026-07-15 15:57:24,101514,order-only-000872,,11807.98,cancelled
2524,2026-07-04 11:25:05,103208,order-only-000873,,22963.36,paid
2525,2026-07-01 08:45:25,100003,order-only-000874,PROMO020,20735.45,paid
2526,2026-07-07 00:11:41,102477,order-only-000875,,17442.3,completed
2527,2026-07-24 05:54:35,101841,order-only-000876,,17823.26,paid
2528,2026-07-08 12:10:29,100065,order-only-000877,,4879.8,completed
2529,2026-07-15 12:27:03,104956,order-only-000878,,2106.02,completed
2530,2026-07-04 22:21:50,102179,order-only-000879,,23225.02,paid
2531,2026-07-11 01:34:47,102960,order-only-000880,,2825.07,created
2532,2026-07-05 05:00:36,104539,order-only-000881,PROMO096,13709.2,cancelled
2533,2026-07-11 12:48:00,101426,order-only-000882,PROMO017,14068.43,created
2534,2026-07-23 02:02:13,104147,order-only-000883,,13764.71,cancelled
2535,2026-07-02 07:33:36,102290,order-only-000884,,9887.06,paid
2536,2026-07-01 22:44:27,103805,order-only-000885,PROMO029,22853.01,created
2537,2026-07-18 12:46:53,102214,order-only-000886,,7999.96,paid
2538,2026-07-06 07:21:31,104338,order-only-000887,,1255.74,paid
2539,2026-07-21 23:45:19,102579,order-only-000888,PROMO059,7117.68,paid
2540,2026-07-17 02:46:46,101112,order-only-000889,,16208.24,paid
2541,2026-07-04 11:37:15,101207,order-only-000890,,23708.95,paid
2542,2026-07-06 22:48:21,103150,order-only-000891,,8285.09,created
2543,2026-07-04 09:36:01,102109,order-only-000892,,15272.21,completed
2544,2026-07-29 02:07:37,100705,order-only-000893,,12008.98,cancelled
2545,2026-07-18 01:20:25,103726,order-only-000894,,6504,paid
2546,2026-07-30 22:18:57,104297,order-only-000895,,16408.76,cancelled
2547,2026-07-03 22:38:06,102984,order-only-000896,,21461.91,cancelled
2548,2026-07-02 20:57:48,100997,order-only-000897,PROMO075,16707.09,paid
2549,2026-07-22 05:31:35,104868,order-only-000898,,4159.16,paid
2550,2026-07-28 20:33:57,100877,order-only-000899,PROMO077,23439.25,completed
2551,2026-07-12 12:23:02,100041,order-only-000900,PROMO051,2305.36,completed
2552,2026-07-07 09:24:30,102399,order-only-000901,PROMO040,11996.97,completed
2553,2026-07-28 00:07:19,104116,order-only-000902,,19784.91,cancelled
2554,2026-07-23 01:43:08,100251,order-only-000903,PROMO072,13960.87,paid
2555,2026-07-08 08:40:03,104837,order-only-000904,PROMO056,14354.92,completed
2556,2026-07-17 19:20:29,100657,order-only-000905,,17352.61,paid
2557,2026-07-11 12:37:00,103188,order-only-000906,PROMO091,18841.77,completed
2558,2026-07-07 20:24:39,102958,order-only-000907,,7246.35,completed
2559,2026-07-07 07:38:44,100045,order-only-000908,,3813.43,paid
2560,2026-07-31 04:51:54,100186,order-only-000909,PROMO113,3308.32,paid
2561,2026-07-28 14:02:04,104483,order-only-000910,PROMO056,13678.24,completed
2562,2026-07-13 12:04:52,102233,order-only-000911,PROMO038,21293.65,cancelled
2563,2026-07-08 22:35:59,101785,order-only-000912,,22425.99,paid
2564,2026-07-28 06:01:50,103235,order-only-000913,PROMO118,9254.17,cancelled
2565,2026-07-03 13:33:51,100262,order-only-000914,PROMO043,9925.57,cancelled
2566,2026-07-16 09:52:59,101287,order-only-000915,PROMO017,7737.05,paid
2567,2026-07-02 13:21:24,103749,order-only-000916,,1225.26,paid
2568,2026-07-27 20:35:26,104692,order-only-000917,,16899.94,cancelled
2569,2026-07-25 01:43:44,100354,order-only-000918,,2846.6,created
2570,2026-07-04 03:13:32,104510,order-only-000919,,11500.16,cancelled
2571,2026-07-18 04:09:46,103976,order-only-000920,,369.61,completed
2572,2026-07-18 07:11:57,103986,order-only-000921,,10084.24,created
2573,2026-07-19 07:13:46,104850,order-only-000922,,8869.09,paid
2574,2026-07-07 17:35:26,101084,order-only-000923,,335.6,created
2575,2026-07-29 12:30:10,104600,order-only-000924,,8150.34,completed
2576,2026-07-01 15:56:15,102943,order-only-000925,PROMO070,19468.33,cancelled
2577,2026-07-02 06:50:26,100172,order-only-000926,,16096.8,completed
2578,2026-07-28 06:47:30,101565,order-only-000927,,11547.84,paid
2579,2026-07-26 01:39:58,100510,order-only-000928,,5586.41,paid
2580,2026-07-26 14:03:04,100644,order-only-000929,,16967.35,paid
2581,2026-07-24 09:07:48,103315,order-only-000930,PROMO058,11487.67,completed
2582,2026-07-12 00:45:35,100225,order-only-000931,PROMO068,18314.07,cancelled
2583,2026-07-13 06:28:50,101718,order-only-000932,,20628.81,paid
2584,2026-07-19 10:08:40,103057,order-only-000933,PROMO075,21688.2,paid
2585,2026-07-26 14:04:23,102171,order-only-000934,,7087.16,completed
2586,2026-07-03 12:03:18,100965,order-only-000935,,22332.34,cancelled
2587,2026-07-22 01:31:38,102123,order-only-000936,PROMO030,3068.49,completed
2588,2026-07-28 19:26:57,104836,order-only-000937,,2160.7,paid
2589,2026-07-31 00:09:52,102368,order-only-000938,,4336.04,created
2590,2026-07-25 13:57:42,101774,order-only-000939,,15557.02,paid
2591,2026-07-03 12:24:37,103791,order-only-000940,,22426.63,cancelled
2592,2026-07-11 23:17:41,101877,order-only-000941,,5918.24,completed
2593,2026-07-24 15:32:53,102450,order-only-000942,PROMO013,24562.71,cancelled
2594,2026-07-12 09:18:36,102189,order-only-000943,,23002.6,completed
2595,2026-07-08 23:31:00,102703,order-only-000944,PROMO010,19260.9,paid
2596,2026-07-24 12:32:33,101172,order-only-000945,PROMO075,20979.7,completed
2597,2026-07-15 02:09:52,104846,order-only-000946,,4062.78,cancelled
2598,2026-07-12 22:31:37,104677,order-only-000947,,13202.59,completed
2599,2026-07-18 19:45:14,101011,order-only-000948,,16000.49,paid
2600,2026-07-13 13:23:03,100015,order-only-000949,PROMO062,2346.56,created
2601,2026-07-14 02:48:20,102391,order-only-000950,,4008.13,created
2602,2026-07-02 06:56:05,101890,order-only-000951,PROMO010,10203.79,paid
2603,2026-07-16 16:36:19,100873,order-only-000952,,15076.44,paid
2604,2026-07-02 14:19:58,100551,order-only-000953,,11987,paid
2605,2026-07-10 07:17:06,103031,order-only-000954,,8431.62,paid
2606,2026-07-13 15:46:47,102311,order-only-000955,PROMO042,6033.94,cancelled
2607,2026-07-03 14:24:49,104492,order-only-000956,,13372.08,paid
2608,2026-07-12 08:46:05,103537,order-only-000957,,17571.03,cancelled
2609,2026-07-20 22:42:27,100072,order-only-000958,,17163.66,cancelled
2610,2026-07-21 06:38:41,103000,order-only-000959,PROMO016,16240.91,paid
2611,2026-07-13 00:23:20,103214,order-only-000960,,14089.88,completed
2612,2026-07-30 10:14:41,104095,order-only-000961,,22566.82,completed
2613,2026-07-05 21:24:46,103144,order-only-000962,,4456.54,paid
2614,2026-07-18 06:36:52,101520,order-only-000963,PROMO120,12140.5,paid
2615,2026-07-21 12:39:29,102487,order-only-000964,,14169.08,paid
2616,2026-07-31 23:35:17,104236,order-only-000965,,22793.61,completed
2617,2026-07-09 00:36:42,101999,order-only-000966,PROMO073,24045.23,completed
2618,2026-07-27 03:34:10,103239,order-only-000967,,19879.5,completed
2619,2026-07-11 13:27:52,100043,order-only-000968,,20694.85,paid
2620,2026-07-11 21:48:46,104336,order-only-000969,PROMO037,19131.65,paid
2621,2026-07-01 02:03:44,100714,order-only-000970,,8151.99,paid
2622,2026-07-21 08:43:10,102591,order-only-000971,,11532.81,cancelled
2623,2026-07-03 10:01:29,101415,order-only-000972,,6093.13,cancelled
2624,2026-07-02 03:03:36,103408,order-only-000973,,14598.64,paid
2625,2026-07-26 10:42:52,101086,order-only-000974,PROMO016,22424.19,cancelled
2626,2026-07-23 23:28:02,103456,order-only-000975,,20708.86,completed
2627,2026-07-01 18:31:14,101095,order-only-000976,,19034.74,paid
2628,2026-07-22 15:33:20,102975,order-only-000977,,6503.53,cancelled
2629,2026-07-27 02:20:09,101088,order-only-000978,PROMO116,15956.99,completed
2630,2026-07-07 00:26:12,102537,order-only-000979,,16898.8,paid
2631,2026-07-10 17:12:06,100290,order-only-000980,PROMO023,16801.25,cancelled
2632,2026-07-23 15:44:07,104894,order-only-000981,,13489.67,paid
2633,2026-07-24 03:18:53,101745,order-only-000982,,9023.43,completed
2634,2026-07-02 03:49:24,103142,order-only-000983,PROMO117,982.73,cancelled
2635,2026-07-13 13:48:54,103186,order-only-000984,,1649.58,cancelled
2636,2026-07-24 14:21:46,102835,order-only-000985,PROMO088,18664,paid
2637,2026-07-25 20:48:41,100489,order-only-000986,PROMO030,22957.33,paid
2638,2026-07-15 22:41:58,104182,order-only-000987,,16815.41,created
2639,2026-07-22 21:40:47,104283,order-only-000988,,13122.59,paid
2640,2026-07-05 17:14:52,104008,order-only-000989,,12991.58,completed
2641,2026-07-03 06:59:31,103452,order-only-000990,,11574.39,completed
2642,2026-07-06 05:37:22,103728,order-only-000991,PROMO107,751.63,paid
2643,2026-07-29 19:50:54,101307,order-only-000992,PROMO065,4286.96,paid
2644,2026-07-03 12:20:21,103772,order-only-000993,PROMO071,10010.19,cancelled
2645,2026-07-30 15:43:46,103499,order-only-000994,PROMO102,10692.21,completed
2646,2026-07-25 12:01:59,102904,order-only-000995,,16773.18,cancelled
2647,2026-07-01 07:59:27,101414,order-only-000996,,15993.31,completed
2648,2026-07-22 11:25:21,101788,order-only-000997,,6666.34,cancelled
2649,2026-07-12 03:31:29,103685,order-only-000998,,4205.13,completed
2650,2026-07-07 13:20:13,100309,order-only-000999,,15716.37,paid
2651,2026-07-12 12:36:19,103710,order-only-001000,,16719.09,paid
2652,2026-07-03 01:36:34,100773,order-only-001001,,16706.53,cancelled
2653,2026-07-13 22:46:24,104378,order-only-001002,PROMO101,22763.74,paid
2654,2026-07-28 14:35:43,103052,order-only-001003,,17452.89,completed
2655,2026-07-21 13:37:22,101681,order-only-001004,,13740.3,paid
2656,2026-07-19 08:14:03,103947,order-only-001005,PROMO106,23565.24,paid
2657,2026-07-08 13:28:47,103044,order-only-001006,,2726.06,paid
2658,2026-07-01 11:09:02,100351,order-only-001007,PROMO002,12853.4,paid
2659,2026-07-11 06:11:34,100095,order-only-001008,,9591.99,paid
2660,2026-07-19 06:33:44,100120,order-only-001009,,10804.79,created
2661,2026-07-15 22:38:27,101711,order-only-001010,,4071.16,completed
2662,2026-07-03 21:04:07,100202,order-only-001011,,24627.27,created
2663,2026-07-20 14:56:12,102346,order-only-001012,,7262.7,created
2664,2026-07-06 12:48:24,100214,order-only-001013,PROMO043,21665.08,paid
2665,2026-07-16 04:54:25,101933,order-only-001014,PROMO109,16166.93,cancelled
2666,2026-07-03 10:48:28,103058,order-only-001015,,5361.21,completed
2667,2026-07-27 00:03:13,103291,order-only-001016,,9273.44,paid
2668,2026-07-11 18:24:40,100032,order-only-001017,,15729.77,paid
2669,2026-07-02 04:47:07,102883,order-only-001018,PROMO010,4611.87,completed
2670,2026-07-13 10:08:42,100272,order-only-001019,,10130.5,completed
2671,2026-07-07 01:51:00,102023,order-only-001020,PROMO097,22822.33,completed
2672,2026-07-28 13:16:14,100379,order-only-001021,,1745.9,cancelled
2673,2026-07-07 10:53:49,104330,order-only-001022,,16178.91,completed
2674,2026-07-16 13:36:37,102781,order-only-001023,,5690.34,cancelled
2675,2026-07-16 13:50:10,101416,order-only-001024,,8194.86,cancelled
2676,2026-07-11 07:50:17,100161,order-only-001025,,5507.27,completed
2677,2026-07-20 19:20:50,101150,order-only-001026,,3658.2,completed
2678,2026-07-04 20:25:32,101608,order-only-001027,PROMO058,5607.46,paid
2679,2026-07-08 09:49:10,100066,order-only-001028,,24008.53,completed
2680,2026-07-14 06:41:47,102835,order-only-001029,,19235.7,created
2681,2026-07-05 14:50:01,102656,order-only-001030,,824.01,paid
2682,2026-07-31 15:08:31,104237,order-only-001031,PROMO111,23428.3,paid
2683,2026-07-24 07:35:03,103389,order-only-001032,,18310.45,cancelled
2684,2026-07-12 19:17:52,104497,order-only-001033,PROMO026,9741.01,paid
2685,2026-07-07 09:53:42,103956,order-only-001034,,5691.21,completed
2686,2026-07-18 05:28:32,100396,order-only-001035,,24874.4,cancelled
2687,2026-07-24 18:51:53,100488,order-only-001036,PROMO077,723.12,cancelled
2688,2026-07-03 20:29:42,103153,order-only-001037,PROMO023,14759.88,completed
2689,2026-07-16 15:38:35,102185,order-only-001038,,6695.65,completed
2690,2026-07-12 23:46:10,100791,order-only-001039,PROMO040,3895.57,created
2691,2026-07-21 09:13:45,103411,order-only-001040,PROMO042,13117.91,created
2692,2026-07-13 19:02:05,103206,order-only-001041,PROMO039,5697.29,completed
2693,2026-07-21 07:01:55,104040,order-only-001042,,13445.76,created
2694,2026-07-14 07:12:59,100482,order-only-001043,PROMO003,18095.67,paid
2695,2026-07-22 15:52:05,102613,order-only-001044,,22771.39,completed
2696,2026-07-14 13:41:14,103302,order-only-001045,,9733.29,cancelled
2697,2026-07-28 10:30:01,101772,order-only-001046,,7604.73,cancelled
2698,2026-07-13 20:07:19,101723,order-only-001047,,8192.81,completed
2699,2026-07-05 05:02:22,102113,order-only-001048,,11674.59,completed
2700,2026-07-22 20:04:12,104269,order-only-001049,PROMO060,3213.63,completed
2701,2026-07-22 23:35:17,103545,order-only-001050,PROMO039,6741.47,cancelled
2702,2026-07-16 17:48:07,104400,order-only-001051,,19968.4,completed
2703,2026-07-17 00:43:30,104195,order-only-001052,,1280.37,paid
2704,2026-07-19 15:30:18,103737,order-only-001053,,21721.87,paid
2705,2026-07-19 14:54:31,100552,order-only-001054,,902.37,paid
2706,2026-07-14 10:58:25,103826,order-only-001055,PROMO007,837.53,completed
2707,2026-07-30 01:25:41,103568,order-only-001056,,10053.33,paid
2708,2026-07-18 22:57:19,101121,order-only-001057,PROMO098,20460.69,completed
2709,2026-07-08 02:45:30,100535,order-only-001058,,16451.38,cancelled
2710,2026-07-18 12:53:03,104581,order-only-001059,,24625.58,cancelled
2711,2026-07-02 14:04:37,100290,order-only-001060,,5548.02,paid
2712,2026-07-25 04:44:02,100222,order-only-001061,PROMO056,15988.27,paid
2713,2026-07-06 21:46:36,100656,order-only-001062,,11967.46,created
2714,2026-07-16 08:25:23,103073,order-only-001063,,8878.92,cancelled
2715,2026-07-18 02:06:26,104588,order-only-001064,,13542.88,created
2716,2026-07-31 21:08:16,101973,order-only-001065,,10194.74,paid
2717,2026-07-15 22:41:37,103316,order-only-001066,,2138.3,paid
2718,2026-07-08 21:58:08,101120,order-only-001067,,12678.32,paid
2719,2026-07-08 13:51:26,100703,order-only-001068,,20150.65,cancelled
2720,2026-07-19 01:26:20,104864,order-only-001069,,18080.6,completed
2721,2026-07-26 10:19:30,102598,order-only-001070,,10074.99,created
2722,2026-07-18 22:53:12,102160,order-only-001071,,22336.23,paid
2723,2026-07-20 05:47:00,100201,order-only-001072,,3614.47,paid
2724,2026-07-06 23:15:47,104700,order-only-001073,,7410.28,cancelled
2725,2026-07-09 13:58:07,103323,order-only-001074,,611.14,cancelled
2726,2026-07-03 14:18:46,101262,order-only-001075,,7342.73,completed
2727,2026-07-02 15:13:32,104928,order-only-001076,,14692.18,completed
2728,2026-07-30 18:19:51,104543,order-only-001077,,20635.74,paid
2729,2026-07-13 13:37:02,104184,order-only-001078,PROMO104,6089.25,completed
2730,2026-07-22 14:23:10,100784,order-only-001079,,19752.95,paid
2731,2026-07-14 23:40:09,103815,order-only-001080,,4009.87,cancelled
2732,2026-07-22 00:18:30,102631,order-only-001081,,4087.85,paid
2733,2026-07-24 13:17:29,102690,order-only-001082,,3545.01,completed
2734,2026-07-26 15:00:20,102561,order-only-001083,PROMO108,17603.17,completed
2735,2026-07-12 20:02:06,103657,order-only-001084,,2021.65,paid
2736,2026-07-10 13:30:57,103120,order-only-001085,,24306.57,cancelled
2737,2026-07-23 21:53:11,101507,order-only-001086,,18463.15,paid
2738,2026-07-12 18:55:47,104382,order-only-001087,PROMO106,10304.92,paid
2739,2026-07-12 04:53:37,104999,order-only-001088,PROMO026,6495.51,paid
2740,2026-07-01 15:46:47,104654,order-only-001089,,1454.79,cancelled
2741,2026-07-06 12:31:46,102460,order-only-001090,,8510.91,cancelled
2742,2026-07-13 17:32:08,102504,order-only-001091,PROMO068,3466.52,cancelled
2743,2026-07-17 09:14:19,100042,order-only-001092,,716.85,completed
2744,2026-07-13 04:30:45,104314,order-only-001093,PROMO086,19090.02,paid
2745,2026-07-21 00:35:32,101676,order-only-001094,PROMO069,9958.29,paid
2746,2026-07-28 16:45:38,102905,order-only-001095,PROMO022,9244.94,completed
2747,2026-07-09 20:39:14,100555,order-only-001096,,7877.34,completed
2748,2026-07-13 07:29:12,102157,order-only-001097,PROMO112,6609.99,cancelled
2749,2026-07-10 04:18:34,101466,order-only-001098,,19550.41,paid
2750,2026-07-03 02:57:50,102330,order-only-001099,,15839.83,paid
2751,2026-07-29 03:22:03,100217,order-only-001100,PROMO075,22392.51,completed
2752,2026-07-12 00:49:10,104067,order-only-001101,,7299.07,completed
2753,2026-07-23 07:55:30,100902,order-only-001102,,12778.91,paid
2754,2026-07-06 04:16:44,103442,order-only-001103,PROMO040,3882.63,completed
2755,2026-07-31 18:38:35,100200,order-only-001104,,19952.75,paid
2756,2026-07-09 17:15:20,100073,order-only-001105,,18616.15,completed
2757,2026-07-03 15:26:29,104551,order-only-001106,,4378.26,completed
2758,2026-07-19 07:31:50,102939,order-only-001107,,1192.57,paid
2759,2026-07-13 20:52:24,102156,order-only-001108,PROMO118,2028.82,cancelled
2760,2026-07-21 07:59:49,103754,order-only-001109,,13185.2,completed
2761,2026-07-31 08:50:22,100794,order-only-001110,PROMO087,21952.7,cancelled
2762,2026-07-12 15:21:55,104447,order-only-001111,,23234.99,paid
2763,2026-07-25 11:41:14,101592,order-only-001112,,3520.93,created
2764,2026-07-30 07:43:23,104863,order-only-001113,,21258.05,paid
2765,2026-07-04 12:21:33,102632,order-only-001114,,17266.92,paid
2766,2026-07-12 08:37:34,104498,order-only-001115,PROMO051,587.55,paid
2767,2026-07-19 16:00:04,101785,order-only-001116,PROMO068,21598.98,paid
2768,2026-07-10 14:20:15,103993,order-only-001117,PROMO068,21215.07,paid
2769,2026-07-02 23:44:14,102548,order-only-001118,PROMO051,8752.62,paid
2770,2026-07-18 11:11:15,102162,order-only-001119,,11238.85,completed
2771,2026-07-01 12:16:44,104998,order-only-001120,PROMO040,16367.08,created
2772,2026-07-13 02:20:15,104184,order-only-001121,PROMO106,16173.23,cancelled
2773,2026-07-20 23:59:35,102199,order-only-001122,PROMO020,10972.13,created
2774,2026-07-29 08:17:15,100516,order-only-001123,PROMO089,21141.01,paid
2775,2026-07-27 01:00:19,100681,order-only-001124,,1285.43,paid
2776,2026-07-13 02:46:59,100400,order-only-001125,,9341.48,paid
2777,2026-07-27 00:43:33,103617,order-only-001126,,4148.86,completed
2778,2026-07-12 17:08:26,103942,order-only-001127,,21149.12,paid
2779,2026-07-13 14:37:14,100232,order-only-001128,,19885.34,completed
2780,2026-07-13 17:29:21,103579,order-only-001129,,23557.01,cancelled
2781,2026-07-30 12:03:26,100117,order-only-001130,PROMO103,22858.5,paid
2782,2026-07-28 22:19:34,100411,order-only-001131,PROMO113,2398.94,cancelled
2783,2026-07-01 05:58:31,102053,order-only-001132,,10430.56,completed
2784,2026-07-17 13:43:18,101467,order-only-001133,,12298.36,completed
2785,2026-07-27 00:31:41,102608,order-only-001134,,23714.19,paid
2786,2026-07-17 19:26:45,104687,order-only-001135,,18752.61,cancelled
2787,2026-07-05 09:17:23,101850,order-only-001136,PROMO015,10446.77,paid
2788,2026-07-20 00:16:21,103209,order-only-001137,,20194.1,created
2789,2026-07-23 18:11:52,101492,order-only-001138,,17831.31,created
2790,2026-07-19 11:29:33,100587,order-only-001139,,6852.51,cancelled
2791,2026-07-23 00:54:15,103635,order-only-001140,,10571.33,completed
2792,2026-07-31 12:49:05,101029,order-only-001141,PROMO038,12275.57,paid
2793,2026-07-01 15:46:59,101004,order-only-001142,,21922.61,cancelled
2794,2026-07-15 19:58:05,102073,order-only-001143,,2002.7,paid
2795,2026-07-02 01:29:04,100935,order-only-001144,,22331.16,completed
2796,2026-07-06 11:23:28,103124,order-only-001145,,15557.4,paid
2797,2026-07-11 11:09:28,103264,order-only-001146,,4952.07,completed
2798,2026-07-21 11:48:00,103976,order-only-001147,,20710.81,paid
2799,2026-07-29 03:02:00,103298,order-only-001148,PROMO057,18126.2,paid
2800,2026-07-28 17:32:55,101171,order-only-001149,,20670.82,created
2801,2026-07-19 09:04:16,103300,order-only-001150,,13602.61,completed
2802,2026-07-30 12:05:47,103214,order-only-001151,,14521.08,completed
2803,2026-07-19 07:58:53,104423,order-only-001152,,20980.26,cancelled
2804,2026-07-05 00:49:30,100760,order-only-001153,,13646.69,paid
2805,2026-07-06 11:33:22,103776,order-only-001154,,16933.03,cancelled
2806,2026-07-07 14:04:55,100614,order-only-001155,,20885.8,paid
2807,2026-07-19 03:58:06,102918,order-only-001156,,23624.36,completed
2808,2026-07-30 23:01:16,103062,order-only-001157,,11961.45,paid
2809,2026-07-26 18:20:15,101271,order-only-001158,,16380.39,completed
2810,2026-07-26 16:12:26,100717,order-only-001159,PROMO032,23280.91,paid
2811,2026-07-20 08:30:58,100556,order-only-001160,,14358.01,paid
2812,2026-07-08 03:25:23,100759,order-only-001161,,6059.04,created
2813,2026-07-18 23:10:57,103696,order-only-001162,,19572.6,paid
2814,2026-07-26 07:06:09,103052,order-only-001163,,7176.75,paid
2815,2026-07-05 20:16:31,103260,order-only-001164,,14444.82,completed
2816,2026-07-26 01:10:53,100605,order-only-001165,,23761.19,paid
2817,2026-07-27 11:07:39,103560,order-only-001166,,18451.98,paid
2818,2026-07-29 13:26:58,102341,order-only-001167,PROMO077,24821.93,created
2819,2026-07-30 05:42:54,100279,order-only-001168,,13537.06,paid
2820,2026-07-05 12:29:39,103597,order-only-001169,,14230.12,completed
2821,2026-07-14 20:24:32,104967,order-only-001170,,14379.45,paid
2822,2026-07-16 19:21:14,101802,order-only-001171,,16542.96,cancelled
2823,2026-07-03 23:01:17,104087,order-only-001172,PROMO029,16900.84,cancelled
2824,2026-07-03 19:12:32,104596,order-only-001173,,9414.54,cancelled
2825,2026-07-31 18:09:58,102876,order-only-001174,PROMO107,13341.18,cancelled
2826,2026-07-03 06:12:51,104367,order-only-001175,PROMO110,4799.49,completed
2827,2026-07-09 03:33:35,102003,order-only-001176,,3465.15,completed
2828,2026-07-27 03:04:14,102300,order-only-001177,PROMO072,4064.05,cancelled
2829,2026-07-30 18:44:31,103095,order-only-001178,PROMO099,14143,paid
2830,2026-07-06 11:59:47,102176,order-only-001179,PROMO104,14090.29,completed
2831,2026-07-27 04:56:44,104673,order-only-001180,,2258.39,paid
2832,2026-07-06 00:16:34,100849,order-only-001181,PROMO020,5705.28,cancelled
2833,2026-07-01 14:06:46,104506,order-only-001182,,11998.34,completed
2834,2026-07-24 16:16:55,101286,order-only-001183,,13033.83,paid
2835,2026-07-25 00:26:36,104579,order-only-001184,,18939.22,cancelled
2836,2026-07-25 01:50:33,103367,order-only-001185,PROMO093,18573.75,cancelled
2837,2026-07-01 17:32:52,103731,order-only-001186,,14181.95,cancelled
2838,2026-07-06 06:06:54,102808,order-only-001187,,21848.18,cancelled
2839,2026-07-18 08:10:53,104139,order-only-001188,,581.84,cancelled
2840,2026-07-15 07:00:23,104888,order-only-001189,,7560.8,paid
2841,2026-07-27 07:58:05,100094,order-only-001190,PROMO059,16061.11,cancelled
2842,2026-07-21 06:37:25,104055,order-only-001191,PROMO083,21596.14,paid
2843,2026-07-12 11:01:04,101434,order-only-001192,,19750.48,cancelled
2844,2026-07-16 00:37:45,102202,order-only-001193,PROMO031,5829.83,paid
2845,2026-07-09 05:25:25,103060,order-only-001194,,9212.9,cancelled
2846,2026-07-12 19:24:17,100335,order-only-001195,PROMO069,11258.33,paid
2847,2026-07-21 00:04:52,104346,order-only-001196,,4615.5,paid
2848,2026-07-26 02:07:13,101573,order-only-001197,,7165.62,paid
2849,2026-07-12 02:10:35,103131,order-only-001198,PROMO060,650.03,completed
2850,2026-07-09 18:07:42,102802,order-only-001199,,17268.98,completed
2851,2026-07-29 20:37:52,104342,order-only-001200,PROMO050,7526.87,paid
2852,2026-07-31 11:51:13,104616,order-only-001201,PROMO022,16609.88,paid
2853,2026-07-08 23:51:40,102813,order-only-001202,PROMO025,6407.3,paid
2854,2026-07-30 15:03:35,104572,order-only-001203,,20254.37,completed
2855,2026-07-21 08:11:07,101689,order-only-001204,,17158,paid
2856,2026-07-16 05:08:23,104962,order-only-001205,PROMO061,11114.66,cancelled
2857,2026-07-07 02:35:53,102210,order-only-001206,,15285.31,paid
2858,2026-07-20 18:12:03,101991,order-only-001207,,505.57,completed
2859,2026-07-11 04:05:08,102910,order-only-001208,PROMO059,15640.43,paid
2860,2026-07-04 23:03:58,101808,order-only-001209,,4108.84,paid
2861,2026-07-17 17:19:13,104600,order-only-001210,PROMO105,14556.91,completed
2862,2026-07-11 00:38:59,101285,order-only-001211,PROMO097,20850.2,cancelled
2863,2026-07-17 07:28:26,101825,order-only-001212,,5993.64,paid
2864,2026-07-23 23:32:30,104121,order-only-001213,,15010.99,cancelled
2865,2026-07-09 00:56:38,101727,order-only-001214,,23145.88,created
2866,2026-07-23 16:30:35,100847,order-only-001215,,10572.64,paid
2867,2026-07-27 15:25:44,103533,order-only-001216,,6419.69,completed
2868,2026-07-25 02:53:42,103472,order-only-001217,PROMO001,21477.69,created
2869,2026-07-28 14:12:28,101485,order-only-001218,,16415.55,cancelled
2870,2026-07-07 14:25:45,104643,order-only-001219,,22289.34,completed
2871,2026-07-17 00:36:50,102903,order-only-001220,,19073.2,created
2872,2026-07-19 00:51:59,104595,order-only-001221,PROMO002,4575.65,paid
2873,2026-07-03 19:00:49,104673,order-only-001222,,21406.28,paid
2874,2026-07-20 18:48:57,103807,order-only-001223,,3493.45,paid
2875,2026-07-17 15:17:21,104788,order-only-001224,,19872.12,paid
2876,2026-07-13 04:39:21,100168,order-only-001225,,2620.11,created
2877,2026-07-04 19:55:22,100568,order-only-001226,PROMO051,5476.92,paid
2878,2026-07-13 19:24:59,103134,order-only-001227,,20354.56,paid
2879,2026-07-06 15:25:08,103907,order-only-001228,PROMO006,12357.7,created
2880,2026-07-19 12:09:42,102768,order-only-001229,,20456.48,completed
2881,2026-07-17 13:55:17,101191,order-only-001230,,3429.76,created
2882,2026-07-16 22:32:13,103774,order-only-001231,,4341.15,completed
2883,2026-07-22 17:55:07,100593,order-only-001232,,9043.66,paid
2884,2026-07-21 04:22:12,101654,order-only-001233,,755.51,cancelled
2885,2026-07-19 03:53:36,102287,order-only-001234,,9340.69,completed
2886,2026-07-02 23:03:16,101506,order-only-001235,,12505.14,paid
2887,2026-07-22 23:27:57,101240,order-only-001236,PROMO040,12719.79,paid
2888,2026-07-12 16:23:19,101225,order-only-001237,PROMO064,24219.49,paid
2889,2026-07-01 14:01:19,104866,order-only-001238,,9480.02,created
2890,2026-07-31 21:31:25,102054,order-only-001239,,7161.58,paid
2891,2026-07-20 03:12:45,103888,order-only-001240,,11126.54,completed
2892,2026-07-03 03:13:10,104378,order-only-001241,,7878.82,completed
2893,2026-07-17 03:28:31,104835,order-only-001242,PROMO006,16273.97,completed
2894,2026-07-25 08:51:49,103424,order-only-001243,,9794.2,created
2895,2026-07-04 18:37:39,101220,order-only-001244,,4714.58,paid
2896,2026-07-22 21:48:14,101956,order-only-001245,PROMO107,21812.77,completed
2897,2026-07-28 18:58:13,100124,order-only-001246,,2749.04,cancelled
2898,2026-07-07 22:01:31,104808,order-only-001247,,1140.55,cancelled
2899,2026-07-10 22:23:09,102708,order-only-001248,,8519.01,completed
2900,2026-07-24 03:49:17,101007,order-only-001249,,19109.42,paid
2901,2026-07-09 01:59:21,100134,order-only-001250,,14754.94,completed
2902,2026-07-27 11:09:01,103113,order-only-001251,,18548.83,created
2903,2026-07-21 14:29:05,100035,order-only-001252,,22331.87,completed
2904,2026-07-12 02:58:35,102018,order-only-001253,,2563.12,completed
2905,2026-07-14 08:06:20,100042,order-only-001254,PROMO053,5815.4,paid
2906,2026-07-19 18:12:36,102959,order-only-001255,,17184.5,paid
2907,2026-07-05 14:41:20,104119,order-only-001256,PROMO100,12766.81,paid
2908,2026-07-09 12:09:46,103049,order-only-001257,,7755.39,paid
2909,2026-07-08 04:56:56,101911,order-only-001258,,17205.72,paid
2910,2026-07-11 05:25:54,104132,order-only-001259,,3954.29,cancelled
2911,2026-07-05 00:25:05,102260,order-only-001260,,5452.51,paid
2912,2026-07-20 05:48:33,101249,order-only-001261,,16534.43,paid
2913,2026-07-10 22:31:00,100479,order-only-001262,,9834.74,paid
2914,2026-07-21 00:20:18,104459,order-only-001263,PROMO116,9709.25,paid
2915,2026-07-19 05:05:38,100816,order-only-001264,PROMO075,11944.79,paid
2916,2026-07-09 18:44:26,100425,order-only-001265,PROMO039,19032.02,paid
2917,2026-07-01 02:52:21,102087,order-only-001266,PROMO075,4503.23,created
2918,2026-07-25 04:25:46,100173,order-only-001267,,24024.22,cancelled
2919,2026-07-29 13:48:30,103352,order-only-001268,,594.41,cancelled
2920,2026-07-20 23:06:31,103937,order-only-001269,,315.3,completed
2921,2026-07-05 08:21:45,104233,order-only-001270,,393.82,paid
2922,2026-07-20 11:29:19,102518,order-only-001271,,1348.26,cancelled
2923,2026-07-16 13:52:38,102774,order-only-001272,,23754.38,completed
2924,2026-07-19 12:35:54,104813,order-only-001273,PROMO063,4314.85,cancelled
2925,2026-07-31 11:25:07,101710,order-only-001274,,9198.33,paid
2926,2026-07-17 15:02:17,104915,order-only-001275,,9092.94,completed
2927,2026-07-25 18:27:58,100695,order-only-001276,,16460.79,completed
2928,2026-07-30 14:30:54,103045,order-only-001277,,21786.2,completed
2929,2026-07-27 15:43:20,104843,order-only-001278,PROMO106,22838.23,paid
2930,2026-07-07 05:15:17,104664,order-only-001279,PROMO077,15814.84,completed
2931,2026-07-15 04:23:10,100756,order-only-001280,,14550.14,cancelled
2932,2026-07-07 03:14:43,100672,order-only-001281,,10230.25,completed
2933,2026-07-04 05:57:34,101876,order-only-001282,,20242.26,cancelled
2934,2026-07-01 18:12:01,103863,order-only-001283,,19006.28,created
2935,2026-07-11 04:28:34,103812,order-only-001284,,17624.46,cancelled
2936,2026-07-18 03:58:57,102208,order-only-001285,,6392.04,paid
2937,2026-07-21 19:31:58,104269,order-only-001286,,5447.41,created
2938,2026-07-02 15:51:50,103732,order-only-001287,,21083.25,created
2939,2026-07-17 19:08:45,100224,order-only-001288,,2219.25,completed
2940,2026-07-05 21:46:35,101001,order-only-001289,,20919.49,paid
2941,2026-07-27 23:52:51,104322,order-only-001290,,15193.13,completed
2942,2026-07-24 18:59:51,100801,order-only-001291,,11555.42,completed
2943,2026-07-27 12:56:45,103351,order-only-001292,,19746.3,paid
2944,2026-07-10 13:34:24,101202,order-only-001293,PROMO076,21931.52,paid
2945,2026-07-16 05:09:50,101814,order-only-001294,PROMO093,21675.49,completed
2946,2026-07-06 22:05:11,102359,order-only-001295,PROMO037,24309.5,paid
2947,2026-07-17 20:58:53,101369,order-only-001296,PROMO080,16498.74,created
2948,2026-07-14 01:30:10,100835,order-only-001297,,22357.96,completed
2949,2026-07-06 04:37:06,100258,order-only-001298,,775.41,completed
2950,2026-07-16 10:12:59,104803,order-only-001299,,4968.46,completed
2951,2026-07-25 00:29:02,101494,order-only-001300,,9142.42,paid
2952,2026-07-29 17:38:47,102665,order-only-001301,PROMO029,24623.65,completed
2953,2026-07-09 01:57:14,104329,order-only-001302,,6350.2,created
2954,2026-07-27 03:43:00,102552,order-only-001303,PROMO073,11254.53,created
2955,2026-07-08 08:58:46,102097,order-only-001304,,2732.84,completed
2956,2026-07-07 02:03:05,100206,order-only-001305,,22317.55,created
2957,2026-07-07 14:46:20,101532,order-only-001306,,2569.7,paid
2958,2026-07-29 12:13:48,103829,order-only-001307,,7959.3,completed
2959,2026-07-28 11:28:30,100782,order-only-001308,,18505.22,created
2960,2026-07-01 03:06:31,100783,order-only-001309,,1292.71,completed
2961,2026-07-12 15:23:17,103500,order-only-001310,,23920.33,cancelled
2962,2026-07-25 04:30:30,102141,order-only-001311,PROMO033,15214.05,paid
2963,2026-07-21 18:27:05,102053,order-only-001312,,2453.4,completed
2964,2026-07-02 20:15:36,102903,order-only-001313,PROMO051,925.02,paid
2965,2026-07-14 23:56:29,101825,order-only-001314,PROMO047,11118.96,paid
2966,2026-07-08 13:46:25,100654,order-only-001315,,18773.36,created
2967,2026-07-11 14:29:33,100074,order-only-001316,PROMO042,5991.9,created
2968,2026-07-05 04:19:49,104153,order-only-001317,PROMO017,23864.73,paid
2969,2026-07-23 23:44:46,102535,order-only-001318,,17477.31,cancelled
2970,2026-07-24 01:05:32,104347,order-only-001319,PROMO023,13961.81,cancelled
2971,2026-07-09 05:09:22,102422,order-only-001320,,19768.99,completed
2972,2026-07-26 07:59:49,104168,order-only-001321,,22758.03,cancelled
2973,2026-07-05 10:09:48,101273,order-only-001322,,23136.98,cancelled
2974,2026-07-14 21:47:45,102652,order-only-001323,,19307.54,completed
2975,2026-07-29 13:15:01,101601,order-only-001324,,3075.06,paid
2976,2026-07-19 03:27:30,102883,order-only-001325,,8342.35,cancelled
2977,2026-07-14 14:01:44,101650,order-only-001326,,7480.03,created
2978,2026-07-11 06:25:09,100618,order-only-001327,,11805.79,paid
2979,2026-07-19 10:48:26,101507,order-only-001328,,18740.73,paid
2980,2026-07-06 18:28:50,103259,order-only-001329,,10413.91,completed
2981,2026-07-28 00:09:55,100102,order-only-001330,,13119.41,completed
2982,2026-07-09 10:55:24,100930,order-only-001331,,15249.92,paid
2983,2026-07-28 02:27:07,102693,order-only-001332,,15112.82,paid
2984,2026-07-11 23:22:44,102826,order-only-001333,,10599.18,completed
2985,2026-07-01 06:49:41,100485,order-only-001334,,23392.78,completed
2986,2026-07-01 03:02:26,101741,order-only-001335,PROMO049,23260.88,completed
2987,2026-07-08 08:45:35,104548,order-only-001336,PROMO067,18966.71,paid
2988,2026-07-23 10:33:42,101740,order-only-001337,PROMO076,12983.39,paid
2989,2026-07-18 05:08:35,102079,order-only-001338,,8140.81,paid
2990,2026-07-03 06:25:53,101660,order-only-001339,PROMO007,4610.12,completed
2991,2026-07-20 03:33:39,102027,order-only-001340,,19100.35,completed
2992,2026-07-27 08:33:45,103860,order-only-001341,,22242.61,completed
2993,2026-07-03 11:35:01,102420,order-only-001342,,768.6,paid
2994,2026-07-10 11:51:10,102393,order-only-001343,,20039.84,cancelled
2995,2026-07-05 21:23:27,100221,order-only-001344,PROMO045,5609.33,paid
2996,2026-07-08 20:04:40,101870,order-only-001345,,19262.72,cancelled
2997,2026-07-04 01:59:48,101797,order-only-001346,PROMO093,5838.74,paid
2998,2026-07-17 06:31:20,100947,order-only-001347,,22505.65,cancelled
2999,2026-07-13 17:48:57,100760,order-only-001348,,21342.42,paid
3000,2026-07-26 17:04:11,104430,order-only-001349,,20018.44,paid
3001,2026-07-03 07:20:15,103536,order-only-001350,,16999.29,cancelled
3002,2026-07-05 15:09:54,103094,order-only-001351,,10516.69,cancelled
3003,2026-07-28 10:18:36,103857,order-only-001352,PROMO081,11604.19,completed
3004,2026-07-07 21:31:59,101639,order-only-001353,PROMO053,5625.23,paid
3005,2026-07-13 06:47:57,100291,order-only-001354,,16993.27,paid
3006,2026-07-12 13:50:33,103246,order-only-001355,PROMO112,6536.69,paid
3007,2026-07-18 16:09:41,101901,order-only-001356,,10360.59,completed
3008,2026-07-02 20:36:02,102833,order-only-001357,,15617.61,completed
3009,2026-07-11 19:15:53,104726,order-only-001358,,8246.45,completed
3010,2026-07-05 06:17:02,100410,order-only-001359,PROMO030,19873.67,completed
3011,2026-07-23 07:04:20,102347,order-only-001360,PROMO006,2082.6,cancelled
3012,2026-07-14 20:46:37,103641,order-only-001361,,21524.2,paid
3013,2026-07-10 10:40:13,102058,order-only-001362,,15257.61,completed
3014,2026-07-10 04:39:19,101438,order-only-001363,,8304.84,paid
3015,2026-07-13 22:06:24,101168,order-only-001364,,19379.78,cancelled
3016,2026-07-29 16:28:02,104186,order-only-001365,,2247.28,paid
3017,2026-07-20 14:23:29,100194,order-only-001366,,22455.75,completed
3018,2026-07-02 10:56:41,100600,order-only-001367,PROMO025,19996.01,paid
3019,2026-07-17 21:27:39,100018,order-only-001368,PROMO063,4612.84,cancelled
3020,2026-07-30 13:00:28,102139,order-only-001369,,3833.78,paid
3021,2026-07-18 02:45:00,103250,order-only-001370,PROMO053,7703.71,paid
3022,2026-07-27 10:29:03,103211,order-only-001371,,1677.32,paid
3023,2026-07-13 06:25:01,102691,order-only-001372,,14304.62,paid
3024,2026-07-03 00:51:34,103052,order-only-001373,,6416.61,paid
3025,2026-07-25 09:37:55,101868,order-only-001374,PROMO029,4119.88,cancelled
3026,2026-07-15 03:36:43,103363,order-only-001375,,17656.29,created
3027,2026-07-27 18:48:26,104201,order-only-001376,,13866.91,completed
3028,2026-07-17 09:39:54,104152,order-only-001377,,15708.18,completed
3029,2026-07-22 03:19:13,101528,order-only-001378,PROMO050,21709.56,completed
3030,2026-07-31 13:01:33,103943,order-only-001379,PROMO077,15498.01,completed
3031,2026-07-28 10:58:35,103916,order-only-001380,,21233.9,cancelled
3032,2026-07-28 17:21:53,103024,order-only-001381,,5089.25,cancelled
3033,2026-07-29 23:19:57,103880,order-only-001382,,24210.01,paid
3034,2026-07-06 08:04:18,104045,order-only-001383,,8333.31,created
3035,2026-07-09 13:44:01,100592,order-only-001384,,4183.23,paid
3036,2026-07-29 09:10:23,102676,order-only-001385,PROMO075,5995.62,completed
3037,2026-07-05 12:04:55,104882,order-only-001386,PROMO006,4313.65,paid
3038,2026-07-10 17:04:34,101303,order-only-001387,,3135.15,completed
3039,2026-07-02 02:58:31,100277,order-only-001388,,525.3,paid
3040,2026-07-22 17:31:31,100190,order-only-001389,,4821.91,completed
3041,2026-07-08 11:12:57,100596,order-only-001390,,20988.2,paid
3042,2026-07-15 09:33:59,104280,order-only-001391,,14908.48,completed
3043,2026-07-28 04:50:26,103103,order-only-001392,,6130.79,paid
3044,2026-07-02 13:06:07,102249,order-only-001393,PROMO002,1131.6,paid
3045,2026-07-19 14:34:02,101886,order-only-001394,,21914.86,created
3046,2026-07-17 03:36:43,103644,order-only-001395,,4418.01,cancelled
3047,2026-07-03 16:17:16,104313,order-only-001396,PROMO107,22134.6,created
3048,2026-07-05 12:18:28,100357,order-only-001397,PROMO085,2512.45,cancelled
3049,2026-07-02 14:33:34,100597,order-only-001398,,24305.31,paid
3050,2026-07-26 07:43:33,101951,order-only-001399,PROMO112,521.76,created
3051,2026-07-18 09:40:05,100010,order-only-001400,,20965.93,paid
3052,2026-07-29 03:28:00,103301,order-only-001401,,8300.63,paid
3053,2026-07-05 16:12:40,102559,order-only-001402,,20607.07,paid
3054,2026-07-19 12:38:54,101238,order-only-001403,,18912.33,paid
3055,2026-07-09 01:59:33,102851,order-only-001404,,4058.11,completed
3056,2026-07-29 10:16:18,103948,order-only-001405,,8270.4,completed
3057,2026-07-30 18:44:26,101206,order-only-001406,,821.1,cancelled
3058,2026-07-16 11:35:36,103735,order-only-001407,,19123.55,created
3059,2026-07-04 08:02:02,104611,order-only-001408,,7631.94,created
3060,2026-07-16 09:28:40,103102,order-only-001409,,13458.8,paid
3061,2026-07-31 14:41:51,102280,order-only-001410,,22472.05,paid
3062,2026-07-28 07:48:26,103127,order-only-001411,,22502.51,paid
3063,2026-07-28 20:58:15,101957,order-only-001412,PROMO117,10760.41,completed
3064,2026-07-01 10:28:33,101280,order-only-001413,,8879.55,completed
3065,2026-07-24 23:17:04,104488,order-only-001414,PROMO015,16448.68,completed
3066,2026-07-18 18:27:03,101181,order-only-001415,PROMO035,14894.6,paid
3067,2026-07-07 01:31:14,102285,order-only-001416,PROMO038,12106.75,completed
3068,2026-07-07 08:58:40,104325,order-only-001417,PROMO046,14969.02,paid
3069,2026-07-20 21:01:29,104123,order-only-001418,,2095.98,paid
3070,2026-07-20 07:39:58,101922,order-only-001419,PROMO111,12911.68,paid
3071,2026-07-04 17:16:27,100458,order-only-001420,PROMO039,7831.13,paid
3072,2026-07-02 03:05:13,101424,order-only-001421,,13101.21,paid
3073,2026-07-27 14:16:11,102716,order-only-001422,,11675.08,cancelled
3074,2026-07-23 11:27:36,104400,order-only-001423,PROMO021,11050.97,paid
3075,2026-07-19 23:40:57,101362,order-only-001424,,6967.98,paid
3076,2026-07-09 17:00:51,103111,order-only-001425,,8761.26,completed
3077,2026-07-29 11:09:06,102410,order-only-001426,PROMO102,4745.68,paid
3078,2026-07-25 00:08:42,104883,order-only-001427,,24411.66,cancelled
3079,2026-07-10 12:51:37,102986,order-only-001428,,13094.72,cancelled
3080,2026-07-15 22:04:09,101020,order-only-001429,,20691.45,completed
3081,2026-07-25 19:49:13,100132,order-only-001430,,17662.22,completed
3082,2026-07-16 06:11:20,100398,order-only-001431,,15775.74,paid
3083,2026-07-19 20:22:25,102631,order-only-001432,,4994.8,completed
3084,2026-07-01 17:20:30,100955,order-only-001433,PROMO107,15513.47,completed
3085,2026-07-25 14:29:58,103856,order-only-001434,PROMO022,4437.37,created
3086,2026-07-31 17:14:05,101415,order-only-001435,PROMO090,2942.79,cancelled
3087,2026-07-06 15:49:15,100594,order-only-001436,,16742.7,completed
3088,2026-07-22 00:50:56,102939,order-only-001437,,2172.71,cancelled
3089,2026-07-21 18:29:40,104960,order-only-001438,PROMO095,14345.14,cancelled
3090,2026-07-21 05:42:34,104539,order-only-001439,,11571.3,cancelled
3091,2026-07-18 01:48:36,104057,order-only-001440,PROMO023,18755.61,completed
3092,2026-07-28 23:11:30,103515,order-only-001441,,8259.21,paid
3093,2026-07-08 20:59:09,102071,order-only-001442,,13246.13,cancelled
3094,2026-07-26 02:39:44,100413,order-only-001443,,2388.6,completed
3095,2026-07-04 14:30:05,104337,order-only-001444,,13931.04,paid
3096,2026-07-06 10:12:44,102325,order-only-001445,,4342.36,created
3097,2026-07-24 20:08:18,102153,order-only-001446,,23026.94,paid
3098,2026-07-30 06:31:36,101296,order-only-001447,,22271.64,cancelled
3099,2026-07-06 17:16:56,102549,order-only-001448,PROMO088,1831.38,paid
3100,2026-07-26 00:19:20,104877,order-only-001449,PROMO060,3252.74,created
3101,2026-07-23 03:09:49,100223,order-only-001450,PROMO109,16043.82,paid
3102,2026-07-23 23:08:52,100708,order-only-001451,,16417.62,paid
3103,2026-07-16 22:25:09,102537,order-only-001452,PROMO093,15070.02,paid
3104,2026-07-05 17:34:01,104257,order-only-001453,PROMO064,9489.11,completed
3105,2026-07-08 03:38:14,101045,order-only-001454,,17244.59,paid
3106,2026-07-29 20:20:58,104555,order-only-001455,,3883.49,created
3107,2026-07-13 06:41:22,100724,order-only-001456,,1107.13,paid
3108,2026-07-23 20:40:16,100469,order-only-001457,PROMO039,8946.62,created
3109,2026-07-13 14:47:58,103578,order-only-001458,,21562.33,cancelled
3110,2026-07-13 23:06:53,100996,order-only-001459,,6146.69,paid
3111,2026-07-03 13:26:26,103490,order-only-001460,,4177.42,completed
3112,2026-07-01 14:55:26,104860,order-only-001461,,11596.03,paid
3113,2026-07-23 23:28:35,101109,order-only-001462,PROMO052,7359.01,paid
3114,2026-07-26 16:50:55,104044,order-only-001463,,9856.33,created
3115,2026-07-05 14:46:07,102018,order-only-001464,PROMO039,16300.55,cancelled
3116,2026-07-09 14:27:06,100449,order-only-001465,,10955.3,paid
3117,2026-07-25 19:56:38,102182,order-only-001466,,2926.6,completed
3118,2026-07-14 10:56:51,100461,order-only-001467,PROMO063,11117.57,created
3119,2026-07-03 00:41:20,100525,order-only-001468,,11748.24,completed
3120,2026-07-26 01:21:03,103463,order-only-001469,,23899.17,completed
3121,2026-07-06 14:34:26,100834,order-only-001470,,6376.43,completed
3122,2026-07-10 06:06:22,102724,order-only-001471,PROMO087,16697.4,paid
3123,2026-07-07 22:56:55,102951,order-only-001472,PROMO006,14376.19,paid
3124,2026-07-03 15:41:22,101320,order-only-001473,,10208.31,created
3125,2026-07-07 19:14:39,102948,order-only-001474,,16277.89,paid
3126,2026-07-23 05:14:42,101093,order-only-001475,,2880.73,created
3127,2026-07-11 02:19:12,101960,order-only-001476,PROMO015,13777.79,cancelled
3128,2026-07-31 08:29:10,101441,order-only-001477,,15047.53,cancelled
3129,2026-07-07 14:53:04,103137,order-only-001478,,22391.53,paid
3130,2026-07-16 21:54:08,102440,order-only-001479,,24070.02,created
3131,2026-07-16 13:52:37,103856,order-only-001480,PROMO037,17576.47,paid
3132,2026-07-30 22:09:00,101914,order-only-001481,,12417.04,paid
3133,2026-07-07 02:23:06,102630,order-only-001482,,1552.65,created
3134,2026-07-13 21:42:36,101790,order-only-001483,PROMO045,14298.17,completed
3135,2026-07-22 19:13:58,104752,order-only-001484,PROMO090,6131.35,completed
3136,2026-07-12 07:46:42,104522,order-only-001485,,13162.91,completed
3137,2026-07-18 22:48:59,102913,order-only-001486,,17265.68,paid
3138,2026-07-06 06:44:24,103714,order-only-001487,,5734.73,cancelled
3139,2026-07-19 02:55:58,100055,order-only-001488,,15788.01,paid
3140,2026-07-20 12:07:22,102343,order-only-001489,,16850.02,created
3141,2026-07-11 06:29:50,104010,order-only-001490,,21784.48,created
3142,2026-07-18 04:59:00,104088,order-only-001491,PROMO090,13092.49,paid
3143,2026-07-05 05:37:47,103142,order-only-001492,PROMO077,22636.3,completed
3144,2026-07-12 10:40:16,103695,order-only-001493,,24432.44,paid
3145,2026-07-31 22:14:14,103580,order-only-001494,,24502.79,cancelled
3146,2026-07-11 22:12:45,102868,order-only-001495,PROMO049,13318.67,paid
3147,2026-07-16 14:35:51,101686,order-only-001496,PROMO073,24053.03,created
3148,2026-07-05 11:48:19,103885,order-only-001497,,20490.91,cancelled
3149,2026-07-29 14:42:40,103113,order-only-001498,,9645.4,paid
3150,2026-07-29 08:26:49,102033,order-only-001499,,2622.53,paid
3151,2026-07-08 16:38:40,102519,order-only-001500,,1205.11,completed
3152,2026-07-05 07:56:03,100185,order-only-001501,,12429.43,created
3153,2026-07-18 01:02:06,101397,order-only-001502,,15545.44,cancelled
3154,2026-07-29 00:07:50,100806,order-only-001503,,2370.93,created
3155,2026-07-22 14:21:04,103074,order-only-001504,,10223.35,paid
3156,2026-07-29 11:00:17,102744,order-only-001505,,2003.1,created
3157,2026-07-28 09:59:31,104270,order-only-001506,,18761.01,created
3158,2026-07-11 00:29:58,104315,order-only-001507,,16674.88,completed
3159,2026-07-14 07:31:01,103428,order-only-001508,,4512.06,paid
3160,2026-07-07 13:53:22,101213,order-only-001509,,21843.56,cancelled
3161,2026-07-08 02:05:59,102004,order-only-001510,PROMO027,4826.11,paid
3162,2026-07-19 18:56:53,103065,order-only-001511,PROMO032,21663.7,completed
3163,2026-07-09 09:41:09,100456,order-only-001512,PROMO064,17839.71,paid
3164,2026-07-27 19:52:01,101365,order-only-001513,PROMO033,19413.06,paid
3165,2026-07-16 22:04:42,102019,order-only-001514,PROMO107,12648.05,completed
3166,2026-07-13 04:23:49,101408,order-only-001515,,23772.94,paid
3167,2026-07-01 14:38:14,103085,order-only-001516,,937.06,cancelled
3168,2026-07-17 10:44:52,100138,order-only-001517,,22481.2,completed
3169,2026-07-17 19:54:30,103374,order-only-001518,,15914.37,completed
3170,2026-07-01 05:51:07,102851,order-only-001519,PROMO112,22967.28,cancelled
3171,2026-07-24 04:53:12,100571,order-only-001520,PROMO094,18791.21,paid
3172,2026-07-16 18:56:13,103565,order-only-001521,PROMO046,5437.74,completed
3173,2026-07-22 00:39:41,101633,order-only-001522,PROMO036,22013.2,paid
3174,2026-07-26 09:23:14,103328,order-only-001523,PROMO026,18756.42,paid
3175,2026-07-22 13:08:57,104185,order-only-001524,PROMO073,1522.47,cancelled
3176,2026-07-05 12:37:01,103653,order-only-001525,PROMO035,14162.63,paid
3177,2026-07-31 21:30:19,103418,order-only-001526,PROMO068,19112.6,cancelled
3178,2026-07-18 20:58:53,102110,order-only-001527,,15212.36,cancelled
3179,2026-07-01 00:57:17,100482,order-only-001528,,826.39,paid
3180,2026-07-27 22:10:33,103862,order-only-001529,PROMO111,17919.73,cancelled
3181,2026-07-28 08:16:42,102500,order-only-001530,,2272.76,completed
3182,2026-07-25 21:39:10,100941,order-only-001531,,5920.6,cancelled
3183,2026-07-04 10:44:30,100305,order-only-001532,,4607.41,completed
3184,2026-07-24 19:54:17,100424,order-only-001533,,18964.21,completed
3185,2026-07-30 16:30:16,104009,order-only-001534,,13911.41,cancelled
3186,2026-07-18 16:08:09,102845,order-only-001535,,7551.94,cancelled
3187,2026-07-13 00:51:43,102572,order-only-001536,,14915.55,paid
3188,2026-07-24 14:10:55,101774,order-only-001537,,20929.98,created
3189,2026-07-04 21:30:41,101665,order-only-001538,,8323.57,created
3190,2026-07-08 08:51:57,101745,order-only-001539,,10263.2,paid
3191,2026-07-28 19:32:56,104937,order-only-001540,PROMO072,21884.64,created
3192,2026-07-01 15:43:03,100685,order-only-001541,PROMO049,22678.71,cancelled
3193,2026-07-31 21:45:33,103470,order-only-001542,,4606.07,paid
3194,2026-07-26 19:52:27,104612,order-only-001543,,18810.28,completed
3195,2026-07-09 19:45:10,100714,order-only-001544,PROMO059,12173.73,cancelled
3196,2026-07-20 23:41:49,100709,order-only-001545,,15413.01,completed
3197,2026-07-10 02:04:39,100829,order-only-001546,PROMO019,5629.72,completed
3198,2026-07-12 00:25:00,102941,order-only-001547,,7176.41,completed
3199,2026-07-10 21:02:02,102495,order-only-001548,,20051.65,paid
3200,2026-07-04 08:19:11,101974,order-only-001549,,18141.89,completed
3201,2026-07-11 20:38:37,102471,order-only-001550,,24356.32,completed
3202,2026-07-07 04:58:27,102162,order-only-001551,,2635.2,completed
3203,2026-07-20 15:51:14,100300,order-only-001552,,1462.96,completed
3204,2026-07-01 23:44:05,101246,order-only-001553,,12998.52,cancelled
3205,2026-07-20 15:45:54,101414,order-only-001554,PROMO060,1949.64,paid
3206,2026-07-04 06:29:13,101326,order-only-001555,,14633.45,paid
3207,2026-07-31 05:46:11,104261,order-only-001556,,21857.82,completed
3208,2026-07-31 20:56:25,102922,order-only-001557,,11215.35,paid
3209,2026-07-29 13:47:54,103725,order-only-001558,,2833.48,completed
3210,2026-07-15 15:04:34,100604,order-only-001559,,4525.25,completed
3211,2026-07-03 02:18:12,100923,order-only-001560,,9517.45,completed
3212,2026-07-18 04:48:11,100995,order-only-001561,,16175.93,paid
3213,2026-07-11 12:39:19,103360,order-only-001562,,18597.82,created
3214,2026-07-16 19:31:20,103986,order-only-001563,PROMO024,15041.78,completed
3215,2026-07-17 05:30:32,102897,order-only-001564,,15049.87,completed
3216,2026-07-18 18:10:12,102202,order-only-001565,PROMO043,16940.83,completed
3217,2026-07-22 23:05:46,100605,order-only-001566,PROMO004,11509.94,paid
3218,2026-07-19 08:50:31,101049,order-only-001567,PROMO081,14837.24,paid
3219,2026-07-06 06:18:45,102571,order-only-001568,PROMO042,24266.12,paid
3220,2026-07-03 16:37:44,103523,order-only-001569,PROMO038,9262.8,cancelled
3221,2026-07-31 12:29:55,104201,order-only-001570,PROMO118,18402.75,completed
3222,2026-07-18 02:40:01,100674,order-only-001571,,8189.95,paid
3223,2026-07-22 14:28:09,101283,order-only-001572,,7233.79,created
3224,2026-07-18 13:21:29,100623,order-only-001573,,5579.12,cancelled
3225,2026-07-28 22:54:23,103261,order-only-001574,,22849.55,completed
3226,2026-07-22 09:21:21,100158,order-only-001575,,15329.93,paid
3227,2026-07-06 09:35:13,104365,order-only-001576,,15609.87,paid
3228,2026-07-27 21:23:09,102050,order-only-001577,PROMO051,2327.9,paid
3229,2026-07-15 08:16:08,101649,order-only-001578,,15603.05,completed
3230,2026-07-13 07:43:46,104181,order-only-001579,PROMO111,3635.98,cancelled
3231,2026-07-20 10:51:53,100243,order-only-001580,,5969.89,paid
3232,2026-07-10 20:55:24,102587,order-only-001581,PROMO064,24020.16,paid
3233,2026-07-05 17:44:09,101049,order-only-001582,,20715.49,completed
3234,2026-07-29 19:51:16,101490,order-only-001583,PROMO040,6398.33,cancelled
3235,2026-07-31 21:23:22,101534,order-only-001584,,12050.12,paid
3236,2026-07-23 05:06:43,104567,order-only-001585,PROMO011,23752.92,cancelled
3237,2026-07-03 21:22:53,100673,order-only-001586,,9222.67,cancelled
3238,2026-07-23 06:09:41,102946,order-only-001587,,6417.79,completed
3239,2026-07-28 03:57:53,103439,order-only-001588,,14530.26,created
3240,2026-07-06 17:33:54,103930,order-only-001589,,15210.48,completed
3241,2026-07-25 10:05:35,103736,order-only-001590,,15400.4,paid
3242,2026-07-20 16:13:59,102018,order-only-001591,,22823.34,paid
3243,2026-07-28 15:50:04,101397,order-only-001592,PROMO032,14060.38,completed
3244,2026-07-18 10:31:54,101099,order-only-001593,,11319.44,paid
3245,2026-07-01 01:32:42,103244,order-only-001594,,18103.53,paid
3246,2026-07-18 13:27:07,100067,order-only-001595,,10088.19,completed
3247,2026-07-09 03:10:45,103736,order-only-001596,,14351.66,cancelled
3248,2026-07-12 10:36:50,100319,order-only-001597,,23967.88,created
3249,2026-07-06 00:46:23,104166,order-only-001598,,3667.46,paid
3250,2026-07-01 03:03:10,101411,order-only-001599,,17448.3,paid
3251,2026-07-27 15:56:02,103443,order-only-001600,PROMO043,3850.49,cancelled
3252,2026-07-15 23:04:58,100874,order-only-001601,,13209.21,cancelled
3253,2026-07-07 06:29:41,101928,order-only-001602,PROMO075,22917.38,paid
3254,2026-07-01 21:09:41,101072,order-only-001603,,22352.32,cancelled
3255,2026-07-13 02:29:21,101498,order-only-001604,,7858.29,paid
3256,2026-07-14 09:01:57,101577,order-only-001605,,9476.64,completed
3257,2026-07-19 15:26:19,100050,order-only-001606,,6907.36,created
3258,2026-07-31 16:36:36,101399,order-only-001607,PROMO050,17461.31,completed
3259,2026-07-03 04:02:01,101920,order-only-001608,PROMO029,3378.75,completed
3260,2026-07-22 05:06:05,103403,order-only-001609,PROMO097,17221.87,paid
3261,2026-07-26 15:05:39,100484,order-only-001610,,2831.05,completed
3262,2026-07-02 12:11:08,104211,order-only-001611,PROMO012,21471.86,paid
3263,2026-07-05 18:45:12,102205,order-only-001612,,19348.02,paid
3264,2026-07-16 09:37:26,100493,order-only-001613,,4912.95,completed
3265,2026-07-14 06:31:33,102870,order-only-001614,,19897.94,paid
3266,2026-07-14 17:12:51,103957,order-only-001615,PROMO067,7198.29,completed
3267,2026-07-04 02:35:00,104176,order-only-001616,,7639.03,paid
3268,2026-07-14 21:11:17,100922,order-only-001617,,738.07,completed
3269,2026-07-23 00:24:30,100945,order-only-001618,,3710.01,paid
3270,2026-07-11 20:31:30,103630,order-only-001619,,16569.94,paid
3271,2026-07-27 11:08:27,104607,order-only-001620,,3591.06,cancelled
3272,2026-07-21 15:41:49,104039,order-only-001621,,15783.87,completed
3273,2026-07-08 03:47:27,100963,order-only-001622,PROMO098,15920.23,paid
3274,2026-07-21 08:45:13,101241,order-only-001623,,11747.22,created
3275,2026-07-09 03:45:13,103134,order-only-001624,,11197.04,cancelled
3276,2026-07-27 20:38:51,102919,order-only-001625,,14526.12,created
3277,2026-07-02 02:38:40,103047,order-only-001626,PROMO009,12403.27,paid
3278,2026-07-26 01:22:12,103814,order-only-001627,PROMO093,9351.21,paid
3279,2026-07-12 16:51:32,100754,order-only-001628,,19143.99,completed
3280,2026-07-09 15:00:52,104648,order-only-001629,,20528.93,paid
3281,2026-07-02 06:02:42,101808,order-only-001630,,21944.51,completed
3282,2026-07-11 03:59:07,103540,order-only-001631,,552.27,created
3283,2026-07-10 03:11:57,101110,order-only-001632,,19171.19,paid
3284,2026-07-26 03:54:05,101074,order-only-001633,PROMO067,20073.54,completed
3285,2026-07-18 00:13:40,100520,order-only-001634,,10922.06,paid
3286,2026-07-22 12:56:13,101347,order-only-001635,,20808.74,completed
3287,2026-07-10 01:26:17,103254,order-only-001636,,6539.49,paid
3288,2026-07-10 05:39:29,101819,order-only-001637,PROMO119,7262.6,created
3289,2026-07-16 04:16:10,104667,order-only-001638,,22111.16,created
3290,2026-07-20 09:08:50,101303,order-only-001639,,7488.24,created
3291,2026-07-08 08:47:41,100645,order-only-001640,,1968.15,completed
3292,2026-07-23 10:37:02,101998,order-only-001641,,17388.7,paid
3293,2026-07-09 12:33:33,100234,order-only-001642,,15832.38,paid
3294,2026-07-02 17:58:13,100401,order-only-001643,,7902.83,completed
3295,2026-07-21 09:59:11,103936,order-only-001644,,9873.21,cancelled
3296,2026-07-28 05:58:49,101000,order-only-001645,,23720.97,created
3297,2026-07-29 14:43:48,101669,order-only-001646,,8597.23,created
3298,2026-07-27 16:38:51,104281,order-only-001647,,11579.07,paid
3299,2026-07-06 20:13:30,104514,order-only-001648,,15739.12,cancelled
3300,2026-07-14 15:17:18,104853,order-only-001649,PROMO104,4030.48,paid
3301,2026-07-29 13:41:35,101035,order-only-001650,,8907.61,completed
3302,2026-07-07 00:04:12,100283,order-only-001651,,982.28,paid
3303,2026-07-07 00:12:14,101147,order-only-001652,PROMO098,11542.66,cancelled
3304,2026-07-12 02:31:24,104498,order-only-001653,PROMO008,16868.71,created
3305,2026-07-04 08:32:23,101391,order-only-001654,,2437.21,paid
3306,2026-07-28 13:21:58,102447,order-only-001655,,19657.07,completed
3307,2026-07-13 16:11:05,101738,order-only-001656,,5111.29,completed
3308,2026-07-04 18:43:41,100770,order-only-001657,PROMO055,22253.18,completed
3309,2026-07-06 18:23:35,104414,order-only-001658,,8285.88,completed
3310,2026-07-19 05:06:01,104310,order-only-001659,PROMO005,15284.96,cancelled
3311,2026-07-31 15:55:15,100984,order-only-001660,,16899.36,paid
3312,2026-07-13 21:14:27,104362,order-only-001661,PROMO019,20132.41,created
3313,2026-07-29 06:07:53,100309,order-only-001662,PROMO033,12124.42,created
3314,2026-07-27 22:40:29,100539,order-only-001663,,5232.67,paid
3315,2026-07-24 15:35:13,104294,order-only-001664,PROMO083,12336.89,paid
3316,2026-07-13 22:42:05,101716,order-only-001665,PROMO017,17014.43,paid
3317,2026-07-05 12:39:42,103310,order-only-001666,,18749.9,paid
3318,2026-07-24 19:07:21,103189,order-only-001667,,16585.1,paid
3319,2026-07-13 12:44:18,102230,order-only-001668,,6457.28,completed
3320,2026-07-11 08:28:28,100886,order-only-001669,PROMO007,20905.73,completed
3321,2026-07-01 05:49:23,104087,order-only-001670,,21157.01,created
3322,2026-07-20 22:28:32,103790,order-only-001671,,18995.38,cancelled
3323,2026-07-28 15:10:18,101195,order-only-001672,PROMO036,6946.87,cancelled
3324,2026-07-27 21:13:50,103289,order-only-001673,,10415.67,cancelled
3325,2026-07-22 13:55:09,104965,order-only-001674,,16007.7,cancelled
3326,2026-07-17 06:01:09,103785,order-only-001675,,19015.53,cancelled
3327,2026-07-20 09:46:16,104485,order-only-001676,,12552.04,paid
3328,2026-07-08 09:13:20,100365,order-only-001677,,14019.52,paid
3329,2026-07-22 06:48:57,103594,order-only-001678,,21039.65,paid
3330,2026-07-15 12:01:09,104418,order-only-001679,,10587.71,paid
3331,2026-07-29 07:58:26,101311,order-only-001680,,24048.8,cancelled
3332,2026-07-07 10:19:03,101671,order-only-001681,PROMO016,11997.1,created
3333,2026-07-22 04:25:07,100999,order-only-001682,,21697.9,cancelled
3334,2026-07-02 10:22:39,104586,order-only-001683,,2535.31,paid
3335,2026-07-10 06:56:24,102998,order-only-001684,,17377.73,completed
3336,2026-07-07 22:30:27,102466,order-only-001685,,4742.94,paid
3337,2026-07-31 15:14:33,102130,order-only-001686,,17367.08,created
3338,2026-07-05 20:28:36,103487,order-only-001687,,14802.85,created
3339,2026-07-29 23:58:08,103073,order-only-001688,,619.85,paid
3340,2026-07-21 13:09:57,102138,order-only-001689,,8527.29,cancelled
3341,2026-07-09 12:18:34,100126,order-only-001690,,4829.86,paid
3342,2026-07-10 14:31:12,100251,order-only-001691,,6016.53,completed
3343,2026-07-30 23:26:56,102266,order-only-001692,,21578.83,cancelled
3344,2026-07-31 18:19:57,104696,order-only-001693,,22520.15,paid
3345,2026-07-11 06:51:30,100714,order-only-001694,PROMO029,9230.71,completed
3346,2026-07-22 14:37:55,104809,order-only-001695,PROMO094,17503.73,cancelled
3347,2026-07-19 12:32:46,100199,order-only-001696,,3745.85,created
3348,2026-07-15 01:09:52,104625,order-only-001697,,7013.1,completed
3349,2026-07-01 15:11:24,103941,order-only-001698,,17543.13,created
3350,2026-07-29 09:02:38,101060,order-only-001699,,10349.49,paid
3351,2026-07-31 14:25:02,101101,order-only-001700,PROMO008,23608.65,cancelled
3352,2026-07-13 17:30:02,104147,order-only-001701,PROMO074,24697.8,created
3353,2026-07-20 21:18:59,100611,order-only-001702,,1105.52,paid
3354,2026-07-23 07:35:38,103056,order-only-001703,,10571.92,created
3355,2026-07-12 03:42:17,104328,order-only-001704,,7460.05,cancelled
3356,2026-07-05 17:09:46,100955,order-only-001705,,3102.93,completed
3357,2026-07-20 07:15:38,103979,order-only-001706,PROMO074,3555.55,cancelled
3358,2026-07-24 00:38:14,100618,order-only-001707,,4499,paid
3359,2026-07-29 02:31:20,100026,order-only-001708,,17162.14,completed
3360,2026-07-19 01:13:16,102628,order-only-001709,,23231.76,paid
3361,2026-07-05 20:43:38,101991,order-only-001710,PROMO054,10239.18,completed
3362,2026-07-27 21:10:25,101400,order-only-001711,,4718.89,created
3363,2026-07-20 03:40:07,103007,order-only-001712,,19948.82,created
3364,2026-07-28 04:19:46,100166,order-only-001713,,19305.35,paid
3365,2026-07-26 09:12:54,101239,order-only-001714,,22647.07,paid
3366,2026-07-13 05:42:06,104972,order-only-001715,,17836.9,completed
3367,2026-07-01 03:36:16,101482,order-only-001716,,12258.9,cancelled
3368,2026-07-28 12:46:55,101215,order-only-001717,,5212.08,paid
3369,2026-07-22 19:14:05,100874,order-only-001718,,3382.52,paid
3370,2026-07-03 23:05:25,104822,order-only-001719,,17947.12,cancelled
3371,2026-07-25 04:26:09,102894,order-only-001720,,21353.61,paid
3372,2026-07-10 14:07:58,103323,order-only-001721,,14282.91,paid
3373,2026-07-24 12:02:14,101342,order-only-001722,,4223.76,cancelled
3374,2026-07-12 15:01:40,101563,order-only-001723,PROMO106,21242.48,paid
3375,2026-07-11 16:31:10,102842,order-only-001724,,8094.91,paid
3376,2026-07-15 00:57:02,102202,order-only-001725,,2072.33,paid
3377,2026-07-13 04:54:48,103800,order-only-001726,,14182.97,completed
3378,2026-07-03 04:07:54,104030,order-only-001727,,12115.89,cancelled
3379,2026-07-16 06:29:57,102568,order-only-001728,PROMO047,17097.98,paid
3380,2026-07-04 21:24:42,100218,order-only-001729,PROMO009,22164.86,completed
3381,2026-07-11 07:48:06,102743,order-only-001730,,11258.34,completed
3382,2026-07-02 21:02:13,102974,order-only-001731,PROMO062,16684.79,paid
3383,2026-07-28 11:24:54,103031,order-only-001732,,23881.44,paid
3384,2026-07-30 04:11:02,101231,order-only-001733,,3181.22,paid
3385,2026-07-24 08:39:08,104820,order-only-001734,,13799.2,created
3386,2026-07-09 10:54:45,100644,order-only-001735,PROMO086,2517.05,cancelled
3387,2026-07-18 05:09:48,103713,order-only-001736,,16552.96,completed
3388,2026-07-10 16:24:57,104495,order-only-001737,,9494.25,paid
3389,2026-07-17 13:30:10,101356,order-only-001738,,4221.36,cancelled
3390,2026-07-26 11:16:20,102509,order-only-001739,PROMO063,19231.66,completed
3391,2026-07-01 13:46:32,100474,order-only-001740,,24666.99,paid
3392,2026-07-15 12:49:47,101342,order-only-001741,,13289.27,paid
3393,2026-07-20 06:57:46,101418,order-only-001742,,17773.63,completed
3394,2026-07-30 09:02:11,101839,order-only-001743,PROMO064,14401.15,created
3395,2026-07-21 02:40:54,103232,order-only-001744,,17137.92,completed
3396,2026-07-10 14:25:52,103585,order-only-001745,PROMO090,10893.31,completed
3397,2026-07-28 07:51:08,101262,order-only-001746,,12553.43,paid
3398,2026-07-04 11:15:15,104338,order-only-001747,,20547.19,paid
3399,2026-07-13 06:20:02,103445,order-only-001748,,24686,completed
3400,2026-07-25 03:22:35,102421,order-only-001749,PROMO079,9293.74,paid
3401,2026-07-01 00:53:01,101654,order-only-001750,PROMO010,20685.85,paid
3402,2026-07-24 21:20:26,102611,order-only-001751,,12707.63,cancelled
3403,2026-07-23 04:58:24,102695,order-only-001752,PROMO092,1579.36,paid
3404,2026-07-28 08:52:57,101918,order-only-001753,,21951.14,cancelled
3405,2026-07-31 01:47:27,101848,order-only-001754,,7030.3,completed
3406,2026-07-25 18:40:42,103571,order-only-001755,PROMO060,23352.25,created
3407,2026-07-19 13:39:13,103806,order-only-001756,,7881.78,cancelled
3408,2026-07-30 22:38:28,101935,order-only-001757,,6913.89,paid
3409,2026-07-22 19:29:11,102357,order-only-001758,,15188.39,paid
3410,2026-07-05 09:56:47,101605,order-only-001759,PROMO049,16309.72,paid
3411,2026-07-04 17:41:36,100696,order-only-001760,PROMO104,18129.52,cancelled
3412,2026-07-25 20:55:14,102331,order-only-001761,,3214.9,created
3413,2026-07-27 05:02:05,102000,order-only-001762,,23025.31,cancelled
3414,2026-07-17 09:51:11,101594,order-only-001763,,5356.71,created
3415,2026-07-01 19:46:44,102372,order-only-001764,PROMO089,13134.12,paid
3416,2026-07-12 05:23:40,104905,order-only-001765,PROMO116,9236.44,completed
3417,2026-07-21 19:15:55,104748,order-only-001766,,9730.08,paid
3418,2026-07-25 02:51:17,102362,order-only-001767,,3431,paid
3419,2026-07-27 23:57:53,102497,order-only-001768,PROMO003,22629.13,cancelled
3420,2026-07-03 16:47:37,103951,order-only-001769,,2404.18,paid
3421,2026-07-29 00:08:01,103396,order-only-001770,PROMO005,21025.38,completed
3422,2026-07-22 01:42:39,103208,order-only-001771,PROMO108,8935.96,paid
3423,2026-07-31 00:59:39,101017,order-only-001772,,9776.59,cancelled
3424,2026-07-26 03:52:50,103551,order-only-001773,,5099.18,paid
3425,2026-07-14 12:36:38,103298,order-only-001774,,22774.47,paid
3426,2026-07-26 00:38:55,100915,order-only-001775,,2076.94,completed
3427,2026-07-31 14:27:15,102951,order-only-001776,PROMO075,24432.33,completed
3428,2026-07-08 12:02:46,100137,order-only-001777,PROMO068,10361.69,completed
3429,2026-07-20 14:50:13,104363,order-only-001778,,5193.44,cancelled
3430,2026-07-04 19:43:15,104288,order-only-001779,,9791.7,completed
3431,2026-07-10 03:11:24,103303,order-only-001780,,17526.21,completed
3432,2026-07-16 23:17:22,104223,order-only-001781,PROMO025,1821.66,paid
3433,2026-07-23 10:32:28,101454,order-only-001782,,654.75,paid
3434,2026-07-31 00:23:31,101329,order-only-001783,,23406,completed
3435,2026-07-22 17:19:09,104123,order-only-001784,,5547.27,cancelled
3436,2026-07-21 18:23:10,104256,order-only-001785,PROMO109,10383.41,paid
3437,2026-07-18 09:57:31,102887,order-only-001786,PROMO060,1816.41,completed
3438,2026-07-21 20:13:52,101142,order-only-001787,,7801.46,paid
3439,2026-07-19 02:57:12,103783,order-only-001788,,12871.67,completed
3440,2026-07-12 23:31:46,101774,order-only-001789,,9596.36,completed
3441,2026-07-11 06:34:28,100025,order-only-001790,,11955.68,paid
3442,2026-07-12 01:49:43,100179,order-only-001791,,6625.77,completed
3443,2026-07-09 02:40:24,100247,order-only-001792,PROMO117,22637.72,completed
3444,2026-07-02 10:48:10,100044,order-only-001793,,20736.47,paid
3445,2026-07-10 19:23:41,100431,order-only-001794,,3836.93,paid
3446,2026-07-25 13:49:22,103184,order-only-001795,,18209.62,completed
3447,2026-07-12 03:51:00,100368,order-only-001796,,3148.36,paid
3448,2026-07-27 09:53:27,102487,order-only-001797,,3037.5,paid
3449,2026-07-20 23:24:40,103500,order-only-001798,,14182.09,paid
3450,2026-07-22 23:20:00,101742,order-only-001799,,6508,created
3451,2026-07-23 20:14:32,101023,order-only-001800,,8981.12,cancelled
3452,2026-07-31 22:02:49,104858,order-only-001801,,23675.53,paid
3453,2026-07-05 17:53:02,101125,order-only-001802,,22607.27,created
3454,2026-07-05 21:10:01,104565,order-only-001803,PROMO108,21257.97,created
3455,2026-07-16 04:46:11,102979,order-only-001804,,19138.75,cancelled
3456,2026-07-06 04:03:41,103727,order-only-001805,,22088.73,created
3457,2026-07-24 04:02:27,100472,order-only-001806,,2034.71,paid
3458,2026-07-27 15:11:19,103717,order-only-001807,,3719.62,completed
3459,2026-07-01 09:11:46,100215,order-only-001808,,21094.32,completed
3460,2026-07-21 15:02:22,101193,order-only-001809,PROMO090,13248.71,paid
3461,2026-07-29 00:03:35,101124,order-only-001810,,1670.75,paid
3462,2026-07-17 01:15:08,103852,order-only-001811,,20513.67,created
3463,2026-07-27 05:44:30,102414,order-only-001812,PROMO022,23985.54,completed
3464,2026-07-16 03:42:04,104903,order-only-001813,,21504.86,cancelled
3465,2026-07-14 16:24:00,103808,order-only-001814,,22809.2,created
3466,2026-07-30 12:12:11,100992,order-only-001815,,12310.65,cancelled
3467,2026-07-14 23:36:34,103432,order-only-001816,PROMO105,20270.05,paid
3468,2026-07-01 15:37:07,104259,order-only-001817,PROMO038,24108,paid
3469,2026-07-25 12:06:21,103009,order-only-001818,,3270.95,completed
3470,2026-07-21 03:09:51,102192,order-only-001819,,21992.97,paid
3471,2026-07-11 21:21:27,103820,order-only-001820,PROMO091,13908.89,paid
3472,2026-07-11 23:54:40,100069,order-only-001821,,11334.29,cancelled
3473,2026-07-04 09:58:32,104427,order-only-001822,,17624.23,completed
3474,2026-07-15 18:00:20,100552,order-only-001823,,548.04,created
3475,2026-07-13 17:36:51,102330,order-only-001824,,11908.54,completed
3476,2026-07-25 08:13:07,100455,order-only-001825,,16636.32,completed
3477,2026-07-11 01:47:40,102171,order-only-001826,PROMO059,17200.83,paid
3478,2026-07-25 18:45:54,104929,order-only-001827,,21309.12,completed
3479,2026-07-20 13:14:19,102003,order-only-001828,,8046.65,completed
3480,2026-07-22 19:43:13,100810,order-only-001829,,2453.29,paid
3481,2026-07-30 04:34:36,102524,order-only-001830,PROMO105,9810.9,completed
3482,2026-07-18 03:09:07,101099,order-only-001831,PROMO072,4531.33,paid
3483,2026-07-11 12:36:44,103928,order-only-001832,,12078.42,paid
3484,2026-07-06 13:28:26,103983,order-only-001833,,5841.81,created
3485,2026-07-31 10:11:13,102713,order-only-001834,PROMO096,7552.57,completed
3486,2026-07-17 18:30:10,102380,order-only-001835,,16017.15,created
3487,2026-07-08 00:15:17,103786,order-only-001836,PROMO022,8772.09,paid
3488,2026-07-01 10:47:02,101813,order-only-001837,,15590.45,cancelled
3489,2026-07-10 10:03:58,102852,order-only-001838,,1963.28,cancelled
3490,2026-07-06 09:39:28,104886,order-only-001839,,18849.12,completed
3491,2026-07-15 18:58:42,102413,order-only-001840,PROMO002,20218.24,paid
3492,2026-07-09 11:47:03,100371,order-only-001841,,16232.57,cancelled
3493,2026-07-16 16:03:12,103674,order-only-001842,,17431.66,cancelled
3494,2026-07-06 09:07:18,102917,order-only-001843,,581.65,cancelled
3495,2026-07-20 18:53:35,100332,order-only-001844,,13892.06,created
3496,2026-07-20 12:20:53,101132,order-only-001845,,13117.17,paid
3497,2026-07-03 13:42:21,103613,order-only-001846,PROMO071,9263.61,created
3498,2026-07-18 11:43:36,104413,order-only-001847,PROMO098,4588.93,cancelled
3499,2026-07-19 18:14:23,102842,order-only-001848,,20304.17,completed
3500,2026-07-29 07:43:49,104963,order-only-001849,PROMO053,23745.14,paid
3501,2026-07-22 22:23:47,104408,order-only-001850,,6751.75,completed
3502,2026-07-31 18:21:12,102867,order-only-001851,PROMO022,18448.26,completed
3503,2026-07-01 03:00:45,102698,order-only-001852,PROMO091,21381.36,completed
3504,2026-07-13 08:51:53,103996,order-only-001853,PROMO102,23380.52,created
3505,2026-07-30 07:43:14,104693,order-only-001854,,8102.65,cancelled
3506,2026-07-18 13:44:47,103130,order-only-001855,,5450.31,paid
3507,2026-07-31 19:44:27,102943,order-only-001856,PROMO055,11937.98,created
3508,2026-07-11 05:53:22,100445,order-only-001857,PROMO111,22056.14,paid
3509,2026-07-15 13:25:34,101114,order-only-001858,PROMO054,5024.82,completed
3510,2026-07-08 23:21:09,100558,order-only-001859,,23824.73,paid
3511,2026-07-14 18:53:39,103011,order-only-001860,,6126.93,paid
3512,2026-07-05 19:40:42,102896,order-only-001861,PROMO062,18742.78,paid
3513,2026-07-25 19:56:55,102266,order-only-001862,,14809.99,paid
3514,2026-07-01 13:48:45,104685,order-only-001863,,13568.65,completed
3515,2026-07-20 13:35:14,103920,order-only-001864,PROMO007,17466.95,paid
3516,2026-07-30 22:24:37,101156,order-only-001865,PROMO084,19295.36,completed
3517,2026-07-26 05:04:05,102422,order-only-001866,,13826.84,created
3518,2026-07-22 21:26:32,102700,order-only-001867,,23668.63,paid
3519,2026-07-17 08:28:16,103684,order-only-001868,PROMO015,17861.38,paid
3520,2026-07-08 03:27:32,104457,order-only-001869,,7756.71,paid
3521,2026-07-18 15:45:05,103352,order-only-001870,,15419.97,cancelled
3522,2026-07-31 08:01:10,104438,order-only-001871,,9182.19,paid
3523,2026-07-26 03:25:08,100143,order-only-001872,,10393.78,cancelled
3524,2026-07-30 20:37:54,103182,order-only-001873,,17606.11,paid
3525,2026-07-17 13:34:38,100996,order-only-001874,,7771.82,cancelled
3526,2026-07-15 16:56:32,102854,order-only-001875,PROMO005,2259.75,completed
3527,2026-07-09 07:48:30,104987,order-only-001876,,7918.01,completed
3528,2026-07-21 23:45:58,102947,order-only-001877,,21902.86,completed
3529,2026-07-09 14:21:13,100536,order-only-001878,PROMO044,1252.09,paid
3530,2026-07-01 10:59:48,101709,order-only-001879,,4734.14,paid
3531,2026-07-18 00:55:36,104733,order-only-001880,,14231.56,paid
3532,2026-07-10 02:03:10,100227,order-only-001881,PROMO093,22881.99,paid
3533,2026-07-03 13:57:33,103428,order-only-001882,PROMO103,12059.6,completed
3534,2026-07-08 03:06:29,100718,order-only-001883,,4705.13,completed
3535,2026-07-24 09:26:47,101540,order-only-001884,PROMO120,19750.08,completed
3536,2026-07-10 05:17:00,104192,order-only-001885,,19367.87,completed
3537,2026-07-04 04:45:22,101778,order-only-001886,,24446.48,paid
3538,2026-07-24 20:19:20,104621,order-only-001887,PROMO020,23954.8,completed
3539,2026-07-08 10:27:50,101837,order-only-001888,PROMO061,24059.41,cancelled
3540,2026-07-29 01:26:21,100612,order-only-001889,,10967.71,completed
3541,2026-07-05 02:38:07,103849,order-only-001890,,9549.44,completed
3542,2026-07-21 20:31:58,102682,order-only-001891,PROMO112,23354.73,completed
3543,2026-07-18 04:43:38,104298,order-only-001892,,6992.33,cancelled
3544,2026-07-10 17:27:56,104311,order-only-001893,,6214.66,cancelled
3545,2026-07-11 16:47:32,101742,order-only-001894,,16183.11,completed
3546,2026-07-20 20:51:40,101351,order-only-001895,,1361.59,paid
3547,2026-07-09 17:17:27,104448,order-only-001896,PROMO038,5712.06,paid
3548,2026-07-19 16:10:25,102745,order-only-001897,,6867.68,completed
3549,2026-07-16 22:20:29,101799,order-only-001898,PROMO033,475.42,paid
3550,2026-07-21 11:48:03,101726,order-only-001899,,6634.43,paid
3551,2026-07-08 00:25:07,100735,order-only-001900,,13210.08,paid
3552,2026-07-02 12:04:40,102374,order-only-001901,,19276.17,cancelled
3553,2026-07-03 12:21:33,101808,order-only-001902,,23214.09,paid
3554,2026-07-18 23:31:55,102551,order-only-001903,PROMO109,13117.6,cancelled
3555,2026-07-29 18:22:11,104691,order-only-001904,PROMO050,13751.7,completed
3556,2026-07-26 02:41:57,102809,order-only-001905,,10810.43,completed
3557,2026-07-09 04:46:55,100638,order-only-001906,,10567.06,cancelled
3558,2026-07-01 05:57:57,101013,order-only-001907,,4870.01,paid
3559,2026-07-26 03:44:38,103897,order-only-001908,,19708.04,completed
3560,2026-07-07 14:11:48,100068,order-only-001909,,18793.04,completed
3561,2026-07-21 22:57:05,100204,order-only-001910,,11080.66,completed
3562,2026-07-06 18:36:15,103196,order-only-001911,,22305.55,paid
3563,2026-07-13 10:11:20,103348,order-only-001912,,21710.13,created
3564,2026-07-12 10:39:57,104850,order-only-001913,,4392.42,paid
3565,2026-07-05 21:09:10,103780,order-only-001914,,1227.85,cancelled
3566,2026-07-02 19:46:55,104327,order-only-001915,,7193.87,completed
3567,2026-07-13 16:53:11,100462,order-only-001916,,18069.98,completed
3568,2026-07-23 07:21:24,104089,order-only-001917,,18991.04,paid
3569,2026-07-19 12:49:29,104393,order-only-001918,,6237.6,paid
3570,2026-07-24 19:01:20,101501,order-only-001919,,9039.12,created
3571,2026-07-22 08:55:28,102686,order-only-001920,,14411.91,completed
3572,2026-07-06 11:28:59,104710,order-only-001921,,6837.36,completed
3573,2026-07-16 07:26:58,102771,order-only-001922,PROMO094,731.17,completed
3574,2026-07-24 22:20:23,100998,order-only-001923,,13580.83,paid
3575,2026-07-28 15:21:47,103225,order-only-001924,,9766.63,completed
3576,2026-07-14 08:48:56,100978,order-only-001925,,18148.75,completed
3577,2026-07-12 14:16:15,102773,order-only-001926,PROMO052,2535.92,completed
3578,2026-07-14 06:02:37,102109,order-only-001927,PROMO008,10509.57,created
3579,2026-07-14 18:04:57,104996,order-only-001928,,15723.27,paid
3580,2026-07-19 03:22:07,100484,order-only-001929,,16314.62,paid
3581,2026-07-08 22:31:42,101668,order-only-001930,,20230.77,created
3582,2026-07-06 02:28:11,100674,order-only-001931,,14612.43,created
3583,2026-07-25 03:07:22,103114,order-only-001932,,9745.73,paid
3584,2026-07-25 17:47:50,101199,order-only-001933,,3618.07,completed
3585,2026-07-17 16:20:52,101162,order-only-001934,PROMO093,14251.79,completed
3586,2026-07-28 12:30:44,104099,order-only-001935,,20660.07,completed
3587,2026-07-06 16:16:46,103082,order-only-001936,,4018.33,cancelled
3588,2026-07-04 09:55:50,101295,order-only-001937,,22606.43,paid
3589,2026-07-21 10:36:22,101716,order-only-001938,,1368.84,paid
3590,2026-07-29 10:55:30,100358,order-only-001939,PROMO099,20466.71,cancelled
3591,2026-07-16 22:06:47,103522,order-only-001940,PROMO059,22617.02,paid
3592,2026-07-17 00:48:40,102194,order-only-001941,PROMO081,1113.56,completed
3593,2026-07-21 23:59:33,103465,order-only-001942,PROMO119,15463.56,completed
3594,2026-07-29 16:26:50,104553,order-only-001943,,4780.52,completed
3595,2026-07-16 16:52:00,104483,order-only-001944,PROMO108,6242.85,paid
3596,2026-07-27 16:17:06,102811,order-only-001945,,14529.76,paid
3597,2026-07-30 23:39:55,101081,order-only-001946,,8356,paid
3598,2026-07-07 18:53:13,100990,order-only-001947,,7696.11,completed
3599,2026-07-15 12:09:10,100055,order-only-001948,,23935.4,paid
3600,2026-07-28 14:26:22,102186,order-only-001949,PROMO072,16240.24,cancelled
3601,2026-07-10 16:31:28,100691,order-only-001950,PROMO056,9230.35,paid
3602,2026-07-05 15:17:17,101790,order-only-001951,,23452.37,cancelled
3603,2026-07-17 15:30:33,104164,order-only-001952,,10285.53,paid
3604,2026-07-05 03:12:51,102833,order-only-001953,,20159.83,completed
3605,2026-07-06 20:28:54,100497,order-only-001954,,10820.34,paid
3606,2026-07-01 14:23:29,101041,order-only-001955,,11647.21,cancelled
3607,2026-07-17 00:44:00,102824,order-only-001956,,4725.02,completed
3608,2026-07-29 18:16:46,100473,order-only-001957,PROMO069,3877.32,created
3609,2026-07-17 11:05:01,102986,order-only-001958,,7970.86,completed
3610,2026-07-10 10:12:37,104810,order-only-001959,,3016.3,completed
3611,2026-07-08 16:38:25,104272,order-only-001960,,8308.3,completed
3612,2026-07-29 13:07:45,101220,order-only-001961,,4297.29,paid
3613,2026-07-19 02:05:26,104147,order-only-001962,,21233.6,cancelled
3614,2026-07-09 00:51:25,104328,order-only-001963,,16441.97,cancelled
3615,2026-07-01 16:51:29,101364,order-only-001964,PROMO101,1991.54,paid
3616,2026-07-23 09:14:36,100183,order-only-001965,PROMO016,3227.73,cancelled
3617,2026-07-07 02:25:01,101779,order-only-001966,,23648.63,completed
3618,2026-07-10 10:07:28,101994,order-only-001967,,9864.47,paid
3619,2026-07-11 22:50:35,104457,order-only-001968,,14884.92,paid
3620,2026-07-14 02:46:09,101217,order-only-001969,,16794.01,completed
3621,2026-07-28 11:26:37,102398,order-only-001970,PROMO080,7699.95,cancelled
3622,2026-07-23 23:30:33,102569,order-only-001971,,13251.33,paid
3623,2026-07-11 16:57:11,100940,order-only-001972,,13645.18,cancelled
3624,2026-07-11 03:11:30,104693,order-only-001973,PROMO018,14469.81,paid
3625,2026-07-13 09:22:55,102679,order-only-001974,,12752.17,created
3626,2026-07-27 02:00:45,103603,order-only-001975,,20050.84,completed
3627,2026-07-16 23:57:51,103302,order-only-001976,PROMO059,10055.94,cancelled
3628,2026-07-07 17:54:24,102686,order-only-001977,,8979.79,paid
3629,2026-07-26 06:04:44,100359,order-only-001978,,12196.28,cancelled
3630,2026-07-24 23:07:52,103309,order-only-001979,,5469.57,completed
3631,2026-07-19 15:11:50,100407,order-only-001980,PROMO110,15721.84,completed
3632,2026-07-21 14:37:34,100015,order-only-001981,,4960.29,cancelled
3633,2026-07-28 06:04:27,104661,order-only-001982,,17974.15,completed
3634,2026-07-17 22:12:37,102522,order-only-001983,,7356.78,completed
3635,2026-07-20 19:14:22,103905,order-only-001984,,10329.71,completed
3636,2026-07-15 00:20:21,103224,order-only-001985,,18321.75,completed
3637,2026-07-22 10:45:48,102796,order-only-001986,,9879.5,paid
3638,2026-07-29 14:11:19,101237,order-only-001987,,18078.96,cancelled
3639,2026-07-17 09:20:08,104009,order-only-001988,,17387.02,paid
3640,2026-07-30 13:05:53,104750,order-only-001989,,16325.05,paid
3641,2026-07-25 05:07:10,101525,order-only-001990,,20480.68,paid
3642,2026-07-18 01:58:52,100218,order-only-001991,,2314.46,paid
3643,2026-07-03 13:02:25,103820,order-only-001992,PROMO120,19650.88,paid
3644,2026-07-09 22:05:47,102785,order-only-001993,PROMO027,13161.56,paid
3645,2026-07-13 04:40:50,101334,order-only-001994,,6229.48,paid
3646,2026-07-21 04:42:49,102908,order-only-001995,,8051.27,paid
3647,2026-07-05 06:24:54,100784,order-only-001996,PROMO024,21100.82,paid
3648,2026-07-26 16:28:08,102752,order-only-001997,,12242.21,paid
3649,2026-07-23 16:57:11,104646,order-only-001998,PROMO049,7931.75,created
3650,2026-07-15 04:26:53,102079,order-only-001999,PROMO059,10457.45,completed
3651,2026-07-03 11:27:49,104619,order-only-002000,,9143.79,completed
3652,2026-07-15 06:35:39,103244,order-only-002001,,11369.59,completed
3653,2026-07-14 02:48:22,100189,order-only-002002,PROMO060,16284.78,paid
3654,2026-07-07 17:07:59,104451,order-only-002003,,11142,paid
3655,2026-07-28 16:08:21,101768,order-only-002004,PROMO021,17529.21,completed
3656,2026-07-26 11:29:16,104921,order-only-002005,PROMO089,19806.89,paid
3657,2026-07-26 12:14:55,100927,order-only-002006,,6993.75,created
3658,2026-07-20 06:12:45,101684,order-only-002007,PROMO106,6959.67,completed
3659,2026-07-30 15:55:37,102711,order-only-002008,,23519.7,completed
3660,2026-07-10 14:48:29,103779,order-only-002009,,11111.6,completed
3661,2026-07-22 11:06:13,104553,order-only-002010,,13929.93,paid
3662,2026-07-20 18:14:49,101796,order-only-002011,,19002.54,completed
3663,2026-07-03 12:04:47,103356,order-only-002012,,5094.89,completed
3664,2026-07-12 21:08:29,103623,order-only-002013,,637.63,completed
3665,2026-07-15 17:34:37,101937,order-only-002014,,5635.88,paid
3666,2026-07-19 01:24:13,102129,order-only-002015,,6595.7,completed
3667,2026-07-11 19:51:18,101640,order-only-002016,,18961.14,paid
3668,2026-07-07 10:58:24,104353,order-only-002017,,8836.62,paid
3669,2026-07-26 05:21:59,103154,order-only-002018,PROMO117,2982.45,completed
3670,2026-07-12 03:53:47,101202,order-only-002019,PROMO112,10929.65,completed
3671,2026-07-25 23:40:31,101844,order-only-002020,,17021.28,cancelled
3672,2026-07-27 23:51:18,102046,order-only-002021,,14451.89,cancelled
3673,2026-07-24 23:49:55,103821,order-only-002022,,13471.54,paid
3674,2026-07-24 03:08:44,104358,order-only-002023,,24908.34,created
3675,2026-07-08 04:28:44,100711,order-only-002024,,12076.58,completed
3676,2026-07-07 04:22:07,101912,order-only-002025,PROMO002,8074.8,cancelled
3677,2026-07-03 11:31:49,100881,order-only-002026,PROMO063,17665.49,paid
3678,2026-07-05 02:38:06,102242,order-only-002027,,20579.54,paid
3679,2026-07-13 19:52:26,102277,order-only-002028,,18252.84,completed
3680,2026-07-27 11:02:52,104622,order-only-002029,,24362.19,paid
3681,2026-07-18 10:43:47,100329,order-only-002030,,9733.52,completed
3682,2026-07-14 22:01:19,104176,order-only-002031,,7985.8,completed
3683,2026-07-13 00:11:07,103944,order-only-002032,,10295.44,completed
3684,2026-07-01 21:34:48,100389,order-only-002033,,8441.77,paid
3685,2026-07-21 13:19:03,102477,order-only-002034,PROMO028,4901.54,completed
3686,2026-07-31 20:56:58,102187,order-only-002035,,18505.18,created
3687,2026-07-25 22:16:27,100932,order-only-002036,,17743.5,completed
3688,2026-07-04 22:28:43,101115,order-only-002037,,7020.57,completed
3689,2026-07-16 14:46:54,101465,order-only-002038,,1175.37,cancelled
3690,2026-07-01 13:57:36,102780,order-only-002039,,11639.62,paid
3691,2026-07-06 08:06:52,103163,order-only-002040,,15401.53,completed
3692,2026-07-13 16:11:27,100476,order-only-002041,PROMO040,13194.95,paid
3693,2026-07-08 17:07:21,100178,order-only-002042,,5779.19,paid
3694,2026-07-05 03:19:02,103245,order-only-002043,,23029.7,cancelled
3695,2026-07-17 02:47:26,104025,order-only-002044,,23096.31,created
3696,2026-07-26 01:18:15,103082,order-only-002045,,17443.28,completed
3697,2026-07-25 19:22:33,102962,order-only-002046,,22673.21,completed
3698,2026-07-29 23:20:24,101180,order-only-002047,PROMO107,21229.92,completed
3699,2026-07-08 18:21:30,102527,order-only-002048,,1799.46,created
3700,2026-07-03 09:55:02,103640,order-only-002049,,5988.35,paid
3701,2026-07-20 22:01:45,100416,order-only-002050,,8777.65,completed
3702,2026-07-01 05:16:36,104791,order-only-002051,,22320.17,paid
3703,2026-07-11 20:07:53,102553,order-only-002052,PROMO112,4200.99,completed
3704,2026-07-03 05:23:07,100915,order-only-002053,,22069.4,created
3705,2026-07-31 21:22:49,103996,order-only-002054,PROMO096,10354.07,paid
3706,2026-07-03 18:21:23,100595,order-only-002055,PROMO017,11156.42,completed
3707,2026-07-12 08:59:41,101669,order-only-002056,,3607.55,paid
3708,2026-07-21 20:00:16,100794,order-only-002057,PROMO120,22079.1,paid
3709,2026-07-12 18:05:34,103869,order-only-002058,,9367.18,completed
3710,2026-07-19 15:52:52,103865,order-only-002059,PROMO081,8455.02,cancelled
3711,2026-07-11 10:05:44,102144,order-only-002060,,14947.92,cancelled
3712,2026-07-24 10:37:51,104683,order-only-002061,,17208.09,paid
3713,2026-07-13 22:13:00,100524,order-only-002062,,9664.04,cancelled
3714,2026-07-07 18:27:23,102463,order-only-002063,,24376.3,paid
3715,2026-07-26 17:24:00,100991,order-only-002064,,24122.14,paid
3716,2026-07-25 19:56:48,100284,order-only-002065,,23094.76,paid
3717,2026-07-28 21:12:22,103495,order-only-002066,,10927.11,completed
3718,2026-07-15 18:08:30,101440,order-only-002067,,3407.28,cancelled
3719,2026-07-09 13:49:04,103574,order-only-002068,,13589.06,paid
3720,2026-07-14 14:57:35,102993,order-only-002069,,12727.79,paid
3721,2026-07-18 14:43:46,100701,order-only-002070,,16309.32,paid
3722,2026-07-29 16:53:35,103115,order-only-002071,,14480.75,paid
3723,2026-07-28 12:27:04,100970,order-only-002072,,12072.25,paid
3724,2026-07-16 04:32:18,103861,order-only-002073,PROMO063,12946.02,cancelled
3725,2026-07-13 21:03:19,104214,order-only-002074,PROMO044,21566.05,cancelled
3726,2026-07-26 04:21:34,102282,order-only-002075,,4517.22,completed
3727,2026-07-20 23:15:56,102271,order-only-002076,,22285.33,completed
3728,2026-07-28 20:55:43,104906,order-only-002077,,7533.24,completed
3729,2026-07-08 19:13:45,104007,order-only-002078,,15239.04,created
3730,2026-07-26 05:26:42,102166,order-only-002079,,12382.98,completed
3731,2026-07-17 22:12:35,103589,order-only-002080,,9046.96,completed
3732,2026-07-12 13:54:18,101910,order-only-002081,,18307.65,paid
3733,2026-07-21 21:42:23,101682,order-only-002082,,12923.28,paid
3734,2026-07-07 09:31:33,103149,order-only-002083,PROMO085,4026.4,paid
3735,2026-07-28 03:00:50,103406,order-only-002084,,17461.26,cancelled
3736,2026-07-19 18:09:26,100088,order-only-002085,PROMO047,13957.44,cancelled
3737,2026-07-03 17:40:23,101699,order-only-002086,,20244.21,paid
3738,2026-07-03 00:04:10,103064,order-only-002087,,7302.12,paid
3739,2026-07-29 13:03:13,102536,order-only-002088,,22593.71,created
3740,2026-07-11 02:24:23,103934,order-only-002089,,1720.71,completed
3741,2026-07-12 06:18:57,100219,order-only-002090,,4518.56,paid
3742,2026-07-07 01:23:27,101563,order-only-002091,PROMO090,18471.98,completed
3743,2026-07-30 11:54:13,101161,order-only-002092,PROMO027,10632.16,completed
3744,2026-07-20 11:24:15,101567,order-only-002093,,6883.6,completed
3745,2026-07-24 12:31:57,101270,order-only-002094,,8820.02,paid
3746,2026-07-29 09:38:15,100949,order-only-002095,PROMO026,5935.63,created
3747,2026-07-14 14:22:41,103501,order-only-002096,,5503.87,paid
3748,2026-07-17 17:05:39,100047,order-only-002097,,986.68,paid
3749,2026-07-25 15:11:31,101962,order-only-002098,,4496.67,paid
3750,2026-07-24 07:23:53,103170,order-only-002099,,23205.31,paid
3751,2026-07-29 22:53:22,104191,order-only-002100,,22265.66,completed
3752,2026-07-10 16:26:14,103008,order-only-002101,PROMO073,17814.98,completed
3753,2026-07-13 10:05:02,100114,order-only-002102,PROMO091,1498.99,created
3754,2026-07-26 14:54:07,100346,order-only-002103,,15922.2,paid
3755,2026-07-31 14:16:46,100390,order-only-002104,,14600.24,cancelled
3756,2026-07-28 18:41:10,104222,order-only-002105,,1960.17,completed
3757,2026-07-21 16:01:12,101437,order-only-002106,PROMO112,19504.37,created
3758,2026-07-11 00:03:02,103015,order-only-002107,,17350.52,created
3759,2026-07-01 06:46:49,101568,order-only-002108,,7045.09,cancelled
3760,2026-07-06 20:39:23,102888,order-only-002109,,8121.29,completed
3761,2026-07-12 06:29:42,103690,order-only-002110,,3844.27,cancelled
3762,2026-07-08 01:09:40,104438,order-only-002111,PROMO029,18719.98,paid
3763,2026-07-24 04:30:51,104939,order-only-002112,,20745.65,cancelled
3764,2026-07-31 18:58:26,102444,order-only-002113,,593.28,cancelled
3765,2026-07-22 05:25:35,104681,order-only-002114,,4916.09,completed
3766,2026-07-04 21:52:03,100820,order-only-002115,,13394.96,cancelled
3767,2026-07-21 09:35:11,100733,order-only-002116,PROMO101,10914.68,paid
3768,2026-07-14 22:00:56,103452,order-only-002117,PROMO055,6625.18,completed
3769,2026-07-06 06:35:05,100257,order-only-002118,PROMO047,18196.2,paid
3770,2026-07-09 16:25:44,100688,order-only-002119,PROMO020,3963.71,paid
3771,2026-07-01 23:20:40,103232,order-only-002120,,8698.76,paid
3772,2026-07-07 00:31:41,104852,order-only-002121,,5232.21,completed
3773,2026-07-18 18:03:40,100722,order-only-002122,PROMO108,1567.56,created
3774,2026-07-14 10:08:35,102162,order-only-002123,,1589.99,paid
3775,2026-07-25 15:13:45,100493,order-only-002124,,4194.32,paid
3776,2026-07-06 06:47:46,103441,order-only-002125,PROMO045,8821.19,completed
3777,2026-07-18 20:56:27,104208,order-only-002126,,20157.74,created
3778,2026-07-27 19:17:24,103697,order-only-002127,,2370.93,paid
3779,2026-07-21 16:32:12,101496,order-only-002128,,3246.72,created
3780,2026-07-25 04:48:30,100419,order-only-002129,,10950.21,paid
3781,2026-07-01 10:09:25,104125,order-only-002130,,19074.39,created
3782,2026-07-04 19:37:52,100965,order-only-002131,,11881.74,cancelled
3783,2026-07-04 00:19:56,100519,order-only-002132,PROMO023,15427.52,paid
3784,2026-07-12 04:43:18,101146,order-only-002133,PROMO069,20290.62,paid
3785,2026-07-01 12:47:26,102407,order-only-002134,PROMO056,19587.83,completed
3786,2026-07-26 00:00:30,103661,order-only-002135,,4692.12,completed
3787,2026-07-24 22:20:22,102707,order-only-002136,PROMO114,9152.04,completed
3788,2026-07-13 04:05:10,102476,order-only-002137,,3053.98,paid
3789,2026-07-11 22:01:39,102754,order-only-002138,PROMO060,8438.38,cancelled
3790,2026-07-31 01:08:12,101619,order-only-002139,,18475.46,paid
3791,2026-07-08 23:52:44,103939,order-only-002140,PROMO095,24393.37,cancelled
3792,2026-07-12 16:38:40,104428,order-only-002141,PROMO031,12792.44,paid
3793,2026-07-21 16:08:14,104577,order-only-002142,PROMO086,17567.77,paid
3794,2026-07-03 10:53:41,100515,order-only-002143,,14656.94,completed
3795,2026-07-16 21:18:42,101397,order-only-002144,,11140.48,cancelled
3796,2026-07-21 15:36:26,103705,order-only-002145,,24215.89,paid
3797,2026-07-12 10:19:25,104954,order-only-002146,,1725.51,paid
3798,2026-07-20 14:57:14,103056,order-only-002147,PROMO050,6055.7,completed
3799,2026-07-31 23:21:39,101708,order-only-002148,,8938.45,completed
3800,2026-07-12 21:40:53,100033,order-only-002149,PROMO053,12417.53,paid
3801,2026-07-02 00:46:18,101410,order-only-002150,,24568.78,paid
3802,2026-07-27 10:45:55,100448,order-only-002151,,11716.01,created
3803,2026-07-11 00:13:11,104531,order-only-002152,,11205.91,completed
3804,2026-07-08 02:38:02,101663,order-only-002153,,8447.26,paid
3805,2026-07-15 19:18:33,102484,order-only-002154,PROMO069,19630.5,paid
3806,2026-07-31 06:36:58,104283,order-only-002155,PROMO050,23313.2,completed
3807,2026-07-19 20:45:08,100031,order-only-002156,,1705.31,paid
3808,2026-07-01 11:51:44,101614,order-only-002157,,1450.31,paid
3809,2026-07-15 16:50:55,104749,order-only-002158,PROMO072,21450.8,cancelled
3810,2026-07-06 10:00:29,101748,order-only-002159,,11802.2,paid
3811,2026-07-20 04:53:11,103182,order-only-002160,,14982.23,cancelled
3812,2026-07-27 17:54:54,103891,order-only-002161,,10447.57,paid
3813,2026-07-17 11:47:21,101597,order-only-002162,PROMO026,24388.87,paid
3814,2026-07-02 04:19:37,103952,order-only-002163,,16292.55,completed
3815,2026-07-21 12:36:36,102593,order-only-002164,,9470.91,completed
3816,2026-07-10 09:40:08,103584,order-only-002165,PROMO087,12010.18,completed
3817,2026-07-31 09:23:33,101392,order-only-002166,PROMO017,5860.14,paid
3818,2026-07-20 12:54:07,100815,order-only-002167,PROMO023,16119.11,created
3819,2026-07-26 19:03:05,100358,order-only-002168,PROMO053,13425.95,paid
3820,2026-07-31 05:05:27,103281,order-only-002169,,20939.56,cancelled
3821,2026-07-20 21:27:23,102514,order-only-002170,,23183.77,paid
3822,2026-07-03 16:36:10,102475,order-only-002171,,18338.4,completed
3823,2026-07-25 21:29:00,104581,order-only-002172,,21872.53,paid
3824,2026-07-31 18:13:19,100648,order-only-002173,,16837.51,created
3825,2026-07-05 20:46:54,103781,order-only-002174,,17562.35,paid
3826,2026-07-21 11:30:54,100414,order-only-002175,,10773.21,paid
3827,2026-07-21 13:51:38,101697,order-only-002176,,24652.57,completed
3828,2026-07-05 14:34:59,100828,order-only-002177,,24889.44,created
3829,2026-07-24 15:43:29,101137,order-only-002178,,7165.69,paid
3830,2026-07-28 20:44:55,101186,order-only-002179,,17719.75,created
3831,2026-07-17 13:47:07,104583,order-only-002180,,17017.63,cancelled
3832,2026-07-03 19:38:17,103874,order-only-002181,PROMO033,24907.7,created
3833,2026-07-23 19:36:52,101349,order-only-002182,PROMO026,3607.16,created
3834,2026-07-01 01:23:34,100133,order-only-002183,,9425.67,paid
3835,2026-07-05 18:52:32,103923,order-only-002184,,7411.75,completed
3836,2026-07-29 04:53:28,102005,order-only-002185,,1364.22,completed
3837,2026-07-08 09:11:41,102777,order-only-002186,,10322.35,created
3838,2026-07-13 19:52:33,101984,order-only-002187,PROMO094,22520.26,cancelled
3839,2026-07-05 20:29:42,104890,order-only-002188,,13137.54,cancelled
3840,2026-07-16 10:07:35,101299,order-only-002189,PROMO102,6330.69,paid
3841,2026-07-21 19:52:20,101845,order-only-002190,,4726.15,paid
3842,2026-07-05 13:14:44,100313,order-only-002191,PROMO120,21769.27,cancelled
3843,2026-07-22 02:33:00,102521,order-only-002192,PROMO089,3983.2,completed
3844,2026-07-25 20:11:23,104243,order-only-002193,PROMO073,8759.52,cancelled
3845,2026-07-19 13:37:05,102719,order-only-002194,,21067.03,completed
3846,2026-07-07 23:40:15,102723,order-only-002195,PROMO059,8243.78,paid
3847,2026-07-22 19:06:51,104104,order-only-002196,PROMO023,16901.74,paid
3848,2026-07-21 01:37:47,101826,order-only-002197,,24580.8,created
3849,2026-07-24 15:03:18,102539,order-only-002198,,7499.76,completed
3850,2026-07-26 01:16:30,104269,order-only-002199,,7470.97,paid
3851,2026-07-14 19:28:33,102899,order-only-002200,,5526.59,created
3852,2026-07-27 09:16:19,104284,order-only-002201,,18397.85,paid
3853,2026-07-12 05:55:41,104985,order-only-002202,PROMO084,12817.87,completed
3854,2026-07-07 12:19:29,103389,order-only-002203,PROMO018,21407.49,completed
3855,2026-07-22 12:32:26,101021,order-only-002204,PROMO061,18933.85,paid
3856,2026-07-02 06:50:30,103249,order-only-002205,,5973.14,cancelled
3857,2026-07-29 01:06:59,100550,order-only-002206,,2277.26,completed
3858,2026-07-06 11:47:33,100442,order-only-002207,,17749.45,paid
3859,2026-07-06 23:48:14,101000,order-only-002208,PROMO002,16517.93,paid
3860,2026-07-11 16:11:27,102084,order-only-002209,,2884.63,cancelled
3861,2026-07-04 00:08:38,103791,order-only-002210,,2101.23,cancelled
3862,2026-07-13 11:00:16,103419,order-only-002211,,15846.48,cancelled
3863,2026-07-29 18:51:39,103735,order-only-002212,PROMO116,23523.19,cancelled
3864,2026-07-26 08:52:32,102516,order-only-002213,,15354.91,paid
3865,2026-07-26 04:48:31,104666,order-only-002214,,7258.29,completed
3866,2026-07-09 16:10:53,103817,order-only-002215,,13739.35,completed
3867,2026-07-22 05:49:28,103147,order-only-002216,PROMO053,4159.55,paid
3868,2026-07-01 02:00:01,102571,order-only-002217,,17382.02,completed
3869,2026-07-21 21:46:29,100281,order-only-002218,,16950.59,paid
3870,2026-07-20 19:45:58,104209,order-only-002219,PROMO104,7050.07,completed
3871,2026-07-09 23:33:32,101072,order-only-002220,,23040.63,paid
3872,2026-07-22 02:03:24,102753,order-only-002221,PROMO046,738.46,paid
3873,2026-07-06 05:35:55,101679,order-only-002222,,22704.64,paid
3874,2026-07-21 08:14:20,103382,order-only-002223,,18259.73,created
3875,2026-07-06 05:46:17,100111,order-only-002224,PROMO090,21782.35,paid
3876,2026-07-09 18:08:23,100224,order-only-002225,,3551.35,paid
3877,2026-07-21 21:56:15,104415,order-only-002226,,22015.03,paid
3878,2026-07-12 07:55:33,103048,order-only-002227,,10127.87,paid
3879,2026-07-30 20:42:37,104485,order-only-002228,,988.82,paid
3880,2026-07-18 16:16:05,103736,order-only-002229,,4555.37,paid
3881,2026-07-06 07:35:47,104623,order-only-002230,,15029.9,completed
3882,2026-07-12 13:00:56,104635,order-only-002231,,11793.85,paid
3883,2026-07-20 11:33:23,102703,order-only-002232,PROMO098,801.28,paid
3884,2026-07-18 15:27:16,103600,order-only-002233,,4623.99,completed
3885,2026-07-23 16:13:26,103109,order-only-002234,,24554.29,completed
3886,2026-07-14 20:45:03,100315,order-only-002235,,2237.36,paid
3887,2026-07-24 07:42:15,104980,order-only-002236,PROMO006,3107.26,paid
3888,2026-07-08 00:05:35,101023,order-only-002237,,15049.83,paid
3889,2026-07-08 14:44:04,102394,order-only-002238,PROMO014,2883.57,cancelled
3890,2026-07-04 04:50:15,102470,order-only-002239,PROMO039,5839.78,created
3891,2026-07-16 06:56:01,102175,order-only-002240,,21612.04,created
3892,2026-07-03 14:09:13,104327,order-only-002241,PROMO016,22735.04,created
3893,2026-07-25 19:22:02,103189,order-only-002242,,7212.16,completed
3894,2026-07-23 08:41:51,104567,order-only-002243,,11287.09,paid
3895,2026-07-07 21:18:54,101738,order-only-002244,PROMO052,5886.99,paid
3896,2026-07-27 19:05:30,104488,order-only-002245,,16176.54,paid
3897,2026-07-13 18:31:38,101170,order-only-002246,,363.52,completed
3898,2026-07-20 22:15:01,101175,order-only-002247,,15206.21,cancelled
3899,2026-07-12 16:49:56,100602,order-only-002248,PROMO092,13104.76,paid
3900,2026-07-06 16:27:06,101464,order-only-002249,PROMO032,9058.92,cancelled
3901,2026-07-07 00:43:52,100535,order-only-002250,,24560.86,paid
3902,2026-07-18 04:16:01,103758,order-only-002251,,10452.08,cancelled
3903,2026-07-07 07:51:02,100608,order-only-002252,,7630.52,paid
3904,2026-07-17 01:42:30,103260,order-only-002253,PROMO072,6819.41,created
3905,2026-07-31 18:23:41,104529,order-only-002254,,22677.95,completed
3906,2026-07-15 23:17:53,104988,order-only-002255,,1411.05,cancelled
3907,2026-07-20 08:57:41,101599,order-only-002256,,5087.6,completed
3908,2026-07-17 16:02:18,101050,order-only-002257,,24223.22,paid
3909,2026-07-21 17:02:13,101243,order-only-002258,PROMO049,15256.43,completed
3910,2026-07-16 02:32:46,101387,order-only-002259,PROMO018,8422.27,completed
3911,2026-07-15 20:40:01,100051,order-only-002260,,16515.05,cancelled
3912,2026-07-26 02:13:51,100038,order-only-002261,PROMO022,15531.87,paid
3913,2026-07-05 20:30:21,103470,order-only-002262,,13479.1,completed
3914,2026-07-01 14:40:39,104887,order-only-002263,,9838.94,paid
3915,2026-07-17 09:10:54,100929,order-only-002264,PROMO118,22974.14,completed
3916,2026-07-14 01:38:58,100326,order-only-002265,,12979.28,cancelled
3917,2026-07-21 23:51:08,102474,order-only-002266,,19516.33,cancelled
3918,2026-07-16 01:24:03,104017,order-only-002267,,16511.36,paid
3919,2026-07-14 12:31:26,100348,order-only-002268,PROMO120,13874.88,paid
3920,2026-07-14 23:13:00,100727,order-only-002269,,23523.7,created
3921,2026-07-31 15:17:47,100204,order-only-002270,,23403.75,created
3922,2026-07-19 01:18:25,100907,order-only-002271,PROMO014,20042.82,completed
3923,2026-07-07 10:51:16,102057,order-only-002272,,1419.18,completed
3924,2026-07-18 00:39:19,102177,order-only-002273,,12796.27,cancelled
3925,2026-07-23 23:07:49,100080,order-only-002274,,23793.56,completed
3926,2026-07-24 13:17:11,104888,order-only-002275,,5973.22,cancelled
3927,2026-07-08 19:38:42,103135,order-only-002276,,20226.63,paid
3928,2026-07-22 02:36:28,104474,order-only-002277,PROMO067,12383.91,completed
3929,2026-07-08 09:19:01,101081,order-only-002278,,24810.41,paid
3930,2026-07-23 19:44:10,101230,order-only-002279,,11375.08,paid
3931,2026-07-11 20:59:31,104758,order-only-002280,,21554.4,created
3932,2026-07-31 00:45:20,101144,order-only-002281,,7886.88,completed
3933,2026-07-11 09:02:19,103444,order-only-002282,PROMO007,21102.22,created
3934,2026-07-03 05:00:02,103458,order-only-002283,,14850.43,paid
3935,2026-07-12 15:05:04,103891,order-only-002284,PROMO092,13692.57,cancelled
3936,2026-07-17 16:39:47,102446,order-only-002285,,17158.45,created
3937,2026-07-13 03:35:27,102998,order-only-002286,,20465.59,paid
3938,2026-07-06 13:14:26,101510,order-only-002287,PROMO059,18381.38,paid
3939,2026-07-31 15:30:12,100138,order-only-002288,,9759.71,cancelled
3940,2026-07-25 14:15:49,102930,order-only-002289,,3511.71,paid
3941,2026-07-26 15:06:11,100954,order-only-002290,PROMO112,16867.31,created
3942,2026-07-24 10:06:10,100868,order-only-002291,PROMO027,20149.76,paid
3943,2026-07-23 10:17:51,104190,order-only-002292,,20040.96,paid
3944,2026-07-12 14:23:29,102568,order-only-002293,PROMO073,16595.15,created
3945,2026-07-23 22:52:29,102010,order-only-002294,,10493.81,paid
3946,2026-07-17 15:07:37,104830,order-only-002295,,23597.71,cancelled
3947,2026-07-18 09:37:51,101536,order-only-002296,,12450.55,created
3948,2026-07-04 17:27:10,103486,order-only-002297,PROMO024,22701.61,completed
3949,2026-07-18 21:02:13,104925,order-only-002298,,17106.3,completed
3950,2026-07-26 22:27:54,100848,order-only-002299,,3461.09,paid
3951,2026-07-25 21:39:25,102359,order-only-002300,PROMO092,24638.9,completed
3952,2026-07-17 05:46:22,104397,order-only-002301,,4410,paid
3953,2026-07-21 06:13:21,100768,order-only-002302,,9762.67,cancelled
3954,2026-07-31 11:40:30,100966,order-only-002303,PROMO026,4929.87,paid
3955,2026-07-16 09:36:31,101824,order-only-002304,PROMO106,12359.82,cancelled
3956,2026-07-29 07:53:14,104376,order-only-002305,,23393.65,paid
3957,2026-07-25 08:23:11,100007,order-only-002306,,13973.88,paid
3958,2026-07-31 08:09:59,104421,order-only-002307,,7867.47,created
3959,2026-07-22 23:06:13,102604,order-only-002308,,15810.07,cancelled
3960,2026-07-15 12:30:16,103550,order-only-002309,PROMO048,18748.35,paid
3961,2026-07-12 03:28:51,100141,order-only-002310,PROMO117,17851.48,created
3962,2026-07-10 17:22:23,102868,order-only-002311,,23336.9,paid
3963,2026-07-07 05:28:42,101515,order-only-002312,PROMO083,10613,paid
3964,2026-07-24 04:29:08,101442,order-only-002313,PROMO045,774.27,created
3965,2026-07-25 04:17:48,104122,order-only-002314,PROMO065,11035.75,completed
3966,2026-07-28 09:29:30,102422,order-only-002315,,13831.48,paid
3967,2026-07-09 09:24:51,103811,order-only-002316,PROMO116,3206.82,completed
3968,2026-07-31 03:00:03,101486,order-only-002317,PROMO062,23027.01,created
3969,2026-07-16 15:59:52,100874,order-only-002318,,13994.59,created
3970,2026-07-17 12:01:09,100817,order-only-002319,PROMO038,4693.45,completed
3971,2026-07-19 14:53:33,100645,order-only-002320,,17075.53,cancelled
3972,2026-07-17 15:58:45,101333,order-only-002321,,17727.25,completed
3973,2026-07-03 07:40:17,100832,order-only-002322,,13490.41,created
3974,2026-07-08 15:29:53,101838,order-only-002323,PROMO105,15345.5,created
3975,2026-07-28 18:09:20,102999,order-only-002324,,15142.19,paid
3976,2026-07-19 11:16:51,103088,order-only-002325,,16301.4,paid
3977,2026-07-11 08:23:32,102356,order-only-002326,,23441.94,cancelled
3978,2026-07-17 22:34:01,101140,order-only-002327,,17101.38,paid
3979,2026-07-18 19:52:55,100838,order-only-002328,,18600.13,completed
3980,2026-07-23 16:29:16,103124,order-only-002329,PROMO019,1979.16,paid
3981,2026-07-03 18:38:18,100238,order-only-002330,,17868.35,paid
3982,2026-07-22 11:50:32,102145,order-only-002331,PROMO093,14670.59,created
3983,2026-07-21 06:30:50,101368,order-only-002332,,17272.38,completed
3984,2026-07-14 19:28:47,100015,order-only-002333,PROMO100,20333.73,completed
3985,2026-07-25 07:54:20,104575,order-only-002334,,1974.44,paid
3986,2026-07-22 06:44:20,103115,order-only-002335,,5684.21,completed
3987,2026-07-09 05:29:18,103602,order-only-002336,,12241.96,completed
3988,2026-07-29 12:39:59,101041,order-only-002337,,24987.52,cancelled
3989,2026-07-14 23:22:34,103911,order-only-002338,,15379.96,completed
3990,2026-07-18 02:00:07,104612,order-only-002339,,13712.89,created
3991,2026-07-01 16:41:27,103308,order-only-002340,PROMO107,17760.47,cancelled
3992,2026-07-02 18:17:01,102071,order-only-002341,,8579.9,paid
3993,2026-07-17 20:30:17,101478,order-only-002342,,3142.35,cancelled
3994,2026-07-02 05:30:56,100037,order-only-002343,,7462.97,paid
3995,2026-07-12 12:41:30,104810,order-only-002344,PROMO118,10302.25,completed
3996,2026-07-01 14:51:09,100984,order-only-002345,,525.41,completed
3997,2026-07-05 21:17:42,100113,order-only-002346,,7201.85,cancelled
3998,2026-07-19 00:18:55,103593,order-only-002347,PROMO079,22034.35,paid
3999,2026-07-12 02:42:53,102116,order-only-002348,,15033.98,completed
4000,2026-07-25 13:41:51,101735,order-only-002349,PROMO001,24253.62,paid
4001,2026-07-30 01:50:47,103125,order-only-002350,PROMO119,1443.89,paid
4002,2026-07-16 11:43:20,103702,order-only-002351,PROMO095,8683.85,paid
4003,2026-07-03 14:56:06,101340,order-only-002352,,24816.55,paid
4004,2026-07-02 10:29:27,104229,order-only-002353,PROMO092,10185.13,created
4005,2026-07-18 11:26:48,102882,order-only-002354,,12506.38,created
4006,2026-07-23 08:16:57,104391,order-only-002355,,22996.53,cancelled
4007,2026-07-04 02:37:59,100911,order-only-002356,,16250.91,created
4008,2026-07-06 06:11:31,103738,order-only-002357,,23410.87,paid
4009,2026-07-20 16:46:01,100513,order-only-002358,PROMO038,16225.24,completed
4010,2026-07-05 02:31:10,103768,order-only-002359,PROMO054,23284.78,completed
4011,2026-07-12 20:52:07,103401,order-only-002360,PROMO002,14311.35,cancelled
4012,2026-07-20 22:35:52,102493,order-only-002361,,14570.53,completed
4013,2026-07-13 19:18:41,104765,order-only-002362,,1819.97,paid
4014,2026-07-21 03:10:30,100179,order-only-002363,PROMO013,14546.51,cancelled
4015,2026-07-21 19:23:21,100242,order-only-002364,PROMO072,16097.9,created
4016,2026-07-19 19:24:38,101848,order-only-002365,PROMO012,2930.77,cancelled
4017,2026-07-15 22:52:43,100273,order-only-002366,,3194.72,cancelled
4018,2026-07-24 11:49:32,103433,order-only-002367,,19146.52,paid
4019,2026-07-03 04:11:49,104590,order-only-002368,PROMO014,2436.48,cancelled
4020,2026-07-14 18:23:58,101205,order-only-002369,,18839.55,cancelled
4021,2026-07-31 10:20:05,104321,order-only-002370,,2167.79,cancelled
4022,2026-07-31 12:39:09,101381,order-only-002371,,17821.89,completed
4023,2026-07-14 11:41:40,101035,order-only-002372,,11842.11,cancelled
4024,2026-07-11 20:31:52,101695,order-only-002373,PROMO110,22747.24,cancelled
4025,2026-07-23 14:34:24,101018,order-only-002374,,6488.4,created
4026,2026-07-11 13:08:06,101080,order-only-002375,,8688.04,completed
4027,2026-07-05 14:48:41,102645,order-only-002376,,18949.71,completed
4028,2026-07-26 06:37:17,103146,order-only-002377,,22332.13,cancelled
4029,2026-07-07 20:49:24,103716,order-only-002378,,14998.38,cancelled
4030,2026-07-07 03:25:45,104956,order-only-002379,,17196.59,completed
4031,2026-07-03 15:13:56,100752,order-only-002380,PROMO081,17313.58,completed
4032,2026-07-12 08:16:02,102615,order-only-002381,PROMO119,1534.04,paid
4033,2026-07-04 08:00:10,102971,order-only-002382,PROMO081,5668.33,completed
4034,2026-07-29 01:04:24,103626,order-only-002383,,13755.26,completed
4035,2026-07-22 21:10:57,100292,order-only-002384,,8720.68,completed
4036,2026-07-03 10:49:39,100413,order-only-002385,,20695.51,completed
4037,2026-07-29 14:30:21,104181,order-only-002386,PROMO036,14117.87,completed
4038,2026-07-07 03:44:52,100887,order-only-002387,,3000.94,completed
4039,2026-07-22 17:22:08,100057,order-only-002388,,3769.65,cancelled
4040,2026-07-09 18:32:56,104730,order-only-002389,PROMO108,16102.26,paid
4041,2026-07-05 20:50:51,103919,order-only-002390,,8188.43,paid
4042,2026-07-08 06:29:04,104956,order-only-002391,,6773.98,completed
4043,2026-07-26 19:28:17,102266,order-only-002392,PROMO014,14674.2,completed
4044,2026-07-14 02:43:46,102621,order-only-002393,PROMO091,24453.15,paid
4045,2026-07-06 11:09:15,100778,order-only-002394,,8484.76,paid
4046,2026-07-25 01:18:01,103454,order-only-002395,,24887.44,completed
4047,2026-07-22 07:07:31,101062,order-only-002396,,3913.25,cancelled
4048,2026-07-12 06:24:01,100918,order-only-002397,,2827.15,created
4049,2026-07-05 22:01:02,101032,order-only-002398,PROMO064,1513.08,completed
4050,2026-07-25 17:32:34,102359,order-only-002399,PROMO045,19256.98,created
4051,2026-07-11 02:56:31,102753,order-only-002400,,6406.33,paid
4052,2026-07-14 05:43:14,101341,order-only-002401,,17304.43,paid
4053,2026-07-13 21:31:40,102245,order-only-002402,,7040.26,paid
4054,2026-07-22 02:58:08,101172,order-only-002403,,21111.55,completed
4055,2026-07-26 13:34:05,101845,order-only-002404,,4332.37,paid
4056,2026-07-23 01:18:24,101721,order-only-002405,,12091.45,created
4057,2026-07-30 14:05:47,101587,order-only-002406,,548.99,paid
4058,2026-07-23 22:07:28,104526,order-only-002407,,7643.3,completed
4059,2026-07-30 12:20:41,103815,order-only-002408,PROMO010,21129.31,cancelled
4060,2026-07-29 22:24:40,101469,order-only-002409,,3143.57,cancelled
4061,2026-07-07 17:00:23,103365,order-only-002410,PROMO055,18299.06,paid
4062,2026-07-05 09:35:38,103371,order-only-002411,PROMO089,16662.61,completed
4063,2026-07-01 09:10:12,101299,order-only-002412,PROMO070,18658.98,completed
4064,2026-07-17 12:49:50,101129,order-only-002413,,5841.84,created
4065,2026-07-31 00:49:53,102602,order-only-002414,,434.32,paid
4066,2026-07-28 01:32:12,101510,order-only-002415,,4323.32,paid
4067,2026-07-27 13:27:02,100490,order-only-002416,PROMO076,20989.96,completed
4068,2026-07-25 08:06:07,104997,order-only-002417,,6884.55,paid
4069,2026-07-30 11:21:02,102629,order-only-002418,,13551.91,completed
4070,2026-07-30 14:49:00,100285,order-only-002419,,15218.33,completed
4071,2026-07-31 21:03:18,100496,order-only-002420,,24656.39,paid
4072,2026-07-04 08:45:11,103739,order-only-002421,,9843.09,created
4073,2026-07-26 06:35:47,104139,order-only-002422,PROMO093,6337.69,completed
4074,2026-07-05 16:31:36,102176,order-only-002423,,17071.06,created
4075,2026-07-14 04:26:43,104634,order-only-002424,,9727.94,completed
4076,2026-07-28 20:16:27,104163,order-only-002425,PROMO070,23470.43,paid
4077,2026-07-04 10:29:15,101061,order-only-002426,,13906.42,paid
4078,2026-07-22 21:54:36,103756,order-only-002427,,8558.08,paid
4079,2026-07-23 04:17:13,101085,order-only-002428,,9798.53,cancelled
4080,2026-07-07 12:39:13,101715,order-only-002429,,2368.81,paid
4081,2026-07-30 06:54:15,104888,order-only-002430,PROMO016,9964.15,completed
4082,2026-07-09 15:26:48,100542,order-only-002431,,20099.73,completed
4083,2026-07-20 21:31:39,101219,order-only-002432,,9153.63,created
4084,2026-07-25 21:31:36,102611,order-only-002433,PROMO059,19911.56,completed
4085,2026-07-29 10:26:31,102156,order-only-002434,PROMO009,2219.05,cancelled
4086,2026-07-11 22:10:00,102307,order-only-002435,,1485.36,completed
4087,2026-07-30 08:47:07,100191,order-only-002436,PROMO083,13716.34,paid
4088,2026-07-04 11:45:25,100008,order-only-002437,,6443.16,cancelled
4089,2026-07-07 21:25:25,102051,order-only-002438,PROMO107,5920.84,paid
4090,2026-07-06 05:13:23,104295,order-only-002439,,20059.63,paid
4091,2026-07-02 04:08:10,102206,order-only-002440,,14021.7,paid
4092,2026-07-01 12:23:20,102928,order-only-002441,,17399.97,paid
4093,2026-07-10 12:27:43,103224,order-only-002442,PROMO050,10064.58,paid
4094,2026-07-08 22:29:19,104822,order-only-002443,,9812.08,paid
4095,2026-07-10 15:47:05,101856,order-only-002444,PROMO054,7851.77,paid
4096,2026-07-21 12:01:09,104996,order-only-002445,PROMO084,16868.21,paid
4097,2026-07-08 12:44:03,103854,order-only-002446,,11012.21,completed
4098,2026-07-09 17:31:01,101470,order-only-002447,,18508.55,paid
4099,2026-07-03 19:31:36,103086,order-only-002448,,15473.6,cancelled
4100,2026-07-22 18:07:15,104625,order-only-002449,,3763.01,completed
4101,2026-07-16 18:10:43,103274,order-only-002450,PROMO013,2381.64,cancelled
4102,2026-07-07 04:02:07,100193,order-only-002451,,7616.69,completed
4103,2026-07-07 08:57:20,101115,order-only-002452,PROMO007,20333.52,paid
4104,2026-07-16 11:29:08,101644,order-only-002453,,6991.26,paid
4105,2026-07-10 14:35:38,102795,order-only-002454,,11697.21,paid
4106,2026-07-22 09:28:01,101814,order-only-002455,,5591.51,cancelled
4107,2026-07-13 11:06:21,100966,order-only-002456,,1093.67,paid
4108,2026-07-24 06:55:09,101936,order-only-002457,PROMO088,16616.11,paid
4109,2026-07-16 12:35:19,102654,order-only-002458,,23508.64,completed
4110,2026-07-14 19:25:03,101671,order-only-002459,PROMO001,14697.45,created
4111,2026-07-18 16:22:56,101011,order-only-002460,,1568.34,paid
4112,2026-07-27 04:53:09,100488,order-only-002461,,23860.24,cancelled
4113,2026-07-30 07:50:32,100660,order-only-002462,PROMO120,16025.91,paid
4114,2026-07-12 19:53:53,101337,order-only-002463,,24097.34,completed
4115,2026-07-28 12:33:49,103253,order-only-002464,PROMO022,9849,created
4116,2026-07-23 16:36:31,101382,order-only-002465,,20826.18,paid
4117,2026-07-20 16:45:55,102636,order-only-002466,,13725.92,created
4118,2026-07-22 11:53:16,101865,order-only-002467,,17020.71,cancelled
4119,2026-07-14 18:42:39,103606,order-only-002468,PROMO112,10861.58,completed
4120,2026-07-27 14:36:43,103268,order-only-002469,,1921.05,paid
4121,2026-07-17 10:11:26,104212,order-only-002470,,822.39,paid
4122,2026-07-31 19:48:55,103679,order-only-002471,,8037.19,cancelled
4123,2026-07-30 00:42:15,103957,order-only-002472,,12123.72,paid
4124,2026-07-09 00:31:03,101589,order-only-002473,,22697.68,completed
4125,2026-07-28 08:25:28,104919,order-only-002474,,19134.49,paid
4126,2026-07-19 19:25:21,103496,order-only-002475,,15992.77,cancelled
4127,2026-07-18 14:50:59,101170,order-only-002476,,11666.51,completed
4128,2026-07-06 11:39:23,102812,order-only-002477,,11752.84,cancelled
4129,2026-07-11 10:05:38,104103,order-only-002478,,22842.16,paid
4130,2026-07-03 15:46:24,104453,order-only-002479,,8236.75,completed
4131,2026-07-19 14:40:29,102815,order-only-002480,,17457.39,paid
4132,2026-07-07 14:33:01,103220,order-only-002481,PROMO001,14693.39,created
4133,2026-07-09 13:45:28,100104,order-only-002482,,10093.32,paid
4134,2026-07-02 06:28:50,101760,order-only-002483,PROMO093,11437.3,completed
4135,2026-07-03 05:49:50,101779,order-only-002484,,13728.68,paid
4136,2026-07-23 12:05:59,100317,order-only-002485,,18686.86,cancelled
4137,2026-07-24 05:10:11,103145,order-only-002486,PROMO055,17310.57,cancelled
4138,2026-07-24 13:51:21,104391,order-only-002487,PROMO101,11295.47,cancelled
4139,2026-07-18 10:06:00,103514,order-only-002488,,13751.17,cancelled
4140,2026-07-30 23:24:58,101220,order-only-002489,,10494.13,paid
4141,2026-07-29 04:34:27,102054,order-only-002490,,8633.9,paid
4142,2026-07-05 01:41:29,101372,order-only-002491,PROMO058,22656.03,paid
4143,2026-07-12 02:17:40,100290,order-only-002492,,14912.17,completed
4144,2026-07-26 12:40:17,101623,order-only-002493,PROMO067,23024.63,paid
4145,2026-07-03 20:30:50,104246,order-only-002494,,1649.39,completed
4146,2026-07-28 08:06:39,101621,order-only-002495,,2595.44,completed
4147,2026-07-24 15:22:28,100284,order-only-002496,,21526.92,created
4148,2026-07-14 05:16:03,102177,order-only-002497,,6024.33,paid
4149,2026-07-04 00:59:44,101738,order-only-002498,,22484.21,paid
4150,2026-07-22 10:37:27,103037,order-only-002499,,20913.05,completed
4151,2026-07-15 04:18:59,100583,order-only-002500,PROMO016,17959.59,paid
4152,2026-07-06 20:27:02,102713,order-only-002501,,22485.99,paid
4153,2026-07-29 06:41:33,103814,order-only-002502,,11335.67,paid
4154,2026-07-21 04:44:29,101477,order-only-002503,,21963.21,paid
4155,2026-07-31 17:47:54,100625,order-only-002504,,14996.29,completed
4156,2026-07-14 13:15:39,102837,order-only-002505,,15293.44,paid
4157,2026-07-17 03:15:29,102491,order-only-002506,PROMO080,20581.26,cancelled
4158,2026-07-06 05:25:46,104355,order-only-002507,,17750.32,created
4159,2026-07-15 09:49:47,103970,order-only-002508,PROMO049,16996.72,cancelled
4160,2026-07-19 04:06:07,104733,order-only-002509,PROMO098,16323.31,paid
4161,2026-07-22 00:53:15,101058,order-only-002510,,23756.46,paid
4162,2026-07-01 13:49:49,104390,order-only-002511,,21503.35,paid
4163,2026-07-30 15:08:53,101110,order-only-002512,,24019.07,created
4164,2026-07-12 16:52:46,104161,order-only-002513,PROMO057,8588.44,paid
4165,2026-07-17 10:16:55,101821,order-only-002514,PROMO119,21573.6,completed
4166,2026-07-22 06:43:28,103512,order-only-002515,,6545.19,paid
4167,2026-07-02 07:39:14,102914,order-only-002516,PROMO107,9148.92,paid
4168,2026-07-23 07:06:37,100920,order-only-002517,,19810.44,completed
4169,2026-07-19 08:46:28,102078,order-only-002518,,19389.38,cancelled
4170,2026-07-23 16:23:49,101523,order-only-002519,PROMO028,1902.84,paid
4171,2026-07-05 01:23:29,101628,order-only-002520,,23392.13,cancelled
4172,2026-07-15 04:34:10,104596,order-only-002521,PROMO042,7416.18,completed
4173,2026-07-17 05:37:26,102924,order-only-002522,,18931.48,created
4174,2026-07-02 10:31:32,101298,order-only-002523,,11205.33,cancelled
4175,2026-07-11 14:38:48,103004,order-only-002524,,2591.94,completed
4176,2026-07-08 13:50:31,100250,order-only-002525,,18921.4,paid
4177,2026-07-14 01:24:38,103940,order-only-002526,,13659.67,paid
4178,2026-07-22 00:13:50,100280,order-only-002527,,5137.62,cancelled
4179,2026-07-31 08:57:53,102679,order-only-002528,,21589.47,paid
4180,2026-07-23 13:54:34,103849,order-only-002529,PROMO105,7835.04,completed
4181,2026-07-10 05:08:35,101195,order-only-002530,PROMO014,14417.7,paid
4182,2026-07-11 18:26:17,104136,order-only-002531,,1270.25,completed
4183,2026-07-21 21:23:12,102655,order-only-002532,PROMO047,4483.03,completed
4184,2026-07-14 23:21:07,100183,order-only-002533,,20750.64,completed
4185,2026-07-02 15:31:23,100558,order-only-002534,PROMO030,19537.3,paid
4186,2026-07-21 20:30:30,103566,order-only-002535,,23375.54,completed
4187,2026-07-31 19:35:56,101781,order-only-002536,,650.33,cancelled
4188,2026-07-10 18:22:47,103086,order-only-002537,,11759.73,paid
4189,2026-07-18 00:21:41,104230,order-only-002538,PROMO020,8882.31,completed
4190,2026-07-05 03:35:18,101925,order-only-002539,,4331.58,cancelled
4191,2026-07-20 05:51:09,100957,order-only-002540,,4557.88,paid
4192,2026-07-12 18:43:07,101414,order-only-002541,,10727.04,paid
4193,2026-07-23 18:12:22,102761,order-only-002542,PROMO061,20665.97,completed
4194,2026-07-13 07:28:20,103518,order-only-002543,,13839.13,paid
4195,2026-07-22 08:55:23,101975,order-only-002544,PROMO034,6408.93,created
4196,2026-07-06 12:27:29,103805,order-only-002545,,20680.9,cancelled
4197,2026-07-15 12:53:15,101687,order-only-002546,PROMO027,12137.9,paid
4198,2026-07-12 17:28:47,101717,order-only-002547,,7525.44,cancelled
4199,2026-07-04 07:18:20,102450,order-only-002548,,24640.84,completed
4200,2026-07-31 23:03:21,104803,order-only-002549,PROMO035,6817.8,paid
4201,2026-07-11 20:43:05,103770,order-only-002550,,17611.01,completed
4202,2026-07-19 11:11:09,104982,order-only-002551,,6698.96,cancelled
4203,2026-07-07 09:45:50,101954,order-only-002552,,13072.03,paid
4204,2026-07-20 18:48:29,103582,order-only-002553,,1523.43,paid
4205,2026-07-15 08:33:37,100832,order-only-002554,,4455.49,paid
4206,2026-07-10 20:36:47,102320,order-only-002555,PROMO103,8993.21,cancelled
4207,2026-07-11 06:01:36,100808,order-only-002556,,11605.1,paid
4208,2026-07-07 23:56:59,100291,order-only-002557,,10099.2,paid
4209,2026-07-16 11:07:18,100907,order-only-002558,,13033.17,paid
4210,2026-07-05 10:57:14,101411,order-only-002559,,482.57,paid
4211,2026-07-31 00:51:47,100335,order-only-002560,,7682.68,completed
4212,2026-07-05 05:10:27,100166,order-only-002561,PROMO061,20150.45,cancelled
4213,2026-07-02 20:32:15,103511,order-only-002562,PROMO068,14548.74,completed
4214,2026-07-03 04:35:22,104955,order-only-002563,,19310.31,cancelled
4215,2026-07-05 22:31:32,102632,order-only-002564,,19001.71,created
4216,2026-07-03 13:25:54,102991,order-only-002565,,3059.87,paid
4217,2026-07-07 10:51:34,101743,order-only-002566,,17004.02,paid
4218,2026-07-27 07:39:24,102998,order-only-002567,PROMO112,20248.47,paid
4219,2026-07-03 23:44:01,101368,order-only-002568,,5066.62,completed
4220,2026-07-29 18:52:09,101092,order-only-002569,,17501.13,cancelled
4221,2026-07-05 20:00:46,103826,order-only-002570,PROMO054,4079.06,paid
4222,2026-07-23 07:30:36,100454,order-only-002571,PROMO058,10140.52,completed
4223,2026-07-04 01:51:35,103808,order-only-002572,,5546.39,completed
4224,2026-07-31 00:08:33,104422,order-only-002573,,12042.27,paid
4225,2026-07-01 10:12:58,101952,order-only-002574,PROMO026,11986.67,cancelled
4226,2026-07-06 07:34:14,104598,order-only-002575,PROMO080,8525.66,completed
4227,2026-07-26 11:24:41,103298,order-only-002576,PROMO046,22504.76,completed
4228,2026-07-16 21:34:54,101763,order-only-002577,,17374.97,completed
4229,2026-07-11 01:41:10,101771,order-only-002578,,7306.53,paid
4230,2026-07-24 09:44:48,102421,order-only-002579,,8617.56,completed
4231,2026-07-27 07:08:23,103266,order-only-002580,,15866.3,created
4232,2026-07-31 09:35:38,101257,order-only-002581,PROMO068,9104.03,completed
4233,2026-07-27 03:24:12,104177,order-only-002582,,19005.9,paid
4234,2026-07-02 15:32:20,103316,order-only-002583,,15602.64,paid
4235,2026-07-18 11:59:01,100709,order-only-002584,,17261.35,cancelled
4236,2026-07-17 00:17:31,100721,order-only-002585,,12153.93,completed
4237,2026-07-16 05:23:01,103346,order-only-002586,,22814.43,created
4238,2026-07-30 04:51:39,100936,order-only-002587,,9271.11,paid
4239,2026-07-14 11:37:23,103848,order-only-002588,,11947.7,paid
4240,2026-07-01 22:25:54,100483,order-only-002589,,20009.97,paid
4241,2026-07-03 13:14:36,100800,order-only-002590,PROMO048,21132.78,paid
4242,2026-07-16 23:21:28,101454,order-only-002591,,12107.72,paid
4243,2026-07-31 01:24:04,100109,order-only-002592,,12199.56,paid
4244,2026-07-26 18:15:45,101471,order-only-002593,,9144.85,cancelled
4245,2026-07-11 14:03:34,104273,order-only-002594,PROMO111,3709.46,completed
4246,2026-07-23 04:50:41,100362,order-only-002595,PROMO075,10321.07,created
4247,2026-07-14 05:34:55,103785,order-only-002596,,12907.73,completed
4248,2026-07-11 06:44:34,100659,order-only-002597,,16737.09,completed
4249,2026-07-26 11:22:26,102015,order-only-002598,,12359.25,paid
4250,2026-07-08 19:53:17,104658,order-only-002599,PROMO103,19443.11,created
4251,2026-07-22 12:15:05,101013,order-only-002600,,19186.77,created
4252,2026-07-23 14:54:47,100096,order-only-002601,,24896.94,completed
4253,2026-07-29 19:24:42,102402,order-only-002602,,19122.9,completed
4254,2026-07-27 19:12:03,104419,order-only-002603,,20812.31,paid
4255,2026-07-05 17:41:46,102907,order-only-002604,PROMO029,4384.69,completed
4256,2026-07-31 01:19:37,102221,order-only-002605,,22676.54,cancelled
4257,2026-07-06 12:10:00,103651,order-only-002606,,1553.91,cancelled
4258,2026-07-10 14:22:20,104992,order-only-002607,,5975.48,completed
4259,2026-07-28 07:08:44,100551,order-only-002608,,21461.09,created
4260,2026-07-26 10:36:46,102042,order-only-002609,PROMO083,14544.99,cancelled
4261,2026-07-05 20:21:32,104684,order-only-002610,PROMO106,4779.15,paid
4262,2026-07-03 13:29:53,102501,order-only-002611,,9806.77,completed
4263,2026-07-18 12:17:52,101592,order-only-002612,,16661.6,paid
4264,2026-07-09 20:47:09,102136,order-only-002613,,18648.92,created
4265,2026-07-21 23:33:03,104165,order-only-002614,PROMO084,7082.17,completed
4266,2026-07-30 12:09:00,104602,order-only-002615,,18000.65,created
4267,2026-07-14 13:03:17,101887,order-only-002616,PROMO020,21845.37,cancelled
4268,2026-07-31 18:53:56,103238,order-only-002617,,18364.67,cancelled
4269,2026-07-26 03:43:40,101466,order-only-002618,PROMO080,24912.83,cancelled
4270,2026-07-13 23:33:59,100317,order-only-002619,,1390.23,cancelled
4271,2026-07-26 11:29:04,102760,order-only-002620,PROMO054,8154.13,paid
4272,2026-07-29 17:41:51,103504,order-only-002621,,11331.02,completed
4273,2026-07-12 23:42:32,100523,order-only-002622,,18659.66,completed
4274,2026-07-04 11:35:20,103524,order-only-002623,,22180.95,cancelled
4275,2026-07-08 08:59:29,103942,order-only-002624,,16660.09,paid
4276,2026-07-19 18:22:29,104636,order-only-002625,,13559.34,cancelled
4277,2026-07-31 04:05:33,100329,order-only-002626,,24941.17,completed
4278,2026-07-25 14:19:43,101498,order-only-002627,,533.69,paid
4279,2026-07-02 03:11:42,103228,order-only-002628,PROMO049,7921.97,completed
4280,2026-07-25 06:15:31,104061,order-only-002629,,2776.64,cancelled
4281,2026-07-04 04:29:46,102622,order-only-002630,,3810.58,completed
4282,2026-07-01 08:58:04,103575,order-only-002631,,7956.37,paid
4283,2026-07-14 07:35:28,104367,order-only-002632,PROMO079,9082.5,completed
4284,2026-07-27 17:25:05,103552,order-only-002633,,16080.49,created
4285,2026-07-26 20:00:29,104271,order-only-002634,,21873.27,cancelled
4286,2026-07-22 18:03:30,104963,order-only-002635,,10836.75,completed
4287,2026-07-09 02:08:02,102369,order-only-002636,,17285.17,cancelled
4288,2026-07-31 23:52:24,104767,order-only-002637,PROMO050,5725.4,paid
4289,2026-07-23 17:08:34,101193,order-only-002638,PROMO091,9496.27,cancelled
4290,2026-07-04 05:10:35,101482,order-only-002639,PROMO045,2926.88,created
4291,2026-07-08 07:39:20,100275,order-only-002640,,1128.84,completed
4292,2026-07-13 11:38:32,101649,order-only-002641,,16001.4,paid
4293,2026-07-06 16:40:11,101546,order-only-002642,,13934.48,paid
4294,2026-07-28 07:09:16,104942,order-only-002643,,6214.58,cancelled
4295,2026-07-23 14:59:06,103983,order-only-002644,,18040.55,paid
4296,2026-07-31 00:11:19,101218,order-only-002645,,7026.89,paid
4297,2026-07-13 02:09:14,104638,order-only-002646,PROMO007,5343.21,completed
4298,2026-07-17 15:58:52,102686,order-only-002647,,16004.54,paid
4299,2026-07-19 08:48:25,100201,order-only-002648,,8220.83,completed
4300,2026-07-23 10:09:24,102360,order-only-002649,,5190.9,paid
4301,2026-07-26 13:17:23,103584,order-only-002650,PROMO078,2131.52,cancelled
4302,2026-07-02 01:25:27,101578,order-only-002651,PROMO039,22061.18,completed
4303,2026-07-16 14:01:47,104617,order-only-002652,,6189.17,completed
4304,2026-07-17 00:07:03,102542,order-only-002653,,391.23,paid
4305,2026-07-28 00:29:25,104961,order-only-002654,,13987.55,completed
4306,2026-07-10 21:27:19,104015,order-only-002655,,7015.43,created
4307,2026-07-01 16:28:37,101234,order-only-002656,PROMO032,20679.27,completed
4308,2026-07-25 09:29:48,102738,order-only-002657,,6020.99,cancelled
4309,2026-07-18 20:35:54,100877,order-only-002658,,4351.07,completed
4310,2026-07-23 20:30:40,104800,order-only-002659,PROMO035,21673.19,paid
4311,2026-07-17 17:08:01,102198,order-only-002660,PROMO036,3489.76,completed
4312,2026-07-26 20:10:19,103482,order-only-002661,,3681.83,cancelled
4313,2026-07-03 06:21:31,100769,order-only-002662,,21480.13,paid
4314,2026-07-10 23:03:50,102390,order-only-002663,PROMO056,12997.88,paid
4315,2026-07-27 13:26:01,102492,order-only-002664,,23122.72,cancelled
4316,2026-07-29 09:00:59,100408,order-only-002665,,16926.29,completed
4317,2026-07-16 01:43:20,101768,order-only-002666,,3941.4,cancelled
4318,2026-07-21 22:05:38,101797,order-only-002667,,5429.29,completed
4319,2026-07-26 05:38:31,101439,order-only-002668,,20303.79,paid
4320,2026-07-05 15:40:34,100398,order-only-002669,,18682.63,cancelled
4321,2026-07-30 13:40:53,102712,order-only-002670,,12629.62,completed
4322,2026-07-30 00:13:12,101404,order-only-002671,,23200.22,paid
4323,2026-07-09 10:57:21,103027,order-only-002672,PROMO031,9487.56,cancelled
4324,2026-07-30 21:58:04,102599,order-only-002673,,14224.14,paid
4325,2026-07-07 02:02:11,100374,order-only-002674,,17039.56,cancelled
4326,2026-07-08 19:48:32,100562,order-only-002675,,23218.92,paid
4327,2026-07-16 11:24:48,104765,order-only-002676,,311.7,paid
4328,2026-07-15 19:01:53,101218,order-only-002677,,7421.83,completed
4329,2026-07-16 12:14:20,104707,order-only-002678,,10674.14,completed
4330,2026-07-06 00:23:38,102115,order-only-002679,,1064.6,paid
4331,2026-07-16 09:49:40,100029,order-only-002680,PROMO075,3130.68,paid
4332,2026-07-12 03:12:20,103823,order-only-002681,PROMO113,11092.88,paid
4333,2026-07-12 10:13:08,100564,order-only-002682,PROMO096,17533.75,paid
4334,2026-07-09 08:12:11,103669,order-only-002683,,9156.11,cancelled
4335,2026-07-05 18:26:40,100281,order-only-002684,PROMO026,14680.37,completed
4336,2026-07-19 16:47:03,103070,order-only-002685,,16053.49,cancelled
4337,2026-07-08 10:02:39,104605,order-only-002686,,4439.52,completed
4338,2026-07-07 02:44:01,104207,order-only-002687,,13588.13,cancelled
4339,2026-07-05 09:18:05,103137,order-only-002688,,17330.18,paid
4340,2026-07-10 20:35:53,104912,order-only-002689,PROMO055,4851.37,paid
4341,2026-07-26 20:49:12,101567,order-only-002690,,4107.45,cancelled
4342,2026-07-20 05:32:34,101633,order-only-002691,,14728.51,completed
4343,2026-07-19 11:06:48,102552,order-only-002692,,21953.82,created
4344,2026-07-04 04:25:30,104533,order-only-002693,PROMO050,12873.37,completed
4345,2026-07-17 13:40:35,104359,order-only-002694,PROMO054,12932.77,paid
4346,2026-07-31 23:40:47,100210,order-only-002695,PROMO075,10775.13,paid
4347,2026-07-09 08:12:44,101169,order-only-002696,PROMO113,6063.89,created
4348,2026-07-05 11:28:27,100079,order-only-002697,,18610.99,cancelled
4349,2026-07-14 17:12:17,103565,order-only-002698,,13031.61,paid
4350,2026-07-11 11:29:00,103089,order-only-002699,,23519.83,completed
4351,2026-07-20 16:55:17,102638,order-only-002700,,16456.57,completed
4352,2026-07-07 17:12:11,100781,order-only-002701,PROMO105,8814,completed
4353,2026-07-31 21:37:59,102783,order-only-002702,PROMO095,19966.92,paid
4354,2026-07-02 22:11:42,102469,order-only-002703,,24850.53,cancelled
4355,2026-07-10 18:19:41,101147,order-only-002704,PROMO109,17841.15,created
4356,2026-07-08 13:34:46,100755,order-only-002705,PROMO036,9148.26,paid
4357,2026-07-21 19:16:09,103055,order-only-002706,,3072.39,created
4358,2026-07-04 10:58:20,100878,order-only-002707,,17836.16,paid
4359,2026-07-09 21:33:43,100863,order-only-002708,,16398.91,paid
4360,2026-07-27 13:26:59,102014,order-only-002709,PROMO014,21200.05,paid
4361,2026-07-13 01:52:15,102463,order-only-002710,,14338.84,created
4362,2026-07-24 19:51:32,103164,order-only-002711,,14395.79,completed
4363,2026-07-06 04:09:54,103864,order-only-002712,,12619.75,completed
4364,2026-07-20 02:44:49,101596,order-only-002713,PROMO016,5005.71,cancelled
4365,2026-07-18 17:25:21,101419,order-only-002714,,11174.09,cancelled
4366,2026-07-01 19:05:08,103997,order-only-002715,PROMO102,9307.63,paid
4367,2026-07-01 11:48:44,104931,order-only-002716,,11382.19,completed
4368,2026-07-09 06:55:23,102398,order-only-002717,PROMO094,14755.92,paid
4369,2026-07-06 23:52:29,102520,order-only-002718,PROMO094,18221.31,completed
4370,2026-07-19 22:16:45,103000,order-only-002719,PROMO064,13694.63,cancelled
4371,2026-07-03 16:11:56,104428,order-only-002720,,5003.9,paid
4372,2026-07-15 20:22:09,103581,order-only-002721,PROMO075,11758.01,paid
4373,2026-07-13 06:55:15,104162,order-only-002722,,21152.74,completed
4374,2026-07-04 14:17:36,104951,order-only-002723,PROMO004,22293.04,completed
4375,2026-07-18 05:11:32,102459,order-only-002724,PROMO063,22698.62,completed
4376,2026-07-24 19:59:07,101458,order-only-002725,,13868.95,completed
4377,2026-07-04 14:51:47,102390,order-only-002726,PROMO101,4924.9,paid
4378,2026-07-02 12:04:11,102593,order-only-002727,,10936.74,completed
4379,2026-07-13 10:12:20,100950,order-only-002728,,9930.69,created
4380,2026-07-21 18:14:50,103803,order-only-002729,PROMO062,21618.88,cancelled
4381,2026-07-09 11:27:04,103251,order-only-002730,PROMO044,4248.4,paid
4382,2026-07-02 05:26:41,104502,order-only-002731,,20188.18,cancelled
4383,2026-07-11 13:35:05,101567,order-only-002732,PROMO061,15298.05,cancelled
4384,2026-07-11 02:28:49,103240,order-only-002733,,20095.5,completed
4385,2026-07-02 06:40:20,100849,order-only-002734,PROMO081,10377.12,completed
4386,2026-07-14 03:29:16,102596,order-only-002735,PROMO098,7984.34,created
4387,2026-07-26 02:23:48,101284,order-only-002736,,8209.99,paid
4388,2026-07-13 07:04:25,102188,order-only-002737,,2163.23,cancelled
4389,2026-07-06 13:55:53,102938,order-only-002738,,10934.37,completed
4390,2026-07-17 05:09:27,103506,order-only-002739,,4879.11,completed
4391,2026-07-07 08:08:05,104303,order-only-002740,,8266.54,paid
4392,2026-07-17 07:16:35,100449,order-only-002741,,3966.36,paid
4393,2026-07-10 15:54:58,104435,order-only-002742,,4510.44,completed
4394,2026-07-15 21:41:34,104578,order-only-002743,PROMO070,6075.55,completed
4395,2026-07-09 09:54:40,100048,order-only-002744,PROMO006,9192.62,paid
4396,2026-07-31 14:01:59,101904,order-only-002745,,6994.69,paid
4397,2026-07-23 12:16:11,102386,order-only-002746,PROMO089,14012.16,created
4398,2026-07-09 03:59:33,103805,order-only-002747,,10094.26,completed
4399,2026-07-12 01:55:37,100978,order-only-002748,,5700.78,completed
4400,2026-07-14 00:01:21,100166,order-only-002749,PROMO080,12283.75,created
4401,2026-07-27 07:55:47,104971,order-only-002750,,8526.53,completed
4402,2026-07-03 06:30:22,103878,order-only-002751,,24423.99,paid
4403,2026-07-05 16:31:13,104915,order-only-002752,,22026.38,paid
4404,2026-07-01 05:16:16,103614,order-only-002753,,20367.11,cancelled
4405,2026-07-15 23:50:58,100470,order-only-002754,,14705.66,completed
4406,2026-07-13 10:21:10,102083,order-only-002755,,21038.57,paid
4407,2026-07-28 06:09:45,100900,order-only-002756,PROMO008,11117.76,paid
4408,2026-07-07 11:21:07,103069,order-only-002757,PROMO120,4921.47,completed
4409,2026-07-21 01:13:42,100180,order-only-002758,,19278.74,paid
4410,2026-07-24 23:22:55,103465,order-only-002759,,16604.54,cancelled
4411,2026-07-09 23:32:04,100174,order-only-002760,,20415.33,paid
4412,2026-07-30 12:47:27,104883,order-only-002761,,24568.68,paid
4413,2026-07-31 06:02:02,101029,order-only-002762,PROMO089,13147.49,cancelled
4414,2026-07-27 13:04:19,100256,order-only-002763,PROMO008,24381.97,cancelled
4415,2026-07-03 15:28:47,103258,order-only-002764,,24208.78,completed
4416,2026-07-31 15:42:27,103924,order-only-002765,,3346.17,completed
4417,2026-07-13 03:28:28,100012,order-only-002766,PROMO015,3823.8,completed
4418,2026-07-06 16:48:28,100718,order-only-002767,,1687.54,completed
4419,2026-07-06 11:21:14,100545,order-only-002768,,4047.21,paid
4420,2026-07-19 12:51:26,100659,order-only-002769,PROMO066,7019.73,paid
4421,2026-07-25 02:20:11,104095,order-only-002770,,7389.18,paid
4422,2026-07-10 17:20:43,100415,order-only-002771,,23596.55,paid
4423,2026-07-14 12:24:27,103728,order-only-002772,PROMO007,6209.69,paid
4424,2026-07-29 19:52:56,101839,order-only-002773,PROMO086,9906.29,cancelled
4425,2026-07-14 01:23:22,101077,order-only-002774,PROMO049,8670.12,completed
4426,2026-07-16 15:57:52,102027,order-only-002775,,7930.77,paid
4427,2026-07-01 04:38:45,100429,order-only-002776,,16479.9,cancelled
4428,2026-07-08 19:47:03,104869,order-only-002777,PROMO035,14824.26,created
4429,2026-07-19 23:32:32,100889,order-only-002778,PROMO072,19582.43,cancelled
4430,2026-07-01 11:56:51,101277,order-only-002779,,24812.53,completed
4431,2026-07-10 12:45:26,103211,order-only-002780,,13164.17,created
4432,2026-07-13 10:33:04,100506,order-only-002781,,1002.67,paid
4433,2026-07-17 18:23:38,104609,order-only-002782,,9658.68,completed
4434,2026-07-30 20:17:59,104809,order-only-002783,PROMO062,7206.42,paid
4435,2026-07-14 07:40:19,101545,order-only-002784,,19182.68,completed
4436,2026-07-02 13:05:21,104241,order-only-002785,,1010.32,completed
4437,2026-07-24 11:20:02,103319,order-only-002786,,14683.41,paid
4438,2026-07-29 09:31:28,104996,order-only-002787,PROMO084,12810.6,cancelled
4439,2026-07-12 14:22:52,103955,order-only-002788,,3090.28,paid
4440,2026-07-01 16:05:47,102852,order-only-002789,,23899.31,created
4441,2026-07-21 19:49:16,103728,order-only-002790,,1451.43,cancelled
4442,2026-07-02 13:19:30,101772,order-only-002791,,16906.31,cancelled
4443,2026-07-15 01:01:36,103373,order-only-002792,,12483.93,paid
4444,2026-07-29 06:30:16,103969,order-only-002793,PROMO098,13915.21,completed
4445,2026-07-01 08:53:00,100158,order-only-002794,,439.42,paid
4446,2026-07-19 02:38:18,100540,order-only-002795,,21350.7,paid
4447,2026-07-15 20:59:08,103623,order-only-002796,,21989.85,paid
4448,2026-07-20 15:13:29,101222,order-only-002797,PROMO095,23611.4,cancelled
4449,2026-07-28 05:43:32,104445,order-only-002798,,24728.1,paid
4450,2026-07-02 11:36:14,103332,order-only-002799,,21862.05,cancelled
4451,2026-07-15 09:46:12,103994,order-only-002800,,7571.29,completed
4452,2026-07-29 05:24:37,100113,order-only-002801,PROMO053,3851.57,cancelled
4453,2026-07-15 07:03:42,104868,order-only-002802,,12577,created
4454,2026-07-10 07:54:30,103591,order-only-002803,,11928.65,paid
4455,2026-07-01 18:17:02,101081,order-only-002804,,3804.82,cancelled
4456,2026-07-17 10:33:12,100566,order-only-002805,,20843.68,completed
4457,2026-07-14 13:07:12,104637,order-only-002806,,13057.95,paid
4458,2026-07-17 02:10:24,101942,order-only-002807,PROMO036,6791.35,paid
4459,2026-07-14 04:57:09,103859,order-only-002808,PROMO050,2150.36,cancelled
4460,2026-07-20 03:17:56,102779,order-only-002809,,22245.92,paid
4461,2026-07-31 14:40:23,103690,order-only-002810,,20568.99,paid
4462,2026-07-12 08:44:25,100685,order-only-002811,,19166.73,completed
4463,2026-07-05 12:38:59,103192,order-only-002812,,2801.88,paid
4464,2026-07-27 05:13:08,102013,order-only-002813,,7300.13,completed
4465,2026-07-16 22:38:42,100886,order-only-002814,PROMO014,17677.22,completed
4466,2026-07-09 11:27:01,100331,order-only-002815,PROMO011,2634.36,paid
4467,2026-07-01 06:23:32,101592,order-only-002816,,17935.78,paid
4468,2026-07-20 16:40:31,102621,order-only-002817,PROMO099,15998.32,cancelled
4469,2026-07-15 12:54:21,102521,order-only-002818,,4117.06,paid
4470,2026-07-15 15:42:39,100700,order-only-002819,,20105.05,paid
4471,2026-07-29 22:18:34,104856,order-only-002820,,7528.7,completed
4472,2026-07-11 00:44:14,102338,order-only-002821,,21538.44,paid
4473,2026-07-26 15:19:40,104444,order-only-002822,,21293.22,paid
4474,2026-07-21 15:15:05,100002,order-only-002823,,9203.16,cancelled
4475,2026-07-10 10:13:06,104563,order-only-002824,PROMO020,15326.26,cancelled
4476,2026-07-02 22:17:52,100040,order-only-002825,,15205.94,cancelled
4477,2026-07-15 11:48:57,102496,order-only-002826,PROMO059,17874.67,created
4478,2026-07-31 15:06:48,100207,order-only-002827,,1675.27,created
4479,2026-07-16 08:13:57,100683,order-only-002828,,2300.36,completed
4480,2026-07-24 18:55:29,101263,order-only-002829,,17936.45,paid
4481,2026-07-15 13:40:22,101750,order-only-002830,,18434.89,cancelled
4482,2026-07-20 12:03:16,104459,order-only-002831,,17505.76,cancelled
4483,2026-07-06 04:05:16,101271,order-only-002832,,4666.87,completed
4484,2026-07-24 15:07:33,102533,order-only-002833,,10713.22,created
4485,2026-07-07 11:36:27,102301,order-only-002834,,20272.41,paid
4486,2026-07-09 17:40:02,101626,order-only-002835,PROMO083,3284.83,created
4487,2026-07-07 07:31:13,101523,order-only-002836,,5668.11,completed
4488,2026-07-22 03:46:31,100803,order-only-002837,,14230.8,paid
4489,2026-07-03 18:23:37,103554,order-only-002838,,23053.8,paid
4490,2026-07-26 01:02:16,101119,order-only-002839,,11277.89,cancelled
4491,2026-07-13 14:02:20,104943,order-only-002840,,2238.2,paid
4492,2026-07-15 06:45:19,101492,order-only-002841,,21271.74,completed
4493,2026-07-08 15:42:47,103527,order-only-002842,,986.76,paid
4494,2026-07-12 07:05:27,101994,order-only-002843,,2732.82,paid
4495,2026-07-04 15:44:52,102702,order-only-002844,PROMO040,8370.71,cancelled
4496,2026-07-28 05:45:42,100839,order-only-002845,,1244.75,completed
4497,2026-07-27 08:10:25,103022,order-only-002846,,21358.57,completed
4498,2026-07-28 14:41:41,102299,order-only-002847,PROMO002,12248.99,paid
4499,2026-07-28 17:56:32,103410,order-only-002848,,18776.66,paid
4500,2026-07-21 17:45:44,100959,order-only-002849,,11571.25,completed
4501,2026-07-12 00:59:49,102810,order-only-002850,,16883.83,paid
4502,2026-07-15 12:44:13,104018,order-only-002851,,19535.87,paid
4503,2026-07-29 12:35:33,100100,order-only-002852,,19390.37,paid
4504,2026-07-29 18:50:03,103470,order-only-002853,PROMO066,14736.76,paid
4505,2026-07-26 17:44:56,102253,order-only-002854,PROMO046,6804.72,completed
4506,2026-07-20 09:03:00,103635,order-only-002855,,3617.15,paid
4507,2026-07-12 22:05:54,104411,order-only-002856,PROMO026,14396.56,paid
4508,2026-07-16 11:24:14,103794,order-only-002857,,3880.21,created
4509,2026-07-03 09:27:49,102222,order-only-002858,PROMO113,14514.23,paid
4510,2026-07-15 04:10:03,103021,order-only-002859,PROMO012,8631.08,paid
4511,2026-07-23 16:17:38,103387,order-only-002860,,4246.68,cancelled
4512,2026-07-21 19:41:11,104103,order-only-002861,,9420.43,paid
4513,2026-07-16 03:21:41,102352,order-only-002862,PROMO058,2085.75,paid
4514,2026-07-03 13:01:26,102248,order-only-002863,,12917.58,paid
4515,2026-07-14 00:06:23,103598,order-only-002864,,24592.77,completed
4516,2026-07-16 03:54:27,102514,order-only-002865,PROMO002,13295.03,completed
4517,2026-07-22 08:24:33,100579,order-only-002866,,23673.87,completed
4518,2026-07-21 19:36:51,104751,order-only-002867,PROMO057,22857.3,paid
4519,2026-07-18 14:23:11,102586,order-only-002868,PROMO094,20857.43,paid
4520,2026-07-11 12:38:00,103006,order-only-002869,,9794.74,completed
4521,2026-07-01 03:24:46,100305,order-only-002870,PROMO013,8737.69,created
4522,2026-07-06 02:59:21,101600,order-only-002871,,22952.44,cancelled
4523,2026-07-03 23:52:12,100023,order-only-002872,PROMO093,22477.79,cancelled
4524,2026-07-10 06:07:30,102860,order-only-002873,,23210.65,cancelled
4525,2026-07-06 06:18:46,100018,order-only-002874,,1996.17,paid
4526,2026-07-16 19:23:41,104080,order-only-002875,,5764.39,created
4527,2026-07-15 19:30:32,102442,order-only-002876,,7544.69,paid
4528,2026-07-01 18:13:09,103926,order-only-002877,,12697.55,completed
4529,2026-07-04 11:17:26,103189,order-only-002878,,13888.38,completed
4530,2026-07-12 09:42:41,101397,order-only-002879,,17669.99,cancelled
4531,2026-07-25 01:09:38,102310,order-only-002880,,23655.03,created
4532,2026-07-12 15:36:09,104392,order-only-002881,,3303.95,paid
4533,2026-07-18 12:52:56,101029,order-only-002882,,14613.07,paid
4534,2026-07-26 17:34:09,104459,order-only-002883,,23720.69,paid
4535,2026-07-08 05:09:17,100907,order-only-002884,,3389.38,completed
4536,2026-07-10 12:49:14,103438,order-only-002885,PROMO059,8468.1,completed
4537,2026-07-31 05:09:55,103259,order-only-002886,,4113.11,completed
4538,2026-07-12 07:31:49,103408,order-only-002887,,9313.69,paid
4539,2026-07-31 18:05:23,100514,order-only-002888,,9909.51,paid
4540,2026-07-22 14:42:49,101674,order-only-002889,,22332.64,paid
4541,2026-07-29 01:17:10,102081,order-only-002890,,11367.2,paid
4542,2026-07-09 23:01:12,102721,order-only-002891,PROMO051,24509.34,cancelled
4543,2026-07-21 18:44:04,102152,order-only-002892,,20824.51,cancelled
4544,2026-07-12 19:05:33,103690,order-only-002893,PROMO095,5610.61,completed
4545,2026-07-18 21:36:14,100745,order-only-002894,,13559.91,completed
4546,2026-07-07 05:34:11,100578,order-only-002895,,1269.35,cancelled
4547,2026-07-06 15:13:17,104545,order-only-002896,PROMO027,20967.45,cancelled
4548,2026-07-14 22:50:56,100548,order-only-002897,,16341.77,paid
4549,2026-07-20 09:11:42,103100,order-only-002898,,20055.19,paid
4550,2026-07-12 12:07:50,100063,order-only-002899,,24786.29,paid
4551,2026-07-29 02:10:00,100268,order-only-002900,,4369.25,cancelled
4552,2026-07-14 10:22:54,104238,order-only-002901,,21540.13,completed
4553,2026-07-30 02:54:33,100753,order-only-002902,,17918.33,completed
4554,2026-07-08 04:04:37,102008,order-only-002903,,24844.77,cancelled
4555,2026-07-22 17:59:48,102857,order-only-002904,,6284.46,paid
4556,2026-07-25 18:22:41,100916,order-only-002905,PROMO024,22950.11,cancelled
4557,2026-07-14 01:03:24,103621,order-only-002906,,15554.84,completed
4558,2026-07-09 21:17:14,102849,order-only-002907,,13356.15,paid
4559,2026-07-14 17:02:03,103161,order-only-002908,,16785.27,paid
4560,2026-07-29 14:56:42,103780,order-only-002909,,22951.92,completed
4561,2026-07-11 12:07:14,104469,order-only-002910,,14959.63,paid
4562,2026-07-03 04:21:51,104765,order-only-002911,PROMO120,1495.88,completed
4563,2026-07-31 10:06:41,103592,order-only-002912,,18634.75,cancelled
4564,2026-07-11 22:22:23,101175,order-only-002913,PROMO039,4125.65,completed
4565,2026-07-08 08:57:07,101511,order-only-002914,,7395.05,cancelled
4566,2026-07-12 11:24:40,102602,order-only-002915,,15399.62,paid
4567,2026-07-10 18:21:57,101756,order-only-002916,,16366.6,completed
4568,2026-07-26 20:51:07,103606,order-only-002917,,24851.11,paid
4569,2026-07-06 23:00:31,103290,order-only-002918,,5835.23,completed
4570,2026-07-06 08:49:58,104643,order-only-002919,PROMO103,15588.83,cancelled
4571,2026-07-07 12:07:53,101746,order-only-002920,PROMO085,18034.97,cancelled
4572,2026-07-30 14:39:31,104966,order-only-002921,PROMO082,14187.29,paid
4573,2026-07-15 13:48:17,103189,order-only-002922,,14313.98,created
4574,2026-07-05 14:02:57,102114,order-only-002923,,17406.43,cancelled
4575,2026-07-03 23:16:49,101694,order-only-002924,,17235.36,created
4576,2026-07-21 11:22:27,103875,order-only-002925,,3136.84,completed
4577,2026-07-07 17:45:43,103516,order-only-002926,PROMO034,1307.04,created
4578,2026-07-13 16:08:47,102841,order-only-002927,PROMO116,7321.83,completed
4579,2026-07-05 22:07:18,102123,order-only-002928,,12019.51,created
4580,2026-07-23 02:54:57,102986,order-only-002929,,21937.15,cancelled
4581,2026-07-15 12:59:03,103490,order-only-002930,PROMO116,24029.98,paid
4582,2026-07-23 03:31:10,101513,order-only-002931,,4809.03,paid
4583,2026-07-23 19:38:16,102832,order-only-002932,PROMO056,13386.65,completed
4584,2026-07-03 13:02:21,100302,order-only-002933,,18845.06,completed
4585,2026-07-22 10:40:01,103181,order-only-002934,,11050.46,created
4586,2026-07-30 05:24:04,103678,order-only-002935,,19216.17,completed
4587,2026-07-26 17:07:18,103763,order-only-002936,PROMO116,19436.44,cancelled
4588,2026-07-09 18:27:30,103023,order-only-002937,,24327.8,completed
4589,2026-07-29 14:01:07,102909,order-only-002938,PROMO012,19159.99,completed
4590,2026-07-12 20:55:46,103636,order-only-002939,PROMO029,21604.01,completed
4591,2026-07-23 15:34:27,103578,order-only-002940,PROMO031,18061.63,paid
4592,2026-07-04 03:32:43,100119,order-only-002941,PROMO033,2373.16,completed
4593,2026-07-26 11:18:24,102655,order-only-002942,,5278.97,paid
4594,2026-07-02 21:35:22,100560,order-only-002943,,8734.62,completed
4595,2026-07-25 14:04:33,103766,order-only-002944,,11385.96,completed
4596,2026-07-17 18:20:09,104842,order-only-002945,,18608.17,paid
4597,2026-07-05 05:11:39,102634,order-only-002946,PROMO063,23305.46,paid
4598,2026-07-06 18:20:01,103876,order-only-002947,PROMO013,22796.57,paid
4599,2026-07-01 22:58:12,100233,order-only-002948,,14694.27,paid
4600,2026-07-27 05:16:36,102631,order-only-002949,,16638.1,paid
4601,2026-07-10 15:51:29,100162,order-only-002950,,7377.16,cancelled
4602,2026-07-04 21:24:50,101534,order-only-002951,,12834.37,created
4603,2026-07-01 08:42:20,104597,order-only-002952,,12230.89,paid
4604,2026-07-23 18:37:30,102739,order-only-002953,,9079.53,cancelled
4605,2026-07-05 04:54:55,101875,order-only-002954,,11530.17,completed
4606,2026-07-16 04:54:12,103130,order-only-002955,,22845.02,completed
4607,2026-07-03 08:18:45,103936,order-only-002956,,11207.64,completed
4608,2026-07-06 15:32:32,104838,order-only-002957,PROMO079,16639.65,paid
4609,2026-07-30 14:13:49,100426,order-only-002958,PROMO011,3453.78,created
4610,2026-07-14 03:08:39,102662,order-only-002959,,5843.47,completed
4611,2026-07-08 04:58:28,104789,order-only-002960,,24246.59,paid
4612,2026-07-03 08:27:08,103111,order-only-002961,,20546.56,paid
4613,2026-07-06 04:38:52,103537,order-only-002962,,19143.06,completed
4614,2026-07-09 07:16:55,102124,order-only-002963,,15689.28,completed
4615,2026-07-09 04:59:40,104914,order-only-002964,,10164.47,paid
4616,2026-07-30 03:08:42,102183,order-only-002965,,13960,cancelled
4617,2026-07-24 02:39:27,102113,order-only-002966,,8398.64,paid
4618,2026-07-01 13:19:09,100808,order-only-002967,,1241.72,completed
4619,2026-07-31 20:21:41,103201,order-only-002968,,10939.2,cancelled
4620,2026-07-18 23:23:43,102504,order-only-002969,,15802.43,paid
4621,2026-07-22 20:51:34,102455,order-only-002970,,23125.99,completed
4622,2026-07-28 03:37:43,102710,order-only-002971,,525.28,paid
4623,2026-07-13 13:41:45,103825,order-only-002972,,11845.39,cancelled
4624,2026-07-28 00:50:40,103806,order-only-002973,,6236.34,completed
4625,2026-07-28 17:50:36,102982,order-only-002974,PROMO012,14745.46,created
4626,2026-07-09 02:04:01,100794,order-only-002975,,16910.12,paid
4627,2026-07-14 16:27:44,102059,order-only-002976,,13390.57,completed
4628,2026-07-26 16:38:12,100641,order-only-002977,,15009.23,paid
4629,2026-07-29 23:19:52,100982,order-only-002978,PROMO072,3540.13,paid
4630,2026-07-13 19:15:49,102542,order-only-002979,,2111.61,completed
4631,2026-07-16 03:16:00,103132,order-only-002980,,4189.71,paid
4632,2026-07-30 01:22:47,102369,order-only-002981,,15031.73,cancelled
4633,2026-07-10 21:40:48,101865,order-only-002982,,2764.78,paid
4634,2026-07-13 09:06:16,104544,order-only-002983,,20310.99,paid
4635,2026-07-25 11:06:09,102780,order-only-002984,PROMO069,13904.46,cancelled
4636,2026-07-27 16:30:05,102875,order-only-002985,,10363.53,paid
4637,2026-07-15 06:25:02,104445,order-only-002986,PROMO069,2985.3,cancelled
4638,2026-07-09 15:06:01,102168,order-only-002987,,13304.5,cancelled
4639,2026-07-16 05:14:25,104908,order-only-002988,,5123.82,completed
4640,2026-07-17 10:31:37,102281,order-only-002989,PROMO094,5883.23,paid
4641,2026-07-21 06:43:25,103889,order-only-002990,PROMO066,10719.61,cancelled
4642,2026-07-02 18:09:13,100563,order-only-002991,,1504.54,paid
4643,2026-07-30 05:44:05,102027,order-only-002992,,20395.3,created
4644,2026-07-28 00:56:17,104678,order-only-002993,,3642.24,created
4645,2026-07-29 06:12:47,104819,order-only-002994,,3712.17,cancelled
4646,2026-07-21 11:19:44,100359,order-only-002995,,2138.41,cancelled
4647,2026-07-26 09:52:31,101422,order-only-002996,,2338.65,created
4648,2026-07-04 08:45:31,100824,order-only-002997,,10774.59,paid
4649,2026-07-19 12:50:16,102748,order-only-002998,,15148.97,paid
4650,2026-07-22 13:54:48,101314,order-only-002999,,6008.42,cancelled
4651,2026-07-03 17:55:54,102973,order-only-003000,PROMO069,19731.41,cancelled
4652,2026-07-20 05:33:12,103881,order-only-003001,,8673.19,paid
4653,2026-07-25 21:50:13,103173,order-only-003002,,14805.99,paid
4654,2026-07-01 18:28:46,102864,order-only-003003,,19739.09,completed
4655,2026-07-14 02:57:37,103805,order-only-003004,,4369.52,paid
4656,2026-07-08 08:39:31,101720,order-only-003005,PROMO042,1838.78,completed
4657,2026-07-28 20:34:52,103565,order-only-003006,PROMO035,5630.37,completed
4658,2026-07-08 12:43:25,100028,order-only-003007,PROMO064,21865.44,paid
4659,2026-07-26 10:38:04,102071,order-only-003008,,2128.24,paid
4660,2026-07-25 16:07:00,102607,order-only-003009,,23362.19,paid
4661,2026-07-08 05:29:18,103496,order-only-003010,PROMO047,9996.7,completed
4662,2026-07-08 08:12:15,104151,order-only-003011,,23023.89,paid
4663,2026-07-12 14:35:58,100420,order-only-003012,,5596.43,completed
4664,2026-07-20 08:08:47,104317,order-only-003013,,24957.92,paid
4665,2026-07-06 09:19:00,102306,order-only-003014,,17734.57,paid
4666,2026-07-13 19:25:31,101460,order-only-003015,,20010.24,paid
4667,2026-07-30 17:36:15,101229,order-only-003016,,15430.13,completed
4668,2026-07-26 06:40:56,103236,order-only-003017,PROMO061,20375.44,paid
4669,2026-07-01 04:07:37,103214,order-only-003018,PROMO038,2096.61,paid
4670,2026-07-16 02:04:33,100425,order-only-003019,PROMO038,21587.99,cancelled
4671,2026-07-04 09:21:46,100638,order-only-003020,,24691.06,completed
4672,2026-07-25 06:55:54,104630,order-only-003021,,20014.16,completed
4673,2026-07-14 04:44:46,103773,order-only-003022,,16074.74,paid
4674,2026-07-08 00:50:12,102712,order-only-003023,,13246.74,cancelled
4675,2026-07-27 17:58:31,100266,order-only-003024,PROMO083,1957.23,completed
4676,2026-07-31 15:09:22,104638,order-only-003025,,19033,paid
4677,2026-07-26 21:41:16,102495,order-only-003026,,12307.8,completed
4678,2026-07-22 18:51:56,100471,order-only-003027,PROMO091,7594.48,paid
4679,2026-07-18 06:31:40,102622,order-only-003028,,6340.63,paid
4680,2026-07-24 15:10:22,101484,order-only-003029,,3817.78,completed
4681,2026-07-28 13:43:04,102166,order-only-003030,PROMO087,4116.86,paid
4682,2026-07-25 22:36:53,104849,order-only-003031,PROMO032,20792.88,created
4683,2026-07-28 16:49:14,101252,order-only-003032,PROMO012,9735.07,completed
4684,2026-07-23 12:28:02,101334,order-only-003033,PROMO082,14687.35,paid
4685,2026-07-01 06:42:53,102568,order-only-003034,,3657.77,paid
4686,2026-07-15 09:38:44,101762,order-only-003035,PROMO045,7484.61,paid
4687,2026-07-06 11:08:00,103436,order-only-003036,PROMO061,20912.13,cancelled
4688,2026-07-06 02:28:26,100990,order-only-003037,,7140.09,completed
4689,2026-07-22 05:57:12,102760,order-only-003038,,13478.45,paid
4690,2026-07-17 04:36:42,102408,order-only-003039,,15924.85,paid
4691,2026-07-28 11:54:38,103765,order-only-003040,,337.37,cancelled
4692,2026-07-31 15:26:59,103545,order-only-003041,,4001.01,completed
4693,2026-07-28 21:13:57,100112,order-only-003042,,9040.61,completed
4694,2026-07-28 11:48:23,104783,order-only-003043,,24809.12,cancelled
4695,2026-07-24 12:05:41,100790,order-only-003044,,17216.83,cancelled
4696,2026-07-31 10:13:34,103011,order-only-003045,,9368.34,paid
4697,2026-07-22 22:44:34,100548,order-only-003046,PROMO015,6311.33,completed
4698,2026-07-17 09:51:22,103219,order-only-003047,,14132.59,cancelled
4699,2026-07-22 11:57:31,100819,order-only-003048,,19947.78,cancelled
4700,2026-07-15 12:14:18,101017,order-only-003049,,5946.67,paid
4701,2026-07-06 08:26:46,102523,order-only-003050,,7640.24,paid
4702,2026-07-03 16:38:09,104630,order-only-003051,,10681.94,paid
4703,2026-07-13 13:20:39,102893,order-only-003052,PROMO075,16891.63,paid
4704,2026-07-03 20:12:33,104018,order-only-003053,,24767.26,paid
4705,2026-07-05 15:00:22,101141,order-only-003054,PROMO082,11146.31,paid
4706,2026-07-20 00:00:05,100115,order-only-003055,,19284.55,completed
4707,2026-07-10 00:55:07,100981,order-only-003056,,12338.76,paid
4708,2026-07-17 19:35:50,103130,order-only-003057,,24547.7,completed
4709,2026-07-11 11:04:20,100322,order-only-003058,PROMO026,10071.19,paid
4710,2026-07-17 19:05:06,102839,order-only-003059,PROMO100,18862.16,completed
4711,2026-07-10 00:36:05,102865,order-only-003060,,24282.16,created
4712,2026-07-24 21:56:19,102511,order-only-003061,,16532.17,paid
4713,2026-07-23 19:10:10,104446,order-only-003062,,3923.26,paid
4714,2026-07-23 03:01:31,103293,order-only-003063,,16183.71,completed
4715,2026-07-02 03:56:13,100465,order-only-003064,,2123.12,paid
4716,2026-07-13 08:02:19,100465,order-only-003065,,7898.22,paid
4717,2026-07-09 19:57:34,102174,order-only-003066,PROMO053,19204.86,paid
4718,2026-07-15 11:24:57,104032,order-only-003067,,18601.37,paid
4719,2026-07-08 10:08:55,104454,order-only-003068,,4712.37,created
4720,2026-07-11 17:12:52,103060,order-only-003069,PROMO062,884.06,completed
4721,2026-07-19 09:33:06,103820,order-only-003070,,11565.4,paid
4722,2026-07-02 18:56:21,100693,order-only-003071,,17340.54,completed
4723,2026-07-29 09:26:46,104975,order-only-003072,,18472.79,completed
4724,2026-07-21 15:55:30,100791,order-only-003073,,23161.44,created
4725,2026-07-16 09:21:42,100816,order-only-003074,,18536.96,cancelled
4726,2026-07-03 20:56:53,104650,order-only-003075,,6500.54,paid
4727,2026-07-17 18:06:39,100565,order-only-003076,,19823.42,created
4728,2026-07-12 12:09:36,101912,order-only-003077,PROMO117,14548.95,cancelled
4729,2026-07-17 15:10:08,100165,order-only-003078,,1610.93,paid
4730,2026-07-26 11:13:00,101637,order-only-003079,PROMO064,13310.61,completed
4731,2026-07-29 19:51:05,102333,order-only-003080,PROMO029,6527.49,paid
4732,2026-07-13 05:56:14,104478,order-only-003081,PROMO063,7543.89,paid
4733,2026-07-29 21:17:14,101588,order-only-003082,PROMO069,7151.36,completed
4734,2026-07-03 02:37:16,102378,order-only-003083,,20884.01,completed
4735,2026-07-28 05:08:05,104849,order-only-003084,,7130.79,completed
4736,2026-07-26 19:11:24,104431,order-only-003085,,4943.68,cancelled
4737,2026-07-06 10:20:52,100079,order-only-003086,PROMO082,20433.29,cancelled
4738,2026-07-10 05:26:08,101313,order-only-003087,PROMO024,22968.23,paid
4739,2026-07-18 13:11:01,104598,order-only-003088,,24378.29,created
4740,2026-07-11 08:47:01,101736,order-only-003089,,2563.85,completed
4741,2026-07-09 20:46:16,104751,order-only-003090,,9416.36,completed
4742,2026-07-26 11:56:29,103287,order-only-003091,,23512.66,cancelled
4743,2026-07-11 15:13:35,104240,order-only-003092,,17182.52,cancelled
4744,2026-07-21 17:02:09,101669,order-only-003093,PROMO042,5929.09,paid
4745,2026-07-20 17:27:51,102611,order-only-003094,PROMO078,6315.21,paid
4746,2026-07-13 04:46:25,102666,order-only-003095,,7177.23,paid
4747,2026-07-02 07:04:17,102156,order-only-003096,,14189.1,created
4748,2026-07-06 00:23:34,104155,order-only-003097,,24195.78,paid
4749,2026-07-04 11:27:43,103233,order-only-003098,PROMO026,20651.3,created
4750,2026-07-15 16:45:44,103442,order-only-003099,,12155.23,created
4751,2026-07-19 18:58:54,100891,order-only-003100,,856.62,paid
4752,2026-07-16 05:48:17,102375,order-only-003101,PROMO058,17749.03,paid
4753,2026-07-12 20:06:32,101379,order-only-003102,,17961.24,paid
4754,2026-07-06 03:27:18,103542,order-only-003103,PROMO115,22379.99,cancelled
4755,2026-07-25 18:48:55,100020,order-only-003104,PROMO020,17128.19,paid
4756,2026-07-29 00:27:30,102291,order-only-003105,PROMO045,22450.34,created
4757,2026-07-10 22:56:08,100299,order-only-003106,PROMO086,7127.59,cancelled
4758,2026-07-05 12:43:43,102831,order-only-003107,,13531.52,completed
4759,2026-07-24 12:42:31,100121,order-only-003108,,11202,paid
4760,2026-07-12 22:39:18,101537,order-only-003109,,14592.15,cancelled
4761,2026-07-31 19:04:20,101372,order-only-003110,PROMO005,4360.54,cancelled
4762,2026-07-10 20:25:23,102500,order-only-003111,PROMO119,10265.39,created
4763,2026-07-02 12:51:45,104370,order-only-003112,,7672.6,paid
4764,2026-07-28 14:19:39,101584,order-only-003113,,7408.59,paid
4765,2026-07-13 15:15:57,104646,order-only-003114,,22359.26,completed
4766,2026-07-24 09:13:50,101510,order-only-003115,,6731.64,paid
4767,2026-07-19 15:01:20,103113,order-only-003116,,5070.15,completed
4768,2026-07-27 21:10:06,102288,order-only-003117,,18863.94,completed
4769,2026-07-03 16:27:44,101217,order-only-003118,PROMO039,17964.3,paid
4770,2026-07-19 03:28:06,102114,order-only-003119,PROMO112,17672,completed
4771,2026-07-09 13:04:00,100529,order-only-003120,,3141.7,completed
4772,2026-07-07 04:27:18,100671,order-only-003121,,4480.37,paid
4773,2026-07-12 18:02:54,101657,order-only-003122,,23756.39,cancelled
4774,2026-07-11 13:43:08,101505,order-only-003123,PROMO054,18890.75,paid
4775,2026-07-11 13:53:39,101929,order-only-003124,,13518.8,created
4776,2026-07-04 19:16:36,104252,order-only-003125,PROMO033,15375.69,paid
4777,2026-07-31 02:18:05,104850,order-only-003126,,5954.14,cancelled
4778,2026-07-22 14:58:04,103987,order-only-003127,,14492.07,paid
4779,2026-07-02 06:24:26,102659,order-only-003128,,9529.48,created
4780,2026-07-16 15:30:01,104258,order-only-003129,PROMO069,20875.41,paid
4781,2026-07-04 12:01:37,104111,order-only-003130,,20344.98,paid
4782,2026-07-15 10:53:52,102502,order-only-003131,,3209.11,created
4783,2026-07-27 09:35:27,101211,order-only-003132,,19561.45,paid
4784,2026-07-17 14:21:58,101204,order-only-003133,PROMO015,15626.61,paid
4785,2026-07-21 16:33:10,100552,order-only-003134,PROMO028,12358.65,cancelled
4786,2026-07-12 02:40:01,101744,order-only-003135,PROMO055,832.31,paid
4787,2026-07-22 01:09:31,102293,order-only-003136,,21594.47,paid
4788,2026-07-06 07:18:31,100093,order-only-003137,,23948.2,paid
4789,2026-07-05 05:47:33,102750,order-only-003138,,3102.01,created
4790,2026-07-26 06:59:22,102651,order-only-003139,PROMO018,11320.56,paid
4791,2026-07-10 19:30:23,101287,order-only-003140,PROMO033,2857.25,paid
4792,2026-07-04 06:58:11,104257,order-only-003141,,3072.22,completed
4793,2026-07-28 06:43:09,104083,order-only-003142,,6313.1,cancelled
4794,2026-07-05 23:00:55,101381,order-only-003143,PROMO053,18568.45,completed
4795,2026-07-18 03:46:21,101078,order-only-003144,PROMO119,848.78,created
4796,2026-07-01 09:41:08,102888,order-only-003145,PROMO028,13827.02,completed
4797,2026-07-30 11:02:16,104390,order-only-003146,PROMO120,24797.63,completed
4798,2026-07-06 19:34:50,100175,order-only-003147,PROMO108,14456.18,created
4799,2026-07-19 07:14:47,100500,order-only-003148,,20478.17,completed
4800,2026-07-09 21:41:25,100386,order-only-003149,,5607.72,completed
4801,2026-07-22 19:19:18,102174,order-only-003150,,11207.11,paid
4802,2026-07-15 04:48:17,100974,order-only-003151,,13169.54,completed
4803,2026-07-28 16:24:17,104085,order-only-003152,,21584.86,paid
4804,2026-07-23 18:08:15,104894,order-only-003153,,2033.84,cancelled
4805,2026-07-27 16:25:10,100237,order-only-003154,,24632.1,paid
4806,2026-07-09 21:48:28,103591,order-only-003155,,21542.6,paid
4807,2026-07-08 07:04:07,104021,order-only-003156,,337.07,cancelled
4808,2026-07-09 08:10:18,104072,order-only-003157,PROMO100,11767.39,completed
4809,2026-07-27 16:50:57,104002,order-only-003158,PROMO056,21912.98,paid
4810,2026-07-22 01:36:46,103935,order-only-003159,PROMO042,22225.98,cancelled
4811,2026-07-18 01:45:51,100695,order-only-003160,,20598.61,completed
4812,2026-07-20 03:46:08,101579,order-only-003161,,13813.67,paid
4813,2026-07-04 05:24:15,101261,order-only-003162,,17345.12,completed
4814,2026-07-23 15:22:15,103134,order-only-003163,PROMO120,9934.58,completed
4815,2026-07-06 20:11:44,100339,order-only-003164,,9735.04,completed
4816,2026-07-15 19:24:43,104444,order-only-003165,PROMO094,17788.49,completed
4817,2026-07-17 12:09:37,103321,order-only-003166,,3324.45,completed
4818,2026-07-21 19:06:49,102580,order-only-003167,PROMO076,16984.53,cancelled
4819,2026-07-28 15:10:39,102942,order-only-003168,PROMO120,1426.63,paid
4820,2026-07-05 00:23:57,101134,order-only-003169,PROMO066,5724.46,completed
4821,2026-07-10 03:10:26,102313,order-only-003170,,10737.14,paid
4822,2026-07-21 02:59:04,103683,order-only-003171,,18139.63,paid
4823,2026-07-22 20:38:53,103560,order-only-003172,,14706.89,paid
4824,2026-07-27 19:31:09,102326,order-only-003173,PROMO056,1987.17,created
4825,2026-07-10 21:50:09,102653,order-only-003174,,10262.32,cancelled
4826,2026-07-19 04:45:30,103148,order-only-003175,,18863.33,paid
4827,2026-07-20 06:09:41,101621,order-only-003176,PROMO100,3928.45,paid
4828,2026-07-03 19:50:47,101664,order-only-003177,,21141.33,completed
4829,2026-07-12 14:53:11,103159,order-only-003178,,10713.72,completed
4830,2026-07-23 22:46:42,102056,order-only-003179,,946.02,paid
4831,2026-07-17 10:00:29,103102,order-only-003180,,21412.64,paid
4832,2026-07-08 12:43:03,104101,order-only-003181,,18490.56,paid
4833,2026-07-26 04:20:19,101829,order-only-003182,PROMO036,24992.21,paid
4834,2026-07-20 16:43:30,101485,order-only-003183,PROMO110,10943.64,completed
4835,2026-07-02 19:13:40,102952,order-only-003184,,16841.46,created
4836,2026-07-29 00:48:20,104693,order-only-003185,,331.15,paid
4837,2026-07-26 17:05:16,101856,order-only-003186,,11740.55,cancelled
4838,2026-07-19 06:21:51,102303,order-only-003187,PROMO089,6878.3,paid
4839,2026-07-27 09:19:13,103923,order-only-003188,,11729.74,paid
4840,2026-07-23 06:31:43,102422,order-only-003189,PROMO024,2876.47,paid
4841,2026-07-14 19:53:42,101483,order-only-003190,,8433.86,paid
4842,2026-07-25 07:27:35,100619,order-only-003191,,4459.05,completed
4843,2026-07-12 02:38:12,103833,order-only-003192,,1225.5,completed
4844,2026-07-16 20:12:00,103758,order-only-003193,PROMO097,15363.61,completed
4845,2026-07-18 21:32:37,101693,order-only-003194,,1484.31,paid
4846,2026-07-15 14:04:59,104413,order-only-003195,PROMO039,3129.07,paid
4847,2026-07-31 23:27:04,102895,order-only-003196,,11368.36,paid
4848,2026-07-06 06:00:04,102161,order-only-003197,,3952.46,created
4849,2026-07-10 03:01:56,100041,order-only-003198,PROMO021,19290.22,paid
4850,2026-07-23 19:00:18,101112,order-only-003199,,13663.65,completed
4851,2026-07-18 09:11:05,103679,order-only-003200,,5482.71,paid
4852,2026-07-20 11:37:19,100203,order-only-003201,,12728.04,created
4853,2026-07-01 12:40:42,100019,order-only-003202,,18602.31,paid
4854,2026-07-28 21:23:28,102984,order-only-003203,,24951.64,cancelled
4855,2026-07-15 02:14:20,101100,order-only-003204,,17713.6,paid
4856,2026-07-21 03:06:28,100431,order-only-003205,PROMO113,12786.74,paid
4857,2026-07-28 13:06:41,103966,order-only-003206,,7795.22,paid
4858,2026-07-15 04:04:21,101717,order-only-003207,,22495.04,paid
4859,2026-07-27 09:09:19,103762,order-only-003208,,3847.28,paid
4860,2026-07-22 16:17:07,102791,order-only-003209,PROMO041,1996.62,created
4861,2026-07-07 06:16:53,104764,order-only-003210,,586.93,paid
4862,2026-07-31 02:52:25,100532,order-only-003211,PROMO014,9290.55,paid
4863,2026-07-26 09:32:54,101142,order-only-003212,PROMO063,24492.33,completed
4864,2026-07-03 05:59:23,102296,order-only-003213,,23439.4,paid
4865,2026-07-26 12:34:47,102804,order-only-003214,,17580.53,paid
4866,2026-07-23 11:12:00,100190,order-only-003215,PROMO089,12073.93,completed
4867,2026-07-17 01:38:23,102342,order-only-003216,PROMO069,3809.61,completed
4868,2026-07-24 23:42:45,103923,order-only-003217,,24899.71,paid
4869,2026-07-02 14:57:11,100857,order-only-003218,,2359.98,completed
4870,2026-07-28 14:23:01,103765,order-only-003219,,2113.5,cancelled
4871,2026-07-14 18:38:27,102038,order-only-003220,PROMO084,11169.19,cancelled
4872,2026-07-29 11:40:03,104613,order-only-003221,,17654.45,completed
4873,2026-07-21 10:40:39,103907,order-only-003222,PROMO011,18776.38,paid
4874,2026-07-14 06:47:12,102674,order-only-003223,,15035.6,paid
4875,2026-07-08 12:50:28,102564,order-only-003224,,11475.87,paid
4876,2026-07-31 13:22:45,103041,order-only-003225,PROMO119,11858.52,paid
4877,2026-07-26 03:56:35,104083,order-only-003226,,14301.85,paid
4878,2026-07-29 21:35:22,103454,order-only-003227,PROMO104,13693.7,paid
4879,2026-07-11 22:01:44,104683,order-only-003228,,16831.72,cancelled
4880,2026-07-05 07:56:12,104523,order-only-003229,,16875.12,completed
4881,2026-07-19 22:46:05,103418,order-only-003230,,21472.08,completed
4882,2026-07-25 07:06:30,103443,order-only-003231,,24432.48,cancelled
4883,2026-07-22 22:07:34,100166,order-only-003232,,5967.29,completed
4884,2026-07-10 17:07:06,101222,order-only-003233,,20116.64,completed
4885,2026-07-25 15:08:40,103357,order-only-003234,PROMO029,21055.46,paid
4886,2026-07-11 01:45:35,103389,order-only-003235,,24283.06,paid
4887,2026-07-22 08:57:00,104715,order-only-003236,,15873.51,completed
4888,2026-07-12 01:55:39,104728,order-only-003237,,5291.7,paid
4889,2026-07-22 00:57:07,101000,order-only-003238,,6407.44,paid
4890,2026-07-16 15:17:09,103102,order-only-003239,PROMO057,22234.98,completed
4891,2026-07-19 14:41:44,102191,order-only-003240,PROMO051,6437.57,cancelled
4892,2026-07-06 03:17:16,103141,order-only-003241,,15715.91,paid
4893,2026-07-22 03:08:22,104371,order-only-003242,PROMO002,2589.09,completed
4894,2026-07-14 08:31:52,104815,order-only-003243,,22607.83,cancelled
4895,2026-07-07 18:58:54,101186,order-only-003244,,2071.91,created
4896,2026-07-27 11:50:50,104247,order-only-003245,,19587.72,created
4897,2026-07-04 21:44:34,104374,order-only-003246,,5333.81,completed
4898,2026-07-25 05:52:17,103699,order-only-003247,PROMO101,23448.23,paid
4899,2026-07-26 07:57:34,102531,order-only-003248,,20712.06,created
4900,2026-07-11 05:22:14,100960,order-only-003249,,11031.38,cancelled
4901,2026-07-08 02:00:07,102600,order-only-003250,,15005.75,cancelled
4902,2026-07-20 05:28:19,103462,order-only-003251,PROMO002,9547.78,paid
4903,2026-07-20 04:38:57,103732,order-only-003252,,9003.36,completed
4904,2026-07-23 00:07:12,101968,order-only-003253,,14829.24,completed
4905,2026-07-24 22:55:43,100679,order-only-003254,PROMO098,1966.15,paid
4906,2026-07-19 18:00:06,104482,order-only-003255,,14417.49,paid
4907,2026-07-26 00:38:22,104339,order-only-003256,,14208.2,created
4908,2026-07-03 20:35:02,100846,order-only-003257,PROMO004,5995.87,cancelled
4909,2026-07-20 10:26:54,101920,order-only-003258,PROMO037,9242.28,cancelled
4910,2026-07-09 12:23:55,102191,order-only-003259,PROMO015,19748.87,paid
4911,2026-07-24 19:39:23,102377,order-only-003260,,20997.15,paid
4912,2026-07-14 12:43:13,100468,order-only-003261,PROMO024,13499.56,paid
4913,2026-07-20 10:41:12,101255,order-only-003262,,13486.41,paid
4914,2026-07-02 04:22:22,102676,order-only-003263,,13788.14,completed
4915,2026-07-07 22:22:11,104360,order-only-003264,,7311.74,paid
4916,2026-07-19 07:24:54,104968,order-only-003265,PROMO085,16681.83,paid
4917,2026-07-20 00:58:03,100315,order-only-003266,,14950.87,completed
4918,2026-07-18 02:16:51,101213,order-only-003267,PROMO110,8351.38,created
4919,2026-07-26 23:13:55,103549,order-only-003268,,11716.76,cancelled
4920,2026-07-31 21:49:36,104726,order-only-003269,,17103.62,completed
4921,2026-07-30 20:21:06,100750,order-only-003270,,3882.34,cancelled
4922,2026-07-06 02:23:47,101898,order-only-003271,PROMO047,15419.61,cancelled
4923,2026-07-23 07:13:57,100178,order-only-003272,,24052.31,paid
4924,2026-07-13 23:47:44,103150,order-only-003273,PROMO068,14311.36,paid
4925,2026-07-07 23:09:07,100038,order-only-003274,,16183.44,completed
4926,2026-07-24 18:29:34,100666,order-only-003275,PROMO063,24936.49,created
4927,2026-07-14 00:58:42,103097,order-only-003276,PROMO036,2928.95,created
4928,2026-07-11 19:03:24,103956,order-only-003277,PROMO003,20757.55,completed
4929,2026-07-07 22:17:19,101596,order-only-003278,,17267.34,paid
4930,2026-07-21 10:49:32,101889,order-only-003279,,14171.92,cancelled
4931,2026-07-25 07:56:41,100030,order-only-003280,PROMO111,2385.88,created
4932,2026-07-12 17:49:41,102154,order-only-003281,,12496.42,completed
4933,2026-07-10 04:21:00,104544,order-only-003282,,10159.1,cancelled
4934,2026-07-11 03:58:31,103175,order-only-003283,PROMO093,5334.82,paid
4935,2026-07-12 17:28:04,101868,order-only-003284,PROMO049,1396.39,created
4936,2026-07-27 12:40:54,100889,order-only-003285,,23026.16,paid
4937,2026-07-18 04:52:18,103026,order-only-003286,,21352.4,paid
4938,2026-07-09 10:48:25,102211,order-only-003287,,17489.26,cancelled
4939,2026-07-30 02:24:41,101915,order-only-003288,,19238.15,created
4940,2026-07-07 04:20:18,104132,order-only-003289,,23222.68,paid
4941,2026-07-21 10:49:33,103765,order-only-003290,,18011.03,cancelled
4942,2026-07-21 15:31:57,100302,order-only-003291,,24385.85,completed
4943,2026-07-20 11:42:24,102421,order-only-003292,PROMO092,8818.93,completed
4944,2026-07-21 22:14:42,100756,order-only-003293,,3842.02,created
4945,2026-07-04 05:16:55,102297,order-only-003294,,13354.38,cancelled
4946,2026-07-28 04:31:16,104659,order-only-003295,,16411.92,paid
4947,2026-07-27 02:19:14,100116,order-only-003296,,17161.68,paid
4948,2026-07-08 04:24:23,101390,order-only-003297,,20462.64,cancelled
4949,2026-07-30 13:23:03,101774,order-only-003298,,7813.78,paid
4950,2026-07-13 13:09:37,101770,order-only-003299,,15762.94,created
4951,2026-07-08 08:44:07,104077,order-only-003300,,2126.37,completed
4952,2026-07-31 18:12:49,101907,order-only-003301,,8045.03,paid
4953,2026-07-23 23:36:58,103028,order-only-003302,,18503.39,paid
4954,2026-07-15 15:56:15,102617,order-only-003303,PROMO015,21586.13,completed
4955,2026-07-01 15:06:48,102592,order-only-003304,PROMO024,17573.86,cancelled
4956,2026-07-19 05:25:27,103178,order-only-003305,PROMO033,18567.59,completed
4957,2026-07-30 11:54:11,100803,order-only-003306,,475,created
4958,2026-07-28 15:14:19,104116,order-only-003307,,13723.79,completed
4959,2026-07-17 08:01:32,102404,order-only-003308,PROMO014,17748.7,cancelled
4960,2026-07-26 15:01:39,103525,order-only-003309,,4927.86,paid
4961,2026-07-28 17:26:08,100372,order-only-003310,PROMO095,1944.02,completed
4962,2026-07-21 08:37:55,101522,order-only-003311,PROMO056,11381.15,completed
4963,2026-07-16 07:50:30,103357,order-only-003312,,22420.29,created
4964,2026-07-29 03:16:06,103117,order-only-003313,,19755.81,cancelled
4965,2026-07-29 10:58:09,100884,order-only-003314,,22036.25,cancelled
4966,2026-07-05 20:39:03,101223,order-only-003315,,14681.43,paid
4967,2026-07-28 01:39:01,100452,order-only-003316,PROMO069,15197.34,paid
4968,2026-07-13 00:58:38,102624,order-only-003317,PROMO064,21356.03,paid
4969,2026-07-31 02:52:32,104884,order-only-003318,,4639,paid
4970,2026-07-15 04:46:31,100030,order-only-003319,PROMO062,4108.93,cancelled
4971,2026-07-25 22:55:40,100024,order-only-003320,PROMO014,2847.86,paid
4972,2026-07-10 10:51:34,104047,order-only-003321,,22831.5,paid
4973,2026-07-22 03:17:45,103511,order-only-003322,,12820.46,paid
4974,2026-07-11 15:28:41,100358,order-only-003323,,16515.61,completed
4975,2026-07-28 09:54:02,102588,order-only-003324,,1614.52,cancelled
4976,2026-07-31 18:02:53,102053,order-only-003325,,19436.72,created
4977,2026-07-04 17:46:27,103995,order-only-003326,,9943.88,completed
4978,2026-07-09 07:10:29,102304,order-only-003327,,695.01,paid
4979,2026-07-12 13:55:50,102659,order-only-003328,,14448.58,created
4980,2026-07-04 18:00:57,101975,order-only-003329,,13915.12,paid
4981,2026-07-11 13:27:47,101541,order-only-003330,PROMO089,2568.28,paid
4982,2026-07-25 03:58:46,102025,order-only-003331,PROMO067,16008.33,paid
4983,2026-07-20 15:33:23,102310,order-only-003332,PROMO066,1004.72,cancelled
4984,2026-07-07 18:09:21,100123,order-only-003333,PROMO100,14285.36,paid
4985,2026-07-18 17:08:11,103957,order-only-003334,,22037.68,paid
4986,2026-07-04 16:44:51,103674,order-only-003335,,12271.19,completed
4987,2026-07-09 06:59:42,103811,order-only-003336,PROMO048,5615.54,completed
4988,2026-07-22 22:41:18,104709,order-only-003337,PROMO108,1205.04,paid
4989,2026-07-29 19:16:05,102803,order-only-003338,PROMO116,7945.48,completed
4990,2026-07-24 19:06:43,100956,order-only-003339,,16240.9,paid
4991,2026-07-19 11:17:46,101555,order-only-003340,,11721.61,paid
4992,2026-07-22 06:26:02,102586,order-only-003341,,10394.19,paid
4993,2026-07-22 00:10:10,100763,order-only-003342,,22732.28,created
4994,2026-07-07 04:35:45,101677,order-only-003343,,10283.37,cancelled
4995,2026-07-05 10:11:51,101237,order-only-003344,PROMO116,1308.24,created
4996,2026-07-09 18:17:11,101823,order-only-003345,,6378.91,paid
4997,2026-07-25 20:52:50,102590,order-only-003346,,11028.68,completed
4998,2026-07-19 23:19:03,101718,order-only-003347,,6930.61,cancelled
4999,2026-07-06 15:18:36,101969,order-only-003348,PROMO016,455.04,cancelled
5000,2026-07-12 14:31:55,102465,order-only-003349,,8596.26,cancelled
5001,2026-07-13 23:36:30,104007,order-only-003350,,944.66,paid
5002,2026-07-20 02:14:52,104768,order-only-003351,,23368.1,paid
5003,2026-07-27 18:12:40,104893,order-only-003352,,10333.46,cancelled
5004,2026-07-06 20:56:09,102410,order-only-003353,,23822.94,created
5005,2026-07-23 06:02:18,100526,order-only-003354,,17942.64,completed
5006,2026-07-03 22:29:05,103184,order-only-003355,,22856.18,completed
5007,2026-07-08 14:05:47,102926,order-only-003356,,20237.88,paid
5008,2026-07-15 16:09:54,101903,order-only-003357,,19893.71,paid
5009,2026-07-29 22:59:23,101069,order-only-003358,PROMO033,13897.06,completed
5010,2026-07-15 20:47:02,104812,order-only-003359,,8953.19,completed
5011,2026-07-28 14:55:46,102073,order-only-003360,PROMO038,2507.5,paid
5012,2026-07-10 18:36:51,102791,order-only-003361,PROMO016,3151.16,created
5013,2026-07-25 08:07:13,104132,order-only-003362,,15110.4,completed
5014,2026-07-13 17:24:45,101689,order-only-003363,,822.34,completed
5015,2026-07-16 23:38:18,104870,order-only-003364,,15371.12,completed
5016,2026-07-26 01:12:29,104829,order-only-003365,,9937.37,paid
5017,2026-07-02 20:18:48,101091,order-only-003366,,20157.65,created
5018,2026-07-02 23:13:22,102907,order-only-003367,PROMO091,24929.3,completed
5019,2026-07-29 17:20:52,101042,order-only-003368,,4694.99,completed
5020,2026-07-15 17:03:34,100653,order-only-003369,PROMO020,5298.58,paid
5021,2026-07-21 23:59:21,100097,order-only-003370,PROMO050,22088,paid
5022,2026-07-21 05:14:02,101516,order-only-003371,,18060.21,paid
5023,2026-07-27 10:44:28,100922,order-only-003372,,22730.37,cancelled
5024,2026-07-05 17:11:22,104165,order-only-003373,,6188.53,cancelled
5025,2026-07-12 08:58:12,101324,order-only-003374,PROMO039,21018.97,paid
5026,2026-07-10 11:17:03,103366,order-only-003375,PROMO074,24889.83,completed
5027,2026-07-19 00:25:43,101923,order-only-003376,PROMO087,9695.75,created
5028,2026-07-23 23:23:43,104292,order-only-003377,PROMO115,4891.01,cancelled
5029,2026-07-05 11:16:35,100102,order-only-003378,,16041.78,paid
5030,2026-07-13 02:12:57,100194,order-only-003379,,12562.23,completed
5031,2026-07-02 09:41:29,103857,order-only-003380,,11276.28,paid
5032,2026-07-13 14:30:55,101517,order-only-003381,,1853.18,paid
5033,2026-07-02 15:34:17,104570,order-only-003382,,9439.14,created
5034,2026-07-18 05:45:47,103923,order-only-003383,,20486.68,paid
5035,2026-07-28 18:35:09,104778,order-only-003384,,9627.12,completed
5036,2026-07-18 17:15:57,103960,order-only-003385,,17630.43,completed
5037,2026-07-03 03:49:05,101490,order-only-003386,,12117.36,completed
5038,2026-07-23 05:13:33,104485,order-only-003387,,10014.44,completed
5039,2026-07-27 10:47:41,103373,order-only-003388,,11811.11,completed
5040,2026-07-21 02:12:42,101407,order-only-003389,,13452.86,created
5041,2026-07-27 11:33:47,100652,order-only-003390,PROMO031,20913.26,paid
5042,2026-07-18 02:35:29,101265,order-only-003391,,12992.79,completed
5043,2026-07-02 21:11:36,104550,order-only-003392,,715.97,paid
5044,2026-07-21 17:59:15,103479,order-only-003393,,6407.44,paid
5045,2026-07-25 12:42:54,101881,order-only-003394,,24554.32,completed
5046,2026-07-20 13:24:56,100649,order-only-003395,PROMO096,22064.66,created
5047,2026-07-10 04:16:59,102689,order-only-003396,PROMO015,24745.41,paid
5048,2026-07-22 10:46:21,100497,order-only-003397,PROMO113,24145.73,cancelled
5049,2026-07-20 07:22:40,102048,order-only-003398,,14835.93,completed
5050,2026-07-14 23:12:14,102497,order-only-003399,,13755.33,cancelled
5051,2026-07-14 05:49:45,100349,order-only-003400,,8383.33,completed
5052,2026-07-07 01:31:58,101225,order-only-003401,PROMO049,24117.86,cancelled
5053,2026-07-05 11:49:45,100837,order-only-003402,PROMO067,16915.1,created
5054,2026-07-02 10:42:40,102975,order-only-003403,,17889.07,completed
5055,2026-07-30 09:44:47,103767,order-only-003404,,3633.96,created
5056,2026-07-09 03:59:53,103452,order-only-003405,PROMO043,23030.99,cancelled
5057,2026-07-06 23:49:51,100262,order-only-003406,,6228.42,completed
5058,2026-07-27 00:46:38,101922,order-only-003407,,17776.18,completed
5059,2026-07-16 00:13:59,102758,order-only-003408,,19484.41,paid
5060,2026-07-25 06:34:04,100393,order-only-003409,,3803.21,completed
5061,2026-07-12 23:09:02,102402,order-only-003410,PROMO011,20707.16,created
5062,2026-07-07 15:00:30,100103,order-only-003411,,22514.14,paid
5063,2026-07-21 14:55:02,104063,order-only-003412,PROMO070,3446.73,completed
5064,2026-07-14 20:51:24,102579,order-only-003413,,14853.31,cancelled
5065,2026-07-12 20:21:07,102138,order-only-003414,,22158.66,paid
5066,2026-07-04 01:21:15,100546,order-only-003415,PROMO106,3251.97,completed
5067,2026-07-21 04:16:34,100151,order-only-003416,,15427.08,completed
5068,2026-07-08 16:34:28,103145,order-only-003417,,19142.7,paid
5069,2026-07-01 06:13:28,103699,order-only-003418,,17768.87,completed
5070,2026-07-22 04:57:31,100845,order-only-003419,PROMO043,6771.36,cancelled
5071,2026-07-06 04:00:28,102702,order-only-003420,,22086.04,paid
5072,2026-07-23 11:37:37,104691,order-only-003421,,24663.25,created
5073,2026-07-17 09:38:14,103746,order-only-003422,,794.91,created
5074,2026-07-29 12:22:31,102878,order-only-003423,,14480.72,paid
5075,2026-07-13 07:42:41,100217,order-only-003424,,4240.35,paid
5076,2026-07-05 01:54:47,100571,order-only-003425,PROMO016,24427.17,paid
5077,2026-07-09 06:08:27,100221,order-only-003426,,2569.34,cancelled
5078,2026-07-18 02:05:25,103008,order-only-003427,PROMO007,9285.87,created
5079,2026-07-29 12:28:35,104654,order-only-003428,PROMO050,12207.95,paid
5080,2026-07-24 06:04:55,102406,order-only-003429,PROMO071,2631.15,paid
5081,2026-07-23 18:40:07,104105,order-only-003430,,23200.08,paid
5082,2026-07-13 03:32:25,101650,order-only-003431,PROMO112,18404.18,paid
5083,2026-07-13 03:47:51,104198,order-only-003432,,5304.93,completed
5084,2026-07-05 13:04:44,100276,order-only-003433,,11581.37,paid
5085,2026-07-08 02:51:49,102992,order-only-003434,,3713.76,completed
5086,2026-07-31 07:14:46,103391,order-only-003435,,17401.48,cancelled
5087,2026-07-10 19:20:15,100847,order-only-003436,,21901.71,completed
5088,2026-07-26 01:09:53,102026,order-only-003437,,21403.01,paid
5089,2026-07-10 15:56:00,102590,order-only-003438,,3521.77,completed
5090,2026-07-03 00:13:19,101041,order-only-003439,PROMO113,14653.36,cancelled
5091,2026-07-28 14:16:09,102085,order-only-003440,,22839.21,completed
5092,2026-07-13 04:10:23,102577,order-only-003441,PROMO036,6929.78,paid
5093,2026-07-16 14:09:09,103390,order-only-003442,,11012.77,paid
5094,2026-07-07 07:26:07,100963,order-only-003443,,3456.23,completed
5095,2026-07-29 18:32:45,100066,order-only-003444,,4427.45,completed
5096,2026-07-10 21:12:55,102286,order-only-003445,,4859.32,paid
5097,2026-07-02 04:39:26,102932,order-only-003446,,17970.12,completed
5098,2026-07-27 23:33:17,101643,order-only-003447,,19642.83,completed
5099,2026-07-15 12:50:10,102532,order-only-003448,,19457.42,cancelled
5100,2026-07-16 23:50:40,100952,order-only-003449,,3193.61,completed
5101,2026-07-13 22:41:57,103548,order-only-003450,,3131.13,cancelled
5102,2026-07-25 03:45:12,101526,order-only-003451,,12601.12,cancelled
5103,2026-07-13 06:56:19,103762,order-only-003452,PROMO024,24352.71,cancelled
5104,2026-07-23 00:10:52,100420,order-only-003453,PROMO115,1247.73,completed
5105,2026-07-07 09:24:15,103053,order-only-003454,PROMO018,4192.35,completed
5106,2026-07-18 04:10:59,102810,order-only-003455,,10352.06,paid
5107,2026-07-16 12:19:48,100825,order-only-003456,,4063.19,paid
5108,2026-07-21 15:35:09,102790,order-only-003457,,1080.5,completed
5109,2026-07-05 03:35:49,101289,order-only-003458,,9420.46,paid
5110,2026-07-24 13:12:15,102127,order-only-003459,,16950.95,cancelled
5111,2026-07-10 18:13:18,100735,order-only-003460,,8013.68,paid
5112,2026-07-07 15:21:21,100632,order-only-003461,PROMO032,19046.38,created
5113,2026-07-26 07:57:06,102363,order-only-003462,,24087.82,paid
5114,2026-07-15 06:18:38,101613,order-only-003463,,16495.07,completed
5115,2026-07-31 05:07:50,102030,order-only-003464,,24859.55,cancelled
5116,2026-07-11 19:20:31,100791,order-only-003465,,14881.94,completed
5117,2026-07-25 18:53:55,102409,order-only-003466,,14149.05,paid
5118,2026-07-30 01:39:36,103412,order-only-003467,PROMO082,23115.26,paid
5119,2026-07-28 07:41:16,103473,order-only-003468,,16283.89,cancelled
5120,2026-07-04 22:02:31,102818,order-only-003469,PROMO065,7205.82,completed
5121,2026-07-22 18:52:18,103493,order-only-003470,,2500.87,completed
5122,2026-07-23 14:25:09,104902,order-only-003471,,3276.26,completed
5123,2026-07-08 16:36:41,100262,order-only-003472,,9582.52,completed
5124,2026-07-02 04:58:58,103670,order-only-003473,PROMO009,22307.8,created
5125,2026-07-21 03:16:13,104254,order-only-003474,,4458.02,created
5126,2026-07-22 16:23:52,100512,order-only-003475,,22381.64,cancelled
5127,2026-07-06 02:19:38,103557,order-only-003476,PROMO015,13305.38,paid
5128,2026-07-01 21:35:49,100086,order-only-003477,,8530.79,completed
5129,2026-07-13 06:02:53,103350,order-only-003478,,11855.24,completed
5130,2026-07-12 03:49:38,100828,order-only-003479,,2964.77,paid
5131,2026-07-15 19:39:39,101612,order-only-003480,PROMO040,18338.79,cancelled
5132,2026-07-07 07:30:29,101898,order-only-003481,,8953.41,cancelled
5133,2026-07-15 19:41:26,100609,order-only-003482,,18471.03,paid
5134,2026-07-26 21:40:21,102552,order-only-003483,PROMO085,20964.79,completed
5135,2026-07-09 18:01:49,101366,order-only-003484,,13104.81,paid
5136,2026-07-31 08:16:05,102118,order-only-003485,,2829.5,paid
5137,2026-07-07 20:51:37,100585,order-only-003486,PROMO023,13637.29,paid
5138,2026-07-24 02:24:43,102498,order-only-003487,,23242.53,paid
5139,2026-07-31 21:18:43,100242,order-only-003488,PROMO046,16311.9,completed
5140,2026-07-07 16:04:13,104652,order-only-003489,,17113.28,paid
5141,2026-07-10 22:15:24,101505,order-only-003490,PROMO025,12885.11,cancelled
5142,2026-07-01 16:15:45,100087,order-only-003491,PROMO070,9742.45,created
5143,2026-07-11 08:51:00,101142,order-only-003492,,5737.9,paid
5144,2026-07-09 07:48:57,103067,order-only-003493,,21943.48,completed
5145,2026-07-30 19:03:30,102303,order-only-003494,PROMO045,17412.25,paid
5146,2026-07-04 20:14:19,101491,order-only-003495,,22094.83,paid
5147,2026-07-01 17:41:10,103513,order-only-003496,,17483.56,cancelled
5148,2026-07-16 04:06:14,101213,order-only-003497,,9846.44,paid
5149,2026-07-17 03:17:18,103648,order-only-003498,,3976.2,completed
5150,2026-07-03 20:26:47,100880,order-only-003499,PROMO051,10977.25,paid
5151,2026-07-27 21:31:38,103070,order-only-003500,,3992.02,paid
5152,2026-07-22 10:11:01,102972,order-only-003501,PROMO050,12920.14,paid
5153,2026-07-01 02:30:31,102363,order-only-003502,,14285.89,completed
5154,2026-07-04 20:32:39,104510,order-only-003503,PROMO022,13265.56,completed
5155,2026-07-15 16:36:37,104148,order-only-003504,,4039.8,completed
5156,2026-07-26 19:56:48,100493,order-only-003505,,20628.12,completed
5157,2026-07-17 18:01:47,104186,order-only-003506,PROMO119,16094.17,paid
5158,2026-07-25 06:18:11,104512,order-only-003507,PROMO072,23964.99,cancelled
5159,2026-07-03 13:46:10,104302,order-only-003508,,14067.58,cancelled
5160,2026-07-05 23:43:12,101076,order-only-003509,PROMO094,11875.2,completed
5161,2026-07-09 21:26:54,104752,order-only-003510,,21703.29,paid
5162,2026-07-22 08:09:09,102684,order-only-003511,,17769.39,paid
5163,2026-07-23 00:20:22,101341,order-only-003512,,14448.94,paid
5164,2026-07-29 12:41:13,100410,order-only-003513,PROMO100,833.06,paid
5165,2026-07-30 15:18:13,103839,order-only-003514,,23909.39,completed
5166,2026-07-05 05:13:03,103471,order-only-003515,,6156.77,created
5167,2026-07-19 22:56:09,102123,order-only-003516,,7810.22,completed
5168,2026-07-15 17:56:40,101094,order-only-003517,,16207.06,paid
5169,2026-07-21 20:31:09,103666,order-only-003518,,3076.05,cancelled
5170,2026-07-01 07:11:26,100007,order-only-003519,PROMO008,6565.27,paid
5171,2026-07-09 17:07:38,102538,order-only-003520,,1212.45,paid
5172,2026-07-23 10:49:15,102881,order-only-003521,PROMO014,21835.79,created
5173,2026-07-22 05:45:56,100732,order-only-003522,,11626.95,completed
5174,2026-07-15 17:03:47,104631,order-only-003523,PROMO021,13335.51,created
5175,2026-07-11 15:26:30,102873,order-only-003524,,11605.54,completed
5176,2026-07-27 16:27:19,103741,order-only-003525,,21164.29,completed
5177,2026-07-23 00:30:39,101928,order-only-003526,,23160.91,created
5178,2026-07-01 06:41:23,100254,order-only-003527,,3073.25,paid
5179,2026-07-16 13:40:09,102746,order-only-003528,,17217.47,cancelled
5180,2026-07-26 14:42:18,102215,order-only-003529,PROMO101,8358.99,paid
5181,2026-07-02 00:19:04,102042,order-only-003530,,17529.27,paid
5182,2026-07-02 21:25:51,101972,order-only-003531,PROMO107,11070.52,paid
5183,2026-07-29 13:43:01,101636,order-only-003532,PROMO118,15261.41,completed
5184,2026-07-31 11:04:48,102988,order-only-003533,,11914.78,paid
5185,2026-07-25 07:42:24,101444,order-only-003534,PROMO063,16301.25,paid
5186,2026-07-18 19:35:52,104816,order-only-003535,PROMO119,24676.98,completed
5187,2026-07-02 15:33:35,101284,order-only-003536,PROMO038,3618,completed
5188,2026-07-23 00:54:58,103748,order-only-003537,PROMO001,18240.46,paid
5189,2026-07-08 13:23:33,104495,order-only-003538,,4900.52,completed
5190,2026-07-29 02:24:51,104410,order-only-003539,PROMO119,8572.92,paid
5191,2026-07-29 14:29:47,101754,order-only-003540,,8703.3,created
5192,2026-07-04 18:27:34,104270,order-only-003541,PROMO090,6995.56,completed
5193,2026-07-06 10:38:28,102805,order-only-003542,,13965.3,completed
5194,2026-07-15 13:05:18,102695,order-only-003543,,23834.19,completed
5195,2026-07-03 08:43:06,100546,order-only-003544,PROMO059,24916.33,paid
5196,2026-07-24 14:49:28,102998,order-only-003545,PROMO010,8695.12,created
5197,2026-07-11 09:09:30,103483,order-only-003546,PROMO092,10698.41,cancelled
5198,2026-07-18 19:51:00,103427,order-only-003547,PROMO056,12031.07,created
5199,2026-07-19 05:59:05,101841,order-only-003548,PROMO005,10269.17,paid
5200,2026-07-22 03:11:53,103275,order-only-003549,PROMO101,13497.86,completed
5201,2026-07-02 22:42:29,101968,order-only-003550,,20605.18,paid
5202,2026-07-04 23:49:09,104834,order-only-003551,,2951.6,created
5203,2026-07-06 18:59:56,101751,order-only-003552,,3422.66,completed
5204,2026-07-25 09:53:52,103977,order-only-003553,,1116.61,paid
5205,2026-07-06 06:43:39,102197,order-only-003554,,24357.68,completed
5206,2026-07-20 19:56:12,103164,order-only-003555,,2173.77,completed
5207,2026-07-04 01:33:01,101595,order-only-003556,,9916.73,completed
5208,2026-07-18 05:28:37,104308,order-only-003557,PROMO049,20122.06,cancelled
5209,2026-07-03 02:28:06,101852,order-only-003558,,3315.63,created
5210,2026-07-15 00:49:11,100295,order-only-003559,PROMO079,13216.66,cancelled
5211,2026-07-04 14:27:33,100617,order-only-003560,,23369.7,paid
5212,2026-07-15 02:15:15,104534,order-only-003561,,18096.89,completed
5213,2026-07-21 07:36:11,103144,order-only-003562,,24711.48,paid
5214,2026-07-16 00:30:39,104952,order-only-003563,PROMO119,10556.55,paid
5215,2026-07-09 00:05:53,102268,order-only-003564,,1029.58,paid
5216,2026-07-30 00:02:01,100074,order-only-003565,,310.08,paid
5217,2026-07-06 00:59:51,102218,order-only-003566,,24199.31,paid
5218,2026-07-25 13:18:32,103500,order-only-003567,PROMO043,11525.34,paid
5219,2026-07-28 19:47:41,101574,order-only-003568,,10815.55,completed
5220,2026-07-05 21:25:15,101085,order-only-003569,,5160.28,paid
5221,2026-07-19 08:49:33,100875,order-only-003570,,24273.49,paid
5222,2026-07-21 18:18:59,103763,order-only-003571,,4236.15,completed
5223,2026-07-26 17:18:10,104402,order-only-003572,PROMO078,18350.8,cancelled
5224,2026-07-18 05:33:42,101128,order-only-003573,,8414.52,cancelled
5225,2026-07-05 06:35:19,104729,order-only-003574,,24862.71,paid
5226,2026-07-29 17:17:16,102184,order-only-003575,,6263.92,completed
5227,2026-07-31 09:41:22,102316,order-only-003576,,18530.47,created
5228,2026-07-08 06:19:16,102177,order-only-003577,,12274.27,completed
5229,2026-07-19 19:18:58,102782,order-only-003578,PROMO070,18775.45,cancelled
5230,2026-07-31 04:37:48,104967,order-only-003579,,13281.58,cancelled
5231,2026-07-19 08:43:50,103270,order-only-003580,,8531.67,cancelled
5232,2026-07-01 12:28:23,104776,order-only-003581,PROMO034,15536.44,completed
5233,2026-07-18 10:11:11,103272,order-only-003582,,24532.36,completed
5234,2026-07-19 21:39:31,104538,order-only-003583,,2026.19,completed
5235,2026-07-07 20:51:34,102337,order-only-003584,PROMO086,8200.94,cancelled
5236,2026-07-12 11:03:33,100107,order-only-003585,,22490.35,cancelled
5237,2026-07-21 21:01:26,103182,order-only-003586,,18331.87,completed
5238,2026-07-20 14:06:52,102289,order-only-003587,,2710.26,completed
5239,2026-07-15 13:30:22,102251,order-only-003588,,11590.63,paid
5240,2026-07-09 19:14:46,101951,order-only-003589,,4463.99,completed
5241,2026-07-11 16:45:01,101935,order-only-003590,,10713.96,completed
5242,2026-07-05 23:36:25,104976,order-only-003591,,13063.09,completed
5243,2026-07-31 01:05:48,101660,order-only-003592,,4244.93,completed
5244,2026-07-27 14:01:26,100009,order-only-003593,PROMO002,11492.46,paid
5245,2026-07-31 10:50:49,104130,order-only-003594,,334.78,completed
5246,2026-07-06 16:59:50,102740,order-only-003595,PROMO010,19746.6,paid
5247,2026-07-16 10:11:36,101582,order-only-003596,,17428.42,completed
5248,2026-07-05 01:56:52,104569,order-only-003597,,7494.03,paid
5249,2026-07-16 20:25:02,100223,order-only-003598,,11158.03,cancelled
5250,2026-07-02 11:56:16,100156,order-only-003599,,18595.43,cancelled
5251,2026-07-02 10:46:17,104591,order-only-003600,,13734.98,completed
5252,2026-07-03 04:22:37,100224,order-only-003601,,19871.12,completed
5253,2026-07-10 17:19:34,101107,order-only-003602,PROMO094,4758.99,completed
5254,2026-07-08 10:52:34,101517,order-only-003603,PROMO022,6911.92,cancelled
5255,2026-07-22 10:11:23,101046,order-only-003604,,18009.43,paid
5256,2026-07-22 04:00:54,103606,order-only-003605,PROMO030,20110.59,created
5257,2026-07-12 11:33:06,101405,order-only-003606,PROMO113,21146.82,created
5258,2026-07-01 04:40:46,102733,order-only-003607,,7031.37,cancelled
5259,2026-07-05 03:34:45,100681,order-only-003608,PROMO060,7492.31,paid
5260,2026-07-29 16:32:01,101372,order-only-003609,PROMO038,21470.66,paid
5261,2026-07-12 14:47:07,102753,order-only-003610,,20689.89,cancelled
5262,2026-07-09 09:41:41,100546,order-only-003611,,6081.7,completed
5263,2026-07-29 11:42:23,101127,order-only-003612,PROMO028,15766.44,completed
5264,2026-07-03 16:44:43,100264,order-only-003613,,11542.8,completed
5265,2026-07-08 21:20:55,104952,order-only-003614,PROMO027,3796.45,paid
5266,2026-07-28 18:08:37,103036,order-only-003615,,10180.1,completed
5267,2026-07-25 11:10:57,102587,order-only-003616,,23343.8,created
5268,2026-07-27 22:04:25,104572,order-only-003617,,22225.18,cancelled
5269,2026-07-12 18:48:29,101147,order-only-003618,,17179.27,paid
5270,2026-07-06 16:56:50,102083,order-only-003619,,17190.44,paid
5271,2026-07-13 08:32:35,101222,order-only-003620,,6966.56,paid
5272,2026-07-27 20:41:02,102278,order-only-003621,PROMO035,3623.91,cancelled
5273,2026-07-17 06:36:41,101932,order-only-003622,,10332.31,paid
5274,2026-07-14 10:44:36,100860,order-only-003623,,5001.54,cancelled
5275,2026-07-13 21:14:28,103801,order-only-003624,,16575.15,paid
5276,2026-07-19 23:40:45,102787,order-only-003625,PROMO017,1516.1,completed
5277,2026-07-22 00:16:41,102180,order-only-003626,,5758.64,created
5278,2026-07-04 06:28:23,101089,order-only-003627,PROMO074,4007.23,paid
5279,2026-07-22 21:19:15,100215,order-only-003628,PROMO004,21058.16,paid
5280,2026-07-10 15:16:48,101051,order-only-003629,,12838.95,completed
5281,2026-07-29 08:44:19,102791,order-only-003630,PROMO039,13029.94,cancelled
5282,2026-07-01 22:47:18,102423,order-only-003631,PROMO079,21815.19,paid
5283,2026-07-18 14:29:26,104574,order-only-003632,PROMO045,10198.68,completed
5284,2026-07-18 11:35:35,102393,order-only-003633,PROMO095,24727.14,completed
5285,2026-07-22 11:01:34,104599,order-only-003634,PROMO093,18859.18,paid
5286,2026-07-13 00:51:56,104574,order-only-003635,,16204.1,paid
5287,2026-07-15 09:18:46,104978,order-only-003636,PROMO089,21135.2,paid
5288,2026-07-08 05:35:19,103272,order-only-003637,PROMO018,14597.63,paid
5289,2026-07-26 18:14:24,102341,order-only-003638,,5771.88,paid
5290,2026-07-29 20:48:57,101628,order-only-003639,,9263.25,paid
5291,2026-07-08 08:22:44,103617,order-only-003640,,2988.35,completed
5292,2026-07-18 22:11:04,102760,order-only-003641,,12504.73,cancelled
5293,2026-07-13 02:33:27,103073,order-only-003642,PROMO016,24344.72,paid
5294,2026-07-29 19:05:22,102482,order-only-003643,,5219.07,paid
5295,2026-07-24 06:15:35,101909,order-only-003644,PROMO111,13731.75,completed
5296,2026-07-06 15:49:59,100621,order-only-003645,,5404.85,created
5297,2026-07-19 20:45:28,102385,order-only-003646,PROMO019,1630.39,paid
5298,2026-07-29 09:20:46,103599,order-only-003647,,14938.31,paid
5299,2026-07-05 02:29:10,101365,order-only-003648,,17241.54,cancelled
5300,2026-07-10 00:53:10,101639,order-only-003649,,13497.54,completed
5301,2026-07-31 20:36:09,103816,order-only-003650,,7534.26,created
5302,2026-07-13 18:17:04,102747,order-only-003651,PROMO018,10049.68,created
5303,2026-07-14 03:04:21,100763,order-only-003652,PROMO044,12202.71,paid
5304,2026-07-23 05:38:25,104701,order-only-003653,,1136.38,created
5305,2026-07-13 22:54:18,102972,order-only-003654,,5564.39,completed
5306,2026-07-11 17:08:23,101142,order-only-003655,,9477.86,cancelled
5307,2026-07-30 02:01:59,104362,order-only-003656,,11825.27,completed
5308,2026-07-06 17:01:02,104683,order-only-003657,PROMO093,763.77,paid
5309,2026-07-04 21:56:57,102142,order-only-003658,,3125.34,paid
5310,2026-07-07 00:21:04,104582,order-only-003659,,6992.2,paid
5311,2026-07-22 21:56:35,102355,order-only-003660,,12021.44,paid
5312,2026-07-05 03:39:12,101015,order-only-003661,,23913.71,cancelled
5313,2026-07-18 08:42:12,102955,order-only-003662,PROMO025,17141.73,paid
5314,2026-07-29 08:15:19,104734,order-only-003663,,15564.45,paid
5315,2026-07-17 14:24:49,104555,order-only-003664,PROMO043,7681.82,created
5316,2026-07-30 11:44:38,104806,order-only-003665,PROMO082,22231.13,cancelled
5317,2026-07-12 22:27:35,103938,order-only-003666,PROMO011,14947.03,cancelled
5318,2026-07-03 03:50:05,104797,order-only-003667,PROMO043,20815.1,paid
5319,2026-07-08 22:55:20,100329,order-only-003668,PROMO072,1037.91,cancelled
5320,2026-07-16 10:15:12,103579,order-only-003669,,16712.67,completed
5321,2026-07-17 01:03:55,100742,order-only-003670,PROMO096,16443.82,paid
5322,2026-07-13 06:02:23,104328,order-only-003671,,8153.44,completed
5323,2026-07-02 06:46:41,104067,order-only-003672,,3820.4,paid
5324,2026-07-29 07:09:30,103910,order-only-003673,PROMO095,334.51,paid
5325,2026-07-22 21:32:40,103311,order-only-003674,,10306.19,paid
5326,2026-07-15 01:05:38,101095,order-only-003675,PROMO053,7058.68,completed
5327,2026-07-13 05:25:01,103522,order-only-003676,,13881.1,paid
5328,2026-07-05 01:09:51,100263,order-only-003677,PROMO052,18453.66,created
5329,2026-07-10 09:00:58,102658,order-only-003678,,22981.16,cancelled
5330,2026-07-29 21:21:07,101542,order-only-003679,,16494.6,paid
5331,2026-07-19 19:52:16,103948,order-only-003680,,23632.68,created
5332,2026-07-24 13:29:30,100009,order-only-003681,,18767.14,paid
5333,2026-07-07 22:36:42,100398,order-only-003682,,8891.49,paid
5334,2026-07-27 15:51:27,101200,order-only-003683,,23257.6,completed
5335,2026-07-20 09:09:12,100702,order-only-003684,,300.54,paid
5336,2026-07-04 18:01:55,104962,order-only-003685,,11934.47,paid
5337,2026-07-21 19:34:35,101419,order-only-003686,PROMO054,13071.28,created
5338,2026-07-04 23:47:40,101954,order-only-003687,,13266.74,created
5339,2026-07-26 03:18:30,103821,order-only-003688,PROMO025,19130.69,paid
5340,2026-07-31 22:52:37,100351,order-only-003689,PROMO096,14457.58,completed
5341,2026-07-30 13:22:05,102678,order-only-003690,,6214.35,created
5342,2026-07-27 21:24:03,100009,order-only-003691,,18294.57,completed
5343,2026-07-22 12:31:57,100715,order-only-003692,PROMO024,11907.8,paid
5344,2026-07-15 11:28:57,101752,order-only-003693,,11638.91,completed
5345,2026-07-31 15:53:39,103466,order-only-003694,,21607.07,paid
5346,2026-07-14 04:37:36,102386,order-only-003695,PROMO008,17239.4,completed
5347,2026-07-09 20:15:39,100468,order-only-003696,,10149.33,cancelled
5348,2026-07-19 05:27:33,103515,order-only-003697,PROMO072,19700.09,completed
5349,2026-07-15 17:29:10,101558,order-only-003698,,16792.68,created
5350,2026-07-04 06:24:23,101441,order-only-003699,,22794.35,paid
5351,2026-07-01 13:27:33,101044,order-only-003700,PROMO089,19444.12,created
5352,2026-07-29 12:40:24,104713,order-only-003701,,17499.37,created
5353,2026-07-05 10:35:52,103114,order-only-003702,PROMO071,14416.54,completed
5354,2026-07-19 03:33:41,104935,order-only-003703,,23517.13,paid
5355,2026-07-28 11:54:15,100964,order-only-003704,,16744.4,completed
5356,2026-07-09 04:38:26,100343,order-only-003705,,3007.81,paid
5357,2026-07-27 10:42:24,102919,order-only-003706,,14471.29,cancelled
5358,2026-07-05 08:35:25,101743,order-only-003707,,8353.44,paid
5359,2026-07-30 13:50:54,100465,order-only-003708,PROMO061,8613.73,completed
5360,2026-07-06 10:09:59,101298,order-only-003709,,22778.52,completed
5361,2026-07-18 19:18:08,101910,order-only-003710,,8601.09,cancelled
5362,2026-07-14 16:57:33,104158,order-only-003711,,5555.97,completed
5363,2026-07-10 06:05:58,102947,order-only-003712,,13757.34,cancelled
5364,2026-07-08 12:28:30,104903,order-only-003713,PROMO047,24706.37,paid
5365,2026-07-25 15:54:50,101716,order-only-003714,PROMO075,12746.46,paid
5366,2026-07-06 06:05:46,102631,order-only-003715,,4328.77,created
5367,2026-07-09 06:13:30,100186,order-only-003716,,6186.57,cancelled
5368,2026-07-30 22:47:57,103184,order-only-003717,PROMO018,5017.8,created
5369,2026-07-26 15:50:45,103744,order-only-003718,,1304.81,completed
5370,2026-07-20 16:04:14,103176,order-only-003719,,13226.11,paid
5371,2026-07-02 16:57:02,100099,order-only-003720,PROMO026,21648.01,paid
5372,2026-07-22 14:25:55,101997,order-only-003721,,20088.98,paid
5373,2026-07-03 05:09:06,100298,order-only-003722,,5824.49,cancelled
5374,2026-07-09 07:44:17,102190,order-only-003723,PROMO120,14846.3,paid
5375,2026-07-10 19:06:23,101980,order-only-003724,PROMO041,3063.03,cancelled
5376,2026-07-31 23:00:37,100462,order-only-003725,,23956.56,completed
5377,2026-07-30 01:58:56,102574,order-only-003726,,23770.88,paid
5378,2026-07-08 09:28:40,100675,order-only-003727,PROMO007,9060.42,completed
5379,2026-07-22 21:43:13,104322,order-only-003728,,12576.48,paid
5380,2026-07-10 15:25:15,104768,order-only-003729,,11763.93,completed
5381,2026-07-20 14:01:26,104841,order-only-003730,PROMO097,7132.49,completed
5382,2026-07-14 10:25:55,101651,order-only-003731,,19006.45,cancelled
5383,2026-07-23 10:07:15,103688,order-only-003732,,11630.83,cancelled
5384,2026-07-10 22:48:14,101926,order-only-003733,PROMO075,20896.77,cancelled
5385,2026-07-09 03:44:25,104782,order-only-003734,,9610.08,paid
5386,2026-07-02 07:19:06,104332,order-only-003735,,13114.27,completed
5387,2026-07-31 00:41:51,101430,order-only-003736,,22902.99,completed
5388,2026-07-05 16:56:40,102017,order-only-003737,,2258.1,cancelled
5389,2026-07-30 02:00:13,104205,order-only-003738,,11702.82,paid
5390,2026-07-14 09:14:36,103967,order-only-003739,PROMO107,17604.58,created
5391,2026-07-19 19:02:10,102021,order-only-003740,PROMO036,2001,completed
5392,2026-07-27 17:48:15,101846,order-only-003741,,8822.9,completed
5393,2026-07-07 00:35:55,102565,order-only-003742,PROMO085,9095.5,cancelled
5394,2026-07-12 02:07:16,103411,order-only-003743,PROMO057,8269.75,created
5395,2026-07-19 06:20:14,100572,order-only-003744,,13290.91,completed
5396,2026-07-28 20:36:00,103655,order-only-003745,,10200.96,paid
5397,2026-07-06 09:12:38,103437,order-only-003746,,17936.02,cancelled
5398,2026-07-31 11:16:09,103439,order-only-003747,PROMO041,15746.73,cancelled
5399,2026-07-26 16:37:09,100866,order-only-003748,,8662.19,paid
5400,2026-07-31 10:51:43,103593,order-only-003749,,13953.78,paid
5401,2026-07-16 08:04:11,101654,order-only-003750,,12273.12,completed
5402,2026-07-25 03:29:18,101805,order-only-003751,PROMO098,1714.06,created
5403,2026-07-02 21:47:37,103118,order-only-003752,,21811.19,paid
5404,2026-07-05 17:45:54,101302,order-only-003753,,11798.17,created
5405,2026-07-11 16:21:17,100066,order-only-003754,,2697.79,created
5406,2026-07-09 17:59:41,102361,order-only-003755,PROMO006,20345.31,paid
5407,2026-07-25 07:23:46,101940,order-only-003756,,22360.19,paid
5408,2026-07-12 03:49:20,103014,order-only-003757,PROMO077,11619.97,cancelled
5409,2026-07-21 07:59:30,102543,order-only-003758,,3634.58,paid
5410,2026-07-02 09:56:01,104466,order-only-003759,,15173.45,paid
5411,2026-07-15 23:43:19,100528,order-only-003760,,17941.54,paid
5412,2026-07-05 17:38:34,100450,order-only-003761,,8385.04,paid
5413,2026-07-29 08:23:59,103719,order-only-003762,,23699.43,paid
5414,2026-07-04 10:09:56,100888,order-only-003763,PROMO062,22231.59,completed
5415,2026-07-16 16:16:33,101963,order-only-003764,,10207.1,paid
5416,2026-07-10 05:40:39,102542,order-only-003765,,12786.74,paid
5417,2026-07-07 02:16:41,101528,order-only-003766,PROMO076,16932.44,created
5418,2026-07-03 02:32:58,100385,order-only-003767,PROMO020,23943.25,paid
5419,2026-07-10 02:34:29,104843,order-only-003768,,12995.91,created
5420,2026-07-13 20:20:42,100271,order-only-003769,PROMO110,7773.14,paid
5421,2026-07-14 22:12:17,101289,order-only-003770,,21875.32,completed
5422,2026-07-15 19:39:35,103928,order-only-003771,PROMO110,7336.89,paid
5423,2026-07-05 01:13:44,101329,order-only-003772,,11768.4,paid
5424,2026-07-12 21:35:59,101616,order-only-003773,,14973.44,completed
5425,2026-07-02 12:58:30,104785,order-only-003774,,14791.24,cancelled
5426,2026-07-26 18:19:06,100873,order-only-003775,PROMO071,15442.28,cancelled
5427,2026-07-25 03:13:14,103598,order-only-003776,PROMO022,20741.26,completed
5428,2026-07-09 08:32:52,101292,order-only-003777,,8290.33,paid
5429,2026-07-27 13:27:48,102185,order-only-003778,PROMO024,689.99,paid
5430,2026-07-16 15:27:20,104855,order-only-003779,,22668.36,cancelled
5431,2026-07-18 07:43:44,103327,order-only-003780,,11440.2,paid
5432,2026-07-29 12:30:40,101028,order-only-003781,,19415.3,completed
5433,2026-07-31 01:01:02,100829,order-only-003782,,947,completed
5434,2026-07-03 16:14:00,103448,order-only-003783,PROMO109,3351.93,created
5435,2026-07-04 07:50:39,100866,order-only-003784,,10760.7,paid
5436,2026-07-15 03:15:56,103122,order-only-003785,,310.38,paid
5437,2026-07-16 09:16:08,101356,order-only-003786,,19226.4,created
5438,2026-07-08 18:36:59,104498,order-only-003787,,3466.1,cancelled
5439,2026-07-10 03:27:22,103561,order-only-003788,,4425.09,paid
5440,2026-07-28 23:28:05,103301,order-only-003789,,21307.16,paid
5441,2026-07-03 19:50:38,101186,order-only-003790,,3122.97,paid
5442,2026-07-06 18:55:03,100525,order-only-003791,,1216.07,paid
5443,2026-07-31 07:18:03,102086,order-only-003792,,18513.45,created
5444,2026-07-18 20:45:51,102247,order-only-003793,PROMO055,791.18,completed
5445,2026-07-17 22:13:58,100084,order-only-003794,PROMO036,4302.18,completed
5446,2026-07-29 15:54:33,102158,order-only-003795,,21310.02,completed
5447,2026-07-07 00:36:53,101324,order-only-003796,,18870.76,cancelled
5448,2026-07-11 22:54:57,103073,order-only-003797,,20234.57,created
5449,2026-07-29 05:39:06,104631,order-only-003798,,13898.97,created
5450,2026-07-26 05:29:46,101290,order-only-003799,PROMO029,6726.01,paid
5451,2026-07-09 16:34:38,104876,order-only-003800,,8546.11,completed
5452,2026-07-04 03:50:56,104673,order-only-003801,PROMO086,20142.04,paid
5453,2026-07-10 01:52:18,103288,order-only-003802,,7287.52,paid
5454,2026-07-12 15:50:08,101935,order-only-003803,PROMO025,573.82,completed
5455,2026-07-13 18:05:19,101166,order-only-003804,,3937.32,completed
5456,2026-07-08 19:25:49,102146,order-only-003805,,1805.94,paid
5457,2026-07-12 03:54:29,100014,order-only-003806,,2989.95,paid
5458,2026-07-09 11:08:32,104937,order-only-003807,,12809.87,paid
5459,2026-07-19 14:43:49,100477,order-only-003808,,10953.2,cancelled
5460,2026-07-19 17:10:34,103678,order-only-003809,PROMO004,11049.16,paid
5461,2026-07-12 16:18:14,102405,order-only-003810,,2754,paid
5462,2026-07-11 19:26:57,103311,order-only-003811,,7692.29,paid
5463,2026-07-24 05:29:39,104646,order-only-003812,,7877.34,paid
5464,2026-07-08 22:18:43,103502,order-only-003813,,3834.21,completed
5465,2026-07-15 21:17:12,101212,order-only-003814,,20188.53,completed
5466,2026-07-01 05:35:58,101183,order-only-003815,PROMO109,24324.74,paid
5467,2026-07-17 03:08:36,102399,order-only-003816,,14799.79,paid
5468,2026-07-22 15:07:55,104286,order-only-003817,,15953.52,completed
5469,2026-07-09 01:47:33,102970,order-only-003818,,14630.79,cancelled
5470,2026-07-30 09:13:40,104326,order-only-003819,,12665.61,paid
5471,2026-07-24 21:30:15,102848,order-only-003820,PROMO062,741.49,paid
5472,2026-07-06 08:46:29,102515,order-only-003821,,24095.4,completed
5473,2026-07-22 16:02:57,102214,order-only-003822,,2803.05,completed
5474,2026-07-01 21:14:46,103709,order-only-003823,,10943.46,paid
5475,2026-07-29 20:09:11,100160,order-only-003824,,23910.98,completed
5476,2026-07-12 01:29:31,103586,order-only-003825,PROMO025,12646.62,paid
5477,2026-07-28 08:43:02,101055,order-only-003826,,22862.34,cancelled
5478,2026-07-31 19:07:18,103808,order-only-003827,,11389.45,paid
5479,2026-07-02 14:32:40,103085,order-only-003828,PROMO092,3505.51,cancelled
5480,2026-07-22 20:23:42,101444,order-only-003829,PROMO089,5206.45,completed
5481,2026-07-14 05:06:47,100880,order-only-003830,PROMO059,10534.75,completed
5482,2026-07-14 06:44:48,101385,order-only-003831,PROMO045,23856.18,completed
5483,2026-07-20 17:49:54,102105,order-only-003832,PROMO025,19668.76,paid
5484,2026-07-05 16:41:57,100389,order-only-003833,PROMO054,11890.92,completed
5485,2026-07-27 19:17:01,100736,order-only-003834,,5097.08,cancelled
5486,2026-07-10 11:27:14,100045,order-only-003835,,3992.6,paid
5487,2026-07-14 00:55:21,104328,order-only-003836,,17698.06,completed
5488,2026-07-31 11:18:03,102681,order-only-003837,PROMO033,17983.68,paid
5489,2026-07-03 16:48:04,102730,order-only-003838,PROMO082,8725.8,cancelled
5490,2026-07-20 19:24:34,104845,order-only-003839,,3057.32,paid
5491,2026-07-03 01:51:14,103127,order-only-003840,PROMO040,22650.93,completed
5492,2026-07-15 20:49:45,103911,order-only-003841,,15011.6,paid
5493,2026-07-15 05:07:01,101618,order-only-003842,,11506.11,created
5494,2026-07-10 21:38:42,100896,order-only-003843,,9720.17,paid
5495,2026-07-12 17:55:42,101447,order-only-003844,PROMO039,17879.53,paid
5496,2026-07-31 19:35:31,100406,order-only-003845,PROMO002,9638.31,completed
5497,2026-07-04 14:38:20,103228,order-only-003846,,13396.48,cancelled
5498,2026-07-27 21:11:26,102471,order-only-003847,PROMO047,9926.66,completed
5499,2026-07-19 11:25:25,102154,order-only-003848,,12611.97,created
5500,2026-07-09 22:35:54,100929,order-only-003849,PROMO006,11635.85,paid
5501,2026-07-07 23:38:53,103368,order-only-003850,,14824.67,completed
5502,2026-07-14 20:29:27,103731,order-only-003851,,22060.95,paid
5503,2026-07-10 15:16:53,103710,order-only-003852,PROMO030,7844.66,completed
5504,2026-07-08 01:52:59,103425,order-only-003853,,2847.18,cancelled
5505,2026-07-02 12:28:00,102345,order-only-003854,,10606.86,created
5506,2026-07-24 16:57:33,100109,order-only-003855,,4333.41,completed
5507,2026-07-09 05:41:10,103833,order-only-003856,,9572.04,completed
5508,2026-07-14 02:02:50,104584,order-only-003857,,6201.45,paid
5509,2026-07-05 11:03:49,101437,order-only-003858,,9620.38,paid
5510,2026-07-08 18:13:37,104380,order-only-003859,,24402.32,paid
5511,2026-07-26 17:36:41,103998,order-only-003860,,9769.98,cancelled
5512,2026-07-01 06:35:21,101267,order-only-003861,,19640.02,paid
5513,2026-07-28 09:20:08,100998,order-only-003862,,14999.32,completed
5514,2026-07-29 01:23:39,102014,order-only-003863,,9713.1,paid
5515,2026-07-21 19:19:05,101678,order-only-003864,,21226.13,paid
5516,2026-07-20 05:51:27,104537,order-only-003865,PROMO118,2845.78,cancelled
5517,2026-07-22 10:13:15,101334,order-only-003866,,6695.12,paid
5518,2026-07-02 22:59:00,104711,order-only-003867,,1715.8,paid
5519,2026-07-13 05:38:09,104969,order-only-003868,,11199.41,created
5520,2026-07-29 01:04:48,103608,order-only-003869,PROMO035,23918.89,created
5521,2026-07-25 16:24:48,103792,order-only-003870,,1172.7,paid
5522,2026-07-11 09:22:42,101006,order-only-003871,,11593.15,created
5523,2026-07-28 00:03:07,103803,order-only-003872,,9539.42,completed
5524,2026-07-13 12:54:41,100021,order-only-003873,,21170.28,paid
5525,2026-07-18 21:36:18,104567,order-only-003874,,23355.82,completed
5526,2026-07-06 20:03:56,102935,order-only-003875,,17260.41,paid
5527,2026-07-24 17:06:27,100904,order-only-003876,PROMO079,1925.21,completed
5528,2026-07-22 21:36:18,102956,order-only-003877,PROMO083,13935.83,paid
5529,2026-07-26 02:41:08,102847,order-only-003878,,2798.54,completed
5530,2026-07-14 13:29:27,103296,order-only-003879,,12870.57,paid
5531,2026-07-31 17:14:53,101950,order-only-003880,PROMO097,2650.18,paid
5532,2026-07-28 02:09:15,101666,order-only-003881,,24375.61,cancelled
5533,2026-07-29 08:40:25,102669,order-only-003882,,12037.89,paid
5534,2026-07-13 01:56:01,101044,order-only-003883,,5707.73,completed
5535,2026-07-05 21:37:09,104069,order-only-003884,PROMO025,24006.25,completed
5536,2026-07-12 10:20:03,104836,order-only-003885,PROMO057,15445.28,paid
5537,2026-07-17 07:10:19,103738,order-only-003886,,19073.72,cancelled
5538,2026-07-15 19:40:36,100582,order-only-003887,,9690.38,created
5539,2026-07-18 03:07:08,100475,order-only-003888,,18031.31,completed
5540,2026-07-29 01:42:17,104074,order-only-003889,,9790.6,created
5541,2026-07-26 11:58:27,104316,order-only-003890,PROMO111,16117.96,paid
5542,2026-07-12 01:43:26,101728,order-only-003891,,9404.69,cancelled
5543,2026-07-07 18:01:17,103216,order-only-003892,PROMO016,4069.36,paid
5544,2026-07-30 04:15:21,101586,order-only-003893,,4952.57,cancelled
5545,2026-07-31 22:00:24,101721,order-only-003894,,18223.7,cancelled
5546,2026-07-30 13:11:54,100901,order-only-003895,,7801.07,paid
5547,2026-07-23 03:03:29,104798,order-only-003896,,2223.26,completed
5548,2026-07-26 21:17:03,100255,order-only-003897,PROMO101,18880.95,created
5549,2026-07-14 10:39:33,103202,order-only-003898,,14631.26,paid
5550,2026-07-20 23:47:09,100614,order-only-003899,,3523.9,cancelled
5551,2026-07-28 05:34:08,101215,order-only-003900,,3386.31,paid
5552,2026-07-11 05:22:00,103173,order-only-003901,,18446.16,completed
5553,2026-07-16 14:29:59,101101,order-only-003902,PROMO035,3924.29,paid
5554,2026-07-15 00:03:22,104530,order-only-003903,,18345.48,completed
5555,2026-07-15 07:09:40,104912,order-only-003904,,5779.95,completed
5556,2026-07-14 03:44:34,100307,order-only-003905,,1003.62,cancelled
5557,2026-07-30 14:09:30,102043,order-only-003906,PROMO104,16792.63,completed
5558,2026-07-13 06:53:42,100085,order-only-003907,,16675.27,paid
5559,2026-07-13 18:21:28,103396,order-only-003908,,17108.93,completed
5560,2026-07-27 00:16:25,102076,order-only-003909,,21834.24,paid
5561,2026-07-29 13:31:13,104460,order-only-003910,,2850.61,completed
5562,2026-07-05 17:51:03,102516,order-only-003911,,24894.43,paid
5563,2026-07-06 13:49:05,104385,order-only-003912,,24584.37,cancelled
5564,2026-07-08 19:52:38,103762,order-only-003913,,9615.83,paid
5565,2026-07-14 23:41:21,104256,order-only-003914,PROMO038,4914.72,paid
5566,2026-07-07 11:41:27,103337,order-only-003915,,7206.59,completed
5567,2026-07-07 18:01:18,100832,order-only-003916,,22580.02,completed
5568,2026-07-18 20:19:10,100298,order-only-003917,,21365.81,paid
5569,2026-07-05 16:10:01,102436,order-only-003918,,14525,created
5570,2026-07-05 22:03:09,103921,order-only-003919,PROMO080,18252.46,cancelled
5571,2026-07-18 04:39:11,103593,order-only-003920,PROMO120,16535.31,cancelled
5572,2026-07-07 19:41:13,104601,order-only-003921,PROMO117,17466.16,paid
5573,2026-07-01 04:50:21,101769,order-only-003922,,15022.16,cancelled
5574,2026-07-21 06:18:22,100032,order-only-003923,,16116.33,completed
5575,2026-07-07 05:24:15,103518,order-only-003924,PROMO001,4973.34,completed
5576,2026-07-02 02:33:45,100472,order-only-003925,,9229.41,paid
5577,2026-07-29 19:44:13,104379,order-only-003926,PROMO057,21431.37,paid
5578,2026-07-20 08:21:19,103807,order-only-003927,,6853.78,created
5579,2026-07-04 12:10:58,101190,order-only-003928,PROMO095,11513.82,paid
5580,2026-07-28 15:22:51,104734,order-only-003929,,18914.48,created
5581,2026-07-24 05:16:26,103480,order-only-003930,,12275.78,completed
5582,2026-07-11 11:06:58,100198,order-only-003931,,5038.07,paid
5583,2026-07-18 23:02:45,103952,order-only-003932,PROMO034,20237.9,paid
5584,2026-07-01 00:09:40,101430,order-only-003933,,13491.71,paid
5585,2026-07-05 01:59:07,100550,order-only-003934,PROMO056,7722.88,completed
5586,2026-07-13 18:01:08,102165,order-only-003935,,20742.37,paid
5587,2026-07-05 06:22:17,103288,order-only-003936,PROMO007,8125.7,completed
5588,2026-07-22 15:02:12,104625,order-only-003937,PROMO038,2643.13,paid
5589,2026-07-29 07:26:15,103317,order-only-003938,,4458.65,completed
5590,2026-07-14 08:19:59,104111,order-only-003939,,20567.44,paid
5591,2026-07-09 15:11:25,101342,order-only-003940,PROMO115,8238.32,paid
5592,2026-07-05 04:00:47,101830,order-only-003941,PROMO048,19356.05,cancelled
5593,2026-07-09 12:53:59,102911,order-only-003942,,9886.54,paid
5594,2026-07-26 21:18:34,104598,order-only-003943,PROMO110,17287.63,paid
5595,2026-07-15 00:19:13,101113,order-only-003944,,4503.4,paid
5596,2026-07-18 15:20:19,101313,order-only-003945,PROMO035,5010.67,completed
5597,2026-07-17 13:31:06,103709,order-only-003946,PROMO058,10320.74,cancelled
5598,2026-07-31 13:03:01,103041,order-only-003947,PROMO087,3625.37,cancelled
5599,2026-07-04 14:58:45,101782,order-only-003948,PROMO006,13748.65,cancelled
5600,2026-07-11 01:24:47,102556,order-only-003949,,13932.85,created
5601,2026-07-25 21:08:12,101457,order-only-003950,PROMO033,21971.76,paid
5602,2026-07-25 08:00:54,104840,order-only-003951,PROMO084,9178.56,paid
5603,2026-07-05 04:55:15,104599,order-only-003952,,15052.87,created
5604,2026-07-10 04:54:52,102783,order-only-003953,,24844.71,cancelled
5605,2026-07-23 21:52:22,101414,order-only-003954,,17220.1,cancelled
5606,2026-07-21 07:57:31,101975,order-only-003955,,19006.45,completed
5607,2026-07-29 12:48:10,104225,order-only-003956,,7867.57,cancelled
5608,2026-07-30 09:43:40,104213,order-only-003957,,8983.33,cancelled
5609,2026-07-27 12:42:25,104819,order-only-003958,,5169.32,paid
5610,2026-07-25 10:12:14,100187,order-only-003959,PROMO004,2071.24,completed
5611,2026-07-31 20:09:25,102256,order-only-003960,PROMO119,5640.42,cancelled
5612,2026-07-23 14:02:30,102437,order-only-003961,,7336.91,paid
5613,2026-07-29 15:06:00,100588,order-only-003962,,17091.12,paid
5614,2026-07-31 11:12:41,101959,order-only-003963,,17500.05,created
5615,2026-07-03 06:07:42,104777,order-only-003964,,10080.82,cancelled
5616,2026-07-04 08:57:27,102799,order-only-003965,,23352.89,completed
5617,2026-07-30 07:21:24,101136,order-only-003966,,16769.77,paid
5618,2026-07-26 19:45:04,104070,order-only-003967,PROMO090,10151.51,paid
5619,2026-07-25 14:39:14,100505,order-only-003968,,7702.08,cancelled
5620,2026-07-30 12:07:39,101195,order-only-003969,,14006.98,paid
5621,2026-07-11 05:09:39,104045,order-only-003970,PROMO095,18406.36,completed
5622,2026-07-15 08:18:16,101935,order-only-003971,PROMO037,9020.28,completed
5623,2026-07-30 20:53:41,103099,order-only-003972,PROMO028,7594.99,paid
5624,2026-07-09 11:23:53,104888,order-only-003973,,3124.26,completed
5625,2026-07-16 16:04:08,103415,order-only-003974,,11818.31,paid
5626,2026-07-18 05:47:28,103788,order-only-003975,,10888.45,created
5627,2026-07-08 16:15:27,101451,order-only-003976,,1038.4,cancelled
5628,2026-07-10 18:16:11,103627,order-only-003977,,7018.56,cancelled
5629,2026-07-27 05:51:20,103431,order-only-003978,,14607.76,created
5630,2026-07-29 06:42:57,104163,order-only-003979,,22682.95,created
5631,2026-07-28 05:40:57,100338,order-only-003980,,5970.72,completed
5632,2026-07-19 14:33:56,102069,order-only-003981,,2302.96,paid
5633,2026-07-01 18:47:34,102341,order-only-003982,PROMO038,8583.07,completed
5634,2026-07-07 18:42:51,102356,order-only-003983,PROMO021,7091.59,created
5635,2026-07-14 18:41:55,101531,order-only-003984,,6589.21,cancelled
5636,2026-07-05 10:03:30,103825,order-only-003985,,7569.83,paid
5637,2026-07-25 18:01:11,103760,order-only-003986,,8784.95,paid
5638,2026-07-13 11:01:09,102362,order-only-003987,,2155.94,cancelled
5639,2026-07-30 08:37:32,102438,order-only-003988,,11822.9,cancelled
5640,2026-07-05 16:30:57,104792,order-only-003989,,3218.35,cancelled
5641,2026-07-18 05:37:20,100310,order-only-003990,,20667.7,cancelled
5642,2026-07-13 13:51:56,100893,order-only-003991,,13456.69,paid
5643,2026-07-10 16:03:44,104555,order-only-003992,,12499.8,paid
5644,2026-07-31 12:33:07,102200,order-only-003993,PROMO101,355.96,completed
5645,2026-07-05 23:13:10,101659,order-only-003994,,6794.08,paid
5646,2026-07-23 00:49:37,104635,order-only-003995,PROMO016,20397.75,cancelled
5647,2026-07-13 18:29:09,103779,order-only-003996,,24753.18,created
5648,2026-07-27 03:03:09,100064,order-only-003997,,16872.57,completed
5649,2026-07-22 16:26:45,102527,order-only-003998,,1492.21,completed
5650,2026-07-31 17:28:31,103714,order-only-003999,PROMO096,23558.83,paid
5651,2026-07-29 08:26:28,101259,order-only-004000,PROMO068,18870.68,cancelled
5652,2026-07-31 21:18:00,100449,order-only-004001,,14984.67,cancelled
5653,2026-07-10 03:06:22,101780,order-only-004002,PROMO030,6523.63,paid
5654,2026-07-07 03:47:46,100252,order-only-004003,PROMO055,7525.98,completed
5655,2026-07-01 19:35:26,101382,order-only-004004,,3712.74,created
5656,2026-07-11 20:54:00,100632,order-only-004005,PROMO018,19807.73,paid
5657,2026-07-29 10:43:45,101477,order-only-004006,,5493.81,paid
5658,2026-07-22 01:33:37,101840,order-only-004007,PROMO090,12124.56,paid
5659,2026-07-28 02:44:16,103531,order-only-004008,PROMO110,2979.5,completed
5660,2026-07-14 19:15:59,104384,order-only-004009,,16451.84,paid
5661,2026-07-30 18:55:52,103790,order-only-004010,PROMO093,11082.43,paid
5662,2026-07-20 10:41:46,100866,order-only-004011,PROMO079,11830.65,completed
5663,2026-07-06 01:20:18,104601,order-only-004012,,21094.97,cancelled
5664,2026-07-28 15:25:00,101372,order-only-004013,,22720.98,created
5665,2026-07-07 23:22:25,100119,order-only-004014,PROMO045,21364.97,completed
5666,2026-07-11 21:23:23,104318,order-only-004015,,23945.78,completed
5667,2026-07-29 02:21:46,102062,order-only-004016,,20781.38,created
5668,2026-07-14 03:18:21,100614,order-only-004017,PROMO017,14480.58,paid
5669,2026-07-02 14:08:13,102250,order-only-004018,,22485.83,cancelled
5670,2026-07-10 11:59:38,100424,order-only-004019,,16359.17,completed
5671,2026-07-03 20:38:56,100523,order-only-004020,,19986.97,paid
5672,2026-07-30 22:12:04,100560,order-only-004021,PROMO089,23275.28,paid
5673,2026-07-02 13:44:21,103634,order-only-004022,,6177.56,completed
5674,2026-07-10 05:59:59,103600,order-only-004023,,16379.39,created
5675,2026-07-18 07:57:41,102369,order-only-004024,,6711.39,paid
5676,2026-07-16 04:33:10,104229,order-only-004025,,9842.32,completed
5677,2026-07-07 20:52:32,102376,order-only-004026,PROMO036,8352.28,created
5678,2026-07-31 09:17:12,100831,order-only-004027,,7476.42,paid
5679,2026-07-02 21:00:27,104149,order-only-004028,PROMO010,12013.17,completed
5680,2026-07-17 16:08:47,100320,order-only-004029,PROMO059,16286.02,completed
5681,2026-07-09 09:08:07,102123,order-only-004030,,7232.98,paid
5682,2026-07-03 14:25:02,101991,order-only-004031,,3979.82,paid
5683,2026-07-12 10:51:26,101954,order-only-004032,PROMO085,2315.11,paid
5684,2026-07-04 23:17:11,103067,order-only-004033,,3968.85,completed
5685,2026-07-08 01:14:31,102635,order-only-004034,,7305.4,paid
5686,2026-07-07 13:37:38,100075,order-only-004035,,10149.71,created
5687,2026-07-16 10:35:58,104320,order-only-004036,,7321.56,completed
5688,2026-07-09 08:00:52,103725,order-only-004037,PROMO007,21345.26,paid
5689,2026-07-02 20:53:37,100389,order-only-004038,,21741.55,completed
5690,2026-07-19 07:41:13,104867,order-only-004039,,5356.72,paid
5691,2026-07-27 12:50:21,100976,order-only-004040,,18357.34,paid
5692,2026-07-15 03:24:03,101103,order-only-004041,,24288.08,completed
5693,2026-07-31 10:38:08,104259,order-only-004042,,10647.5,paid
5694,2026-07-23 02:34:06,103533,order-only-004043,PROMO019,13126.79,cancelled
5695,2026-07-08 12:22:50,102463,order-only-004044,,18777.99,completed
5696,2026-07-26 03:23:08,103952,order-only-004045,PROMO078,12435.24,paid
5697,2026-07-08 02:02:17,104984,order-only-004046,,9305.12,cancelled
5698,2026-07-02 20:44:45,103825,order-only-004047,PROMO100,13050.33,created
5699,2026-07-17 18:50:50,102798,order-only-004048,,8152.23,paid
5700,2026-07-23 18:10:40,102139,order-only-004049,PROMO098,17281.42,paid
5701,2026-07-22 13:15:32,101154,order-only-004050,,19242.83,completed
5702,2026-07-05 20:39:47,101639,order-only-004051,,7335.11,completed
5703,2026-07-20 16:17:54,103371,order-only-004052,,5575.52,cancelled
5704,2026-07-09 03:56:09,104371,order-only-004053,PROMO073,8210.92,paid
5705,2026-07-11 22:13:23,100376,order-only-004054,,18873.64,completed
5706,2026-07-27 01:59:07,102051,order-only-004055,,12392.47,paid
5707,2026-07-30 07:03:27,103131,order-only-004056,,21622.07,paid
5708,2026-07-08 11:24:03,101048,order-only-004057,,24202.03,completed
5709,2026-07-11 21:57:17,104888,order-only-004058,PROMO039,12389.46,paid
5710,2026-07-23 16:30:08,101807,order-only-004059,,24684.99,completed
5711,2026-07-03 04:19:41,100284,order-only-004060,,23787.14,paid
5712,2026-07-28 04:32:32,102499,order-only-004061,PROMO117,10176.71,created
5713,2026-07-30 20:21:45,104175,order-only-004062,PROMO037,3997.59,created
5714,2026-07-22 04:07:46,104129,order-only-004063,,354.48,paid
5715,2026-07-17 17:16:21,102356,order-only-004064,,8290.29,cancelled
5716,2026-07-23 20:39:39,104941,order-only-004065,PROMO036,13037.34,completed
5717,2026-07-16 10:26:58,102697,order-only-004066,PROMO052,1664.72,completed
5718,2026-07-06 20:31:10,104422,order-only-004067,PROMO062,3944.21,paid
5719,2026-07-04 08:54:07,101648,order-only-004068,PROMO109,5238.35,paid
5720,2026-07-21 08:41:58,100814,order-only-004069,PROMO082,2828.39,paid
5721,2026-07-02 15:25:34,100305,order-only-004070,,6438.02,paid
5722,2026-07-06 01:13:40,101493,order-only-004071,,14221.27,paid
5723,2026-07-18 04:54:01,104604,order-only-004072,PROMO037,7972.45,paid
5724,2026-07-22 04:38:17,103614,order-only-004073,,3929.32,completed
5725,2026-07-11 19:18:57,101540,order-only-004074,PROMO027,2614.27,completed
5726,2026-07-30 20:07:25,101339,order-only-004075,,16767.7,created
5727,2026-07-02 03:00:44,101962,order-only-004076,,12646.11,created
5728,2026-07-31 00:57:33,101671,order-only-004077,,3229.01,created
5729,2026-07-24 02:40:07,104761,order-only-004078,PROMO081,9128.47,paid
5730,2026-07-09 04:44:43,103353,order-only-004079,,7609.09,paid
5731,2026-07-06 17:50:57,100949,order-only-004080,,15500.94,cancelled
5732,2026-07-04 17:00:10,103138,order-only-004081,PROMO043,20878.34,paid
5733,2026-07-25 02:14:39,104003,order-only-004082,,8284.26,paid
5734,2026-07-11 03:28:27,104118,order-only-004083,PROMO031,3090.55,paid
5735,2026-07-24 00:41:12,103584,order-only-004084,PROMO115,13764.21,created
5736,2026-07-30 04:56:02,103634,order-only-004085,PROMO078,8069.21,created
5737,2026-07-31 00:31:51,104547,order-only-004086,,23982.97,paid
5738,2026-07-24 13:29:40,104522,order-only-004087,,16518.35,completed
5739,2026-07-22 23:31:50,104882,order-only-004088,,14211.71,cancelled
5740,2026-07-24 03:40:37,104125,order-only-004089,,7469.98,paid
5741,2026-07-22 16:29:04,104312,order-only-004090,PROMO007,12704.81,completed
5742,2026-07-02 05:02:17,104003,order-only-004091,,13184.38,paid
5743,2026-07-27 22:13:21,100245,order-only-004092,,15478.85,completed
5744,2026-07-30 10:47:46,100695,order-only-004093,PROMO001,21810.1,cancelled
5745,2026-07-19 20:08:42,101117,order-only-004094,,11489.41,completed
5746,2026-07-24 04:08:49,102287,order-only-004095,PROMO100,24888.71,created
5747,2026-07-13 09:20:44,103647,order-only-004096,,17005.74,created
5748,2026-07-01 09:52:03,103008,order-only-004097,PROMO017,7916.82,created
5749,2026-07-02 03:01:17,101351,order-only-004098,,23058.87,paid
5750,2026-07-24 01:37:10,104041,order-only-004099,,17973.05,completed
5751,2026-07-30 03:47:21,102185,order-only-004100,,3608.87,paid
5752,2026-07-05 10:25:39,100484,order-only-004101,,19668.67,completed
5753,2026-07-16 09:36:09,102440,order-only-004102,,8865.84,cancelled
5754,2026-07-31 13:59:07,100293,order-only-004103,,2438.35,cancelled
5755,2026-07-03 00:42:25,103123,order-only-004104,PROMO091,4849.6,created
5756,2026-07-11 19:24:30,101692,order-only-004105,PROMO109,19839.47,paid
5757,2026-07-09 15:46:15,100043,order-only-004106,,13034.66,paid
5758,2026-07-17 18:12:07,103342,order-only-004107,,22341.26,completed
5759,2026-07-21 05:37:59,103047,order-only-004108,,8843.37,completed
5760,2026-07-12 07:01:24,101209,order-only-004109,,14222.48,completed
5761,2026-07-14 14:23:12,104632,order-only-004110,PROMO073,11140.19,paid
5762,2026-07-18 14:09:47,100740,order-only-004111,,13168.28,completed
5763,2026-07-31 17:20:22,102228,order-only-004112,,5199.6,completed
5764,2026-07-14 02:20:14,102235,order-only-004113,PROMO076,15394.77,paid
5765,2026-07-25 03:49:54,100815,order-only-004114,PROMO085,17705.78,cancelled
5766,2026-07-30 06:01:13,100851,order-only-004115,PROMO072,19738.6,paid
5767,2026-07-21 14:36:26,101117,order-only-004116,,8455.58,completed
5768,2026-07-20 14:53:35,101307,order-only-004117,PROMO068,9502.88,paid
5769,2026-07-22 16:35:36,100295,order-only-004118,,2866.42,paid
5770,2026-07-22 03:57:18,104369,order-only-004119,PROMO007,12878.5,completed
5771,2026-07-22 08:44:23,101620,order-only-004120,,11914.89,completed
5772,2026-07-27 09:31:43,104008,order-only-004121,,15250.54,cancelled
5773,2026-07-06 05:43:30,103781,order-only-004122,PROMO120,12950.13,paid
5774,2026-07-09 11:24:03,100606,order-only-004123,,1624.5,created
5775,2026-07-22 18:49:38,103541,order-only-004124,,10404.26,paid
5776,2026-07-08 21:42:35,100886,order-only-004125,,10537.1,completed
5777,2026-07-05 04:47:32,104302,order-only-004126,,6099.57,completed
5778,2026-07-31 23:55:01,103873,order-only-004127,PROMO042,10646.3,completed
5779,2026-07-29 07:14:12,100647,order-only-004128,,22649.31,completed
5780,2026-07-17 05:06:24,104486,order-only-004129,PROMO077,6016.72,paid
5781,2026-07-15 14:27:22,100437,order-only-004130,,19811.28,cancelled
5782,2026-07-06 06:41:51,103440,order-only-004131,PROMO037,535.73,paid
5783,2026-07-11 17:04:25,102831,order-only-004132,PROMO078,9183.15,created
5784,2026-07-22 17:14:04,101172,order-only-004133,,4771.37,created
5785,2026-07-10 07:35:29,104634,order-only-004134,,20905.53,cancelled
5786,2026-07-19 19:04:23,102460,order-only-004135,,5047.02,cancelled
5787,2026-07-26 02:48:43,102501,order-only-004136,,15108.23,paid
5788,2026-07-04 20:21:29,100523,order-only-004137,,3911.1,completed
5789,2026-07-13 08:27:43,101707,order-only-004138,,10030.94,completed
5790,2026-07-21 22:23:42,102410,order-only-004139,PROMO014,19532.21,cancelled
5791,2026-07-08 23:35:46,102168,order-only-004140,,15442.76,paid
5792,2026-07-08 13:38:06,101888,order-only-004141,PROMO116,24698.47,created
5793,2026-07-21 14:39:41,104670,order-only-004142,,3986.89,paid
5794,2026-07-28 07:00:20,101847,order-only-004143,,17548.96,completed
5795,2026-07-18 22:59:06,102794,order-only-004144,,24491.28,completed
5796,2026-07-21 02:16:36,103945,order-only-004145,,24291.62,completed
5797,2026-07-30 03:33:32,104705,order-only-004146,,9672.84,cancelled
5798,2026-07-11 03:37:27,104547,order-only-004147,,21668.9,created
5799,2026-07-31 15:24:15,101176,order-only-004148,PROMO078,9943.13,created
5800,2026-07-31 13:15:47,104220,order-only-004149,,20965.77,paid
5801,2026-07-02 15:00:48,100663,order-only-004150,,2365.62,completed
5802,2026-07-11 11:22:37,103208,order-only-004151,,5622.56,cancelled
5803,2026-07-26 22:36:22,100522,order-only-004152,PROMO093,1768.2,paid
5804,2026-07-18 16:49:33,104052,order-only-004153,,22545.87,cancelled
5805,2026-07-12 07:34:42,104792,order-only-004154,PROMO060,22589.61,paid
5806,2026-07-26 05:12:21,100303,order-only-004155,,16579.15,paid
5807,2026-07-03 02:09:12,102246,order-only-004156,,21448.11,paid
5808,2026-07-07 17:15:02,101667,order-only-004157,,4432.33,paid
5809,2026-07-27 21:56:57,100945,order-only-004158,,15314.24,completed
5810,2026-07-22 22:05:09,102165,order-only-004159,PROMO088,20136.21,paid
5811,2026-07-16 10:45:50,103237,order-only-004160,,21011.08,completed
5812,2026-07-01 07:06:12,101083,order-only-004161,PROMO006,12524.08,completed
5813,2026-07-10 23:02:28,102892,order-only-004162,,3609.04,created
5814,2026-07-11 02:09:26,103504,order-only-004163,,14517.63,paid
5815,2026-07-27 03:42:17,100770,order-only-004164,,22300.91,paid
5816,2026-07-02 22:37:46,101790,order-only-004165,,14849.31,created
5817,2026-07-03 01:53:21,104356,order-only-004166,,12439.76,cancelled
5818,2026-07-12 03:29:24,101088,order-only-004167,PROMO078,13942.29,completed
5819,2026-07-01 20:50:07,102833,order-only-004168,,14030.37,completed
5820,2026-07-09 04:08:21,104281,order-only-004169,,6965.85,completed
5821,2026-07-04 14:21:43,104942,order-only-004170,,2223.96,cancelled
5822,2026-07-12 15:18:37,103619,order-only-004171,,20107.32,created
5823,2026-07-19 06:48:19,100645,order-only-004172,,19568.71,cancelled
5824,2026-07-14 04:13:02,104374,order-only-004173,PROMO004,4095.04,cancelled
5825,2026-07-09 20:48:12,101007,order-only-004174,,7889.75,completed
5826,2026-07-22 06:33:27,103545,order-only-004175,PROMO083,14570.58,paid
5827,2026-07-19 06:46:19,100626,order-only-004176,,597.13,cancelled
5828,2026-07-17 14:22:00,103517,order-only-004177,,12572.39,paid
5829,2026-07-19 14:17:32,101146,order-only-004178,PROMO056,18791.02,paid
5830,2026-07-02 04:17:38,102301,order-only-004179,,14691.95,completed
5831,2026-07-03 03:59:36,102189,order-only-004180,,13354.33,completed
5832,2026-07-28 16:58:34,104317,order-only-004181,PROMO060,13134.83,paid
5833,2026-07-07 01:55:42,103589,order-only-004182,,2587.07,completed
5834,2026-07-10 03:34:19,103953,order-only-004183,,9421.15,created
5835,2026-07-12 23:39:54,103405,order-only-004184,,1097.36,paid
5836,2026-07-28 12:25:17,101496,order-only-004185,PROMO033,1898.12,created
5837,2026-07-20 17:13:30,103857,order-only-004186,PROMO041,11816.88,paid
5838,2026-07-07 07:32:00,102175,order-only-004187,PROMO002,24744.39,paid
5839,2026-07-19 12:14:59,101705,order-only-004188,PROMO068,19595.16,created
5840,2026-07-07 07:38:55,104339,order-only-004189,PROMO097,1998.77,paid
5841,2026-07-03 21:09:51,100489,order-only-004190,,8336.01,created
5842,2026-07-15 20:13:25,104790,order-only-004191,,7735.69,completed
5843,2026-07-09 10:39:30,102025,order-only-004192,,11352.26,created
5844,2026-07-25 22:07:54,103596,order-only-004193,PROMO012,8062.94,cancelled
5845,2026-07-23 03:42:42,101667,order-only-004194,,9247.42,paid
5846,2026-07-08 14:31:46,101804,order-only-004195,,1689.04,paid
5847,2026-07-08 20:11:44,101162,order-only-004196,PROMO059,23404.74,paid
5848,2026-07-13 00:32:30,104680,order-only-004197,,9845.57,completed
5849,2026-07-12 05:14:11,103360,order-only-004198,,9926.9,completed
5850,2026-07-24 06:35:33,101033,order-only-004199,PROMO059,582.19,paid
5851,2026-07-15 08:31:44,104252,order-only-004200,PROMO064,3365.19,created
5852,2026-07-12 15:10:46,102719,order-only-004201,,24154.86,paid
5853,2026-07-28 05:52:36,104270,order-only-004202,,4407.92,paid
5854,2026-07-06 21:01:07,100838,order-only-004203,,20741.68,cancelled
5855,2026-07-29 15:15:01,102448,order-only-004204,,11295.67,paid
5856,2026-07-08 10:09:31,104550,order-only-004205,,3717.71,completed
5857,2026-07-30 16:23:41,101450,order-only-004206,,13501.55,completed
5858,2026-07-27 16:38:14,101003,order-only-004207,,4368.67,completed
5859,2026-07-19 14:25:54,102931,order-only-004208,PROMO051,4631.62,completed
5860,2026-07-24 22:54:45,103758,order-only-004209,,5897.23,paid
5861,2026-07-08 11:07:49,100246,order-only-004210,PROMO023,23014.21,paid
5862,2026-07-18 06:05:49,100545,order-only-004211,,5786.99,paid
5863,2026-07-01 06:42:43,103800,order-only-004212,,21311.08,completed
5864,2026-07-06 06:57:25,100008,order-only-004213,,6937.02,completed
5865,2026-07-23 23:56:08,103547,order-only-004214,,6178.87,completed
5866,2026-07-12 19:47:21,104973,order-only-004215,PROMO020,24037.7,completed
5867,2026-07-22 00:17:29,104753,order-only-004216,,1713.12,completed
5868,2026-07-05 11:12:00,100122,order-only-004217,,15293.13,completed
5869,2026-07-11 14:02:36,100243,order-only-004218,,6231.33,paid
5870,2026-07-12 17:19:20,100344,order-only-004219,,24943.09,completed
5871,2026-07-31 07:39:19,103140,order-only-004220,,15364.3,paid
5872,2026-07-27 16:48:37,101576,order-only-004221,PROMO026,24089.99,completed
5873,2026-07-27 02:38:41,102631,order-only-004222,,10531.35,completed
5874,2026-07-14 07:52:28,103852,order-only-004223,,3860.69,created
5875,2026-07-19 10:01:10,101943,order-only-004224,,13098.97,paid
5876,2026-07-09 06:18:03,101628,order-only-004225,,17596.86,created
5877,2026-07-03 09:22:06,102514,order-only-004226,,10860.24,paid
5878,2026-07-01 15:18:07,101418,order-only-004227,,23821.45,paid
5879,2026-07-17 03:12:39,100865,order-only-004228,PROMO098,11454.21,paid
5880,2026-07-24 18:45:50,104170,order-only-004229,PROMO071,22392,paid
5881,2026-07-11 08:40:40,102683,order-only-004230,,14721.86,completed
5882,2026-07-03 23:36:28,100265,order-only-004231,,15842.85,created
5883,2026-07-21 10:10:39,101270,order-only-004232,,21708.28,cancelled
5884,2026-07-05 08:55:40,101402,order-only-004233,,14466.94,paid
5885,2026-07-22 13:31:33,100461,order-only-004234,,14468.94,paid
5886,2026-07-17 20:21:23,100440,order-only-004235,,2078.95,created
5887,2026-07-06 22:58:40,101374,order-only-004236,PROMO106,24811.95,paid
5888,2026-07-24 08:51:36,104670,order-only-004237,PROMO039,10926.43,completed
5889,2026-07-19 07:56:38,104378,order-only-004238,,8774.6,created
5890,2026-07-21 12:11:03,101215,order-only-004239,PROMO115,22220.83,paid
5891,2026-07-29 09:01:54,100148,order-only-004240,PROMO048,11853.59,paid
5892,2026-07-20 15:47:45,101191,order-only-004241,PROMO089,1799.97,cancelled
5893,2026-07-16 22:07:59,101590,order-only-004242,,17663.86,created
5894,2026-07-19 23:30:31,100175,order-only-004243,,709.32,completed
5895,2026-07-10 23:37:08,102977,order-only-004244,PROMO077,3535.26,completed
5896,2026-07-23 12:02:56,102321,order-only-004245,,20294.94,completed
5897,2026-07-18 18:25:51,101787,order-only-004246,,19831.33,completed
5898,2026-07-24 08:28:48,103752,order-only-004247,,22979.23,cancelled
5899,2026-07-16 15:18:48,104344,order-only-004248,,17515.76,cancelled
5900,2026-07-30 05:32:24,101291,order-only-004249,,18757.51,cancelled
5901,2026-07-09 23:00:05,102929,order-only-004250,,9474.14,paid
5902,2026-07-02 19:16:29,104798,order-only-004251,,16515.91,completed
5903,2026-07-06 05:16:52,102027,order-only-004252,PROMO112,3566.84,completed
5904,2026-07-02 22:48:25,100604,order-only-004253,,6481.15,cancelled
5905,2026-07-27 10:55:14,102074,order-only-004254,,6741.73,paid
5906,2026-07-27 07:34:27,102593,order-only-004255,,19510.3,completed
5907,2026-07-19 22:52:03,101383,order-only-004256,,20002.72,paid
5908,2026-07-20 00:17:45,104835,order-only-004257,PROMO003,1141.83,completed
5909,2026-07-09 08:50:23,101816,order-only-004258,PROMO086,23227.63,paid
5910,2026-07-24 20:59:26,104861,order-only-004259,PROMO049,21305.48,cancelled
5911,2026-07-15 21:25:11,102473,order-only-004260,,7634.09,cancelled
5912,2026-07-09 07:03:05,103505,order-only-004261,PROMO064,12744.85,paid
5913,2026-07-14 21:13:49,101094,order-only-004262,,21441.46,paid
5914,2026-07-01 16:21:59,100580,order-only-004263,PROMO009,24898.84,created
5915,2026-07-24 04:26:47,102150,order-only-004264,PROMO081,15487.7,completed
5916,2026-07-29 23:51:57,101415,order-only-004265,,4716.17,paid
5917,2026-07-21 14:49:27,103860,order-only-004266,,18370.08,paid
5918,2026-07-13 19:29:49,100022,order-only-004267,,8745.45,completed
5919,2026-07-23 04:52:23,100500,order-only-004268,,12210.09,cancelled
5920,2026-07-15 22:25:50,100868,order-only-004269,,16768.4,paid
5921,2026-07-29 06:38:13,103026,order-only-004270,,13424.32,paid
5922,2026-07-07 00:53:39,100397,order-only-004271,PROMO071,23964.77,paid
5923,2026-07-03 01:08:37,102191,order-only-004272,PROMO054,17756.39,paid
5924,2026-07-26 22:23:22,101014,order-only-004273,PROMO089,11283.84,paid
5925,2026-07-15 12:42:25,101949,order-only-004274,,2279,cancelled
5926,2026-07-31 22:34:41,101672,order-only-004275,,3792.54,paid
5927,2026-07-29 01:46:48,102055,order-only-004276,,10438.45,paid
5928,2026-07-28 22:57:51,104551,order-only-004277,,1775.07,paid
5929,2026-07-22 10:09:04,102402,order-only-004278,,2932.13,paid
5930,2026-07-09 01:27:22,102564,order-only-004279,,5430,paid
5931,2026-07-27 04:40:42,104092,order-only-004280,,8957.97,paid
5932,2026-07-24 23:42:06,104542,order-only-004281,PROMO049,12836.63,completed
5933,2026-07-13 19:37:16,102944,order-only-004282,,21396.87,paid
5934,2026-07-06 22:17:13,102976,order-only-004283,,10250.74,paid
5935,2026-07-29 03:34:28,100203,order-only-004284,,2935.79,completed
5936,2026-07-16 09:06:07,103155,order-only-004285,,18376.99,cancelled
5937,2026-07-18 04:13:13,103167,order-only-004286,,9977.44,completed
5938,2026-07-06 00:08:26,103991,order-only-004287,,15593.41,paid
5939,2026-07-21 22:00:25,101769,order-only-004288,PROMO090,15049.2,paid
5940,2026-07-28 12:50:55,103367,order-only-004289,PROMO109,7483.92,paid
5941,2026-07-06 01:42:18,102598,order-only-004290,PROMO044,23247.45,completed
5942,2026-07-06 03:40:04,102921,order-only-004291,,14017.28,completed
5943,2026-07-22 06:15:38,103404,order-only-004292,,15681.49,paid
5944,2026-07-24 10:08:13,100467,order-only-004293,,19239.36,completed
5945,2026-07-29 14:10:19,101075,order-only-004294,,14277.09,paid
5946,2026-07-22 10:37:57,101617,order-only-004295,PROMO067,1863.7,cancelled
5947,2026-07-23 03:38:31,100874,order-only-004296,,16405.33,paid
5948,2026-07-20 04:32:59,103184,order-only-004297,PROMO048,14525.91,completed
5949,2026-07-03 13:36:15,102786,order-only-004298,PROMO102,13622.76,paid
5950,2026-07-31 13:00:07,101697,order-only-004299,,15964.51,completed
5951,2026-07-11 08:42:36,101600,order-only-004300,,24391.57,cancelled
5952,2026-07-18 17:45:58,104559,order-only-004301,PROMO085,17218.84,paid
5953,2026-07-18 06:02:57,100502,order-only-004302,,18752.46,paid
5954,2026-07-16 12:28:37,104513,order-only-004303,,7449.2,cancelled
5955,2026-07-27 12:15:57,102654,order-only-004304,PROMO049,4104.96,completed
5956,2026-07-11 06:42:47,101516,order-only-004305,PROMO024,12403.87,cancelled
5957,2026-07-21 19:45:49,101987,order-only-004306,PROMO111,11673.6,created
5958,2026-07-09 14:24:26,103038,order-only-004307,,6107,completed
5959,2026-07-26 17:52:17,104612,order-only-004308,PROMO108,4232.96,completed
5960,2026-07-21 01:42:01,102044,order-only-004309,PROMO086,459.44,cancelled
5961,2026-07-25 17:00:03,102614,order-only-004310,,18817.46,cancelled
5962,2026-07-05 13:56:19,101161,order-only-004311,,11772.44,cancelled
5963,2026-07-07 19:50:51,100874,order-only-004312,,10927.62,cancelled
5964,2026-07-15 05:19:59,100629,order-only-004313,,4415.17,completed
5965,2026-07-04 14:07:31,104627,order-only-004314,,17637.42,completed
5966,2026-07-29 13:56:48,102634,order-only-004315,,10542.36,cancelled
5967,2026-07-25 20:02:36,103952,order-only-004316,,1284.57,created
5968,2026-07-14 06:58:35,101002,order-only-004317,,4229.11,paid
5969,2026-07-27 12:15:05,101418,order-only-004318,,12245.93,completed
5970,2026-07-17 11:20:15,101375,order-only-004319,,17137,paid
5971,2026-07-07 05:23:11,102845,order-only-004320,,14030.74,paid
5972,2026-07-02 23:21:28,102896,order-only-004321,PROMO033,4815.73,paid
5973,2026-07-05 14:39:53,101962,order-only-004322,,22013.73,paid
5974,2026-07-26 18:53:13,100874,order-only-004323,,10561.67,completed
5975,2026-07-19 12:29:52,103882,order-only-004324,,10011.11,completed
5976,2026-07-11 21:36:41,103868,order-only-004325,PROMO004,17006.78,paid
5977,2026-07-29 06:13:48,103303,order-only-004326,,1605.77,paid
5978,2026-07-08 14:38:01,102263,order-only-004327,,22934.11,cancelled
5979,2026-07-01 06:28:32,100213,order-only-004328,,3795.7,paid
5980,2026-07-29 11:48:32,103239,order-only-004329,,17549.9,paid
5981,2026-07-12 03:33:22,101883,order-only-004330,,24387.71,cancelled
5982,2026-07-17 20:16:45,102242,order-only-004331,,15337.68,paid
5983,2026-07-13 08:14:37,102158,order-only-004332,PROMO089,4173.3,cancelled
5984,2026-07-19 15:35:22,101523,order-only-004333,,12633.42,paid
5985,2026-07-27 00:55:54,101556,order-only-004334,,13894.21,paid
5986,2026-07-21 08:34:49,102913,order-only-004335,,2751.58,completed
5987,2026-07-07 16:33:14,104529,order-only-004336,PROMO069,10626.12,cancelled
5988,2026-07-02 05:24:11,102199,order-only-004337,PROMO082,10302.78,created
5989,2026-07-02 04:50:45,104521,order-only-004338,,23136.57,cancelled
5990,2026-07-03 11:16:08,103463,order-only-004339,,7504.33,paid
5991,2026-07-29 01:39:15,101924,order-only-004340,,13479.21,completed
5992,2026-07-04 06:17:28,104659,order-only-004341,,7415.8,completed
5993,2026-07-27 17:15:09,101299,order-only-004342,,24643.58,paid
5994,2026-07-07 05:29:32,104493,order-only-004343,PROMO090,16735.04,paid
5995,2026-07-12 19:08:23,102647,order-only-004344,PROMO120,5691.37,created
5996,2026-07-22 04:07:50,101347,order-only-004345,,19311.08,cancelled
5997,2026-07-13 06:26:07,104747,order-only-004346,,7821.05,completed
5998,2026-07-26 04:37:08,102055,order-only-004347,,10423.51,cancelled
5999,2026-07-27 03:46:00,103479,order-only-004348,,8139.81,paid
6000,2026-07-23 22:38:32,100479,order-only-004349,,8570.36,completed
6001,2026-07-26 19:22:41,103308,order-only-004350,PROMO035,4135.21,paid
6002,2026-07-18 02:58:53,100931,order-only-004351,,14835.46,completed
6003,2026-07-07 16:32:08,103551,order-only-004352,PROMO107,8985.59,created
6004,2026-07-19 23:55:09,100498,order-only-004353,PROMO073,23553.5,created
6005,2026-07-18 10:52:37,103995,order-only-004354,,1008.24,created
6006,2026-07-14 23:39:11,104933,order-only-004355,,15546.55,paid
6007,2026-07-12 17:13:21,102070,order-only-004356,,23472.5,completed
6008,2026-07-07 00:17:05,103119,order-only-004357,,20621.06,completed
6009,2026-07-06 00:48:38,103244,order-only-004358,PROMO062,12292.06,paid
6010,2026-07-22 17:45:29,101690,order-only-004359,PROMO057,14107.24,paid
6011,2026-07-24 18:31:51,101865,order-only-004360,,14661.09,paid
6012,2026-07-30 01:03:39,103040,order-only-004361,,1346.49,completed
6013,2026-07-25 12:17:36,103045,order-only-004362,,5450.44,paid
6014,2026-07-25 04:42:00,103322,order-only-004363,,12651.03,completed
6015,2026-07-13 13:50:12,104171,order-only-004364,PROMO001,12010.84,completed
6016,2026-07-16 17:49:34,101843,order-only-004365,,18125.65,completed
6017,2026-07-13 12:00:57,100853,order-only-004366,,6279.68,completed
6018,2026-07-26 01:15:01,104938,order-only-004367,PROMO053,1669.94,completed
6019,2026-07-18 17:21:13,104670,order-only-004368,,6833.53,cancelled
6020,2026-07-25 23:56:37,103423,order-only-004369,,12717.4,created
6021,2026-07-28 18:09:47,104497,order-only-004370,,24780.6,paid
6022,2026-07-08 14:06:35,101061,order-only-004371,,12122.95,completed
6023,2026-07-02 17:49:19,101018,order-only-004372,PROMO098,21301.1,completed
6024,2026-07-16 20:12:34,100722,order-only-004373,,7637.62,completed
6025,2026-07-25 13:59:41,104002,order-only-004374,,22604.19,cancelled
6026,2026-07-06 18:11:36,103485,order-only-004375,,5581.94,completed
6027,2026-07-02 19:23:19,103691,order-only-004376,,15520.87,completed
6028,2026-07-10 02:38:54,100258,order-only-004377,,5002.58,completed
6029,2026-07-24 13:07:18,102533,order-only-004378,PROMO021,6606.3,completed
6030,2026-07-06 18:48:29,100690,order-only-004379,,3571.05,completed
6031,2026-07-13 18:25:12,101596,order-only-004380,,24816.96,completed
6032,2026-07-27 07:27:35,101569,order-only-004381,,15593.5,paid
6033,2026-07-11 04:47:10,100388,order-only-004382,,22627.04,completed
6034,2026-07-03 19:41:42,100948,order-only-004383,,5275.73,cancelled
6035,2026-07-29 18:57:59,102888,order-only-004384,,23985.8,completed
6036,2026-07-30 09:16:49,100275,order-only-004385,,14751.95,paid
6037,2026-07-31 12:35:00,100916,order-only-004386,,18321.7,paid
6038,2026-07-06 20:39:50,100450,order-only-004387,,4333.93,paid
6039,2026-07-01 20:27:57,103509,order-only-004388,,6059.67,cancelled
6040,2026-07-20 06:11:15,104560,order-only-004389,PROMO112,6349.56,paid
6041,2026-07-05 16:33:30,100137,order-only-004390,PROMO117,16167.03,created
6042,2026-07-06 18:15:59,103159,order-only-004391,,14056.07,created
6043,2026-07-28 23:01:52,101401,order-only-004392,PROMO020,6665.38,paid
6044,2026-07-24 07:17:31,100739,order-only-004393,PROMO091,16908.82,cancelled
6045,2026-07-06 19:01:22,102407,order-only-004394,PROMO047,14442.06,paid
6046,2026-07-31 02:44:58,104911,order-only-004395,,24534.94,paid
6047,2026-07-13 13:20:25,100223,order-only-004396,,20912.34,cancelled
6048,2026-07-22 03:32:16,100290,order-only-004397,PROMO105,22798.07,completed
6049,2026-07-19 15:01:36,104407,order-only-004398,,5479.62,paid
6050,2026-07-02 12:43:18,101210,order-only-004399,PROMO004,547.89,cancelled
6051,2026-07-31 17:01:47,104818,order-only-004400,,6002.98,completed
6052,2026-07-19 19:44:55,104649,order-only-004401,PROMO087,17570.32,paid
6053,2026-07-30 02:49:41,104286,order-only-004402,PROMO087,19981.29,cancelled
6054,2026-07-18 06:36:29,102565,order-only-004403,,19528.53,cancelled
6055,2026-07-01 15:37:22,104314,order-only-004404,,10651.28,paid
6056,2026-07-01 21:43:53,100963,order-only-004405,,12394.79,cancelled
6057,2026-07-07 12:08:45,104224,order-only-004406,,13053.79,completed
6058,2026-07-12 19:35:10,103960,order-only-004407,,17788.69,cancelled
6059,2026-07-14 02:53:45,100585,order-only-004408,,18681.62,completed
6060,2026-07-19 14:34:07,100561,order-only-004409,PROMO059,24506.55,paid
6061,2026-07-31 02:01:24,101434,order-only-004410,,14800.97,cancelled
6062,2026-07-13 19:58:09,101862,order-only-004411,PROMO084,11223.9,cancelled
6063,2026-07-14 04:27:48,103346,order-only-004412,,7838.03,paid
6064,2026-07-17 01:18:48,101786,order-only-004413,,1010.72,cancelled
6065,2026-07-08 00:16:38,100417,order-only-004414,PROMO034,13035.72,paid
6066,2026-07-15 17:06:19,104410,order-only-004415,,21018.54,paid
6067,2026-07-29 10:15:30,104422,order-only-004416,,12269.08,completed
6068,2026-07-07 01:04:21,100093,order-only-004417,,2446.28,cancelled
6069,2026-07-07 15:55:06,103188,order-only-004418,,22032.94,cancelled
6070,2026-07-17 16:26:03,103121,order-only-004419,PROMO067,6311.29,created
6071,2026-07-16 11:56:47,104248,order-only-004420,,11665.37,paid
6072,2026-07-27 22:09:16,100902,order-only-004421,PROMO022,9561.91,cancelled
6073,2026-07-22 19:39:24,101915,order-only-004422,,12145.89,created
6074,2026-07-21 23:19:44,103652,order-only-004423,PROMO089,16131.55,completed
6075,2026-07-26 00:18:55,104555,order-only-004424,PROMO024,18051.85,paid
6076,2026-07-18 08:15:16,103310,order-only-004425,,18002.02,completed
6077,2026-07-19 20:44:45,100875,order-only-004426,,14401.06,paid
6078,2026-07-05 15:59:19,104787,order-only-004427,,1181.48,created
6079,2026-07-29 09:24:24,103163,order-only-004428,PROMO104,11538.17,created
6080,2026-07-24 20:58:47,101487,order-only-004429,,13196.49,created
6081,2026-07-08 07:58:52,101474,order-only-004430,PROMO109,5074.13,created
6082,2026-07-09 04:45:03,103705,order-only-004431,PROMO064,24632.88,paid
6083,2026-07-09 14:15:39,103316,order-only-004432,,7243.88,completed
6084,2026-07-18 15:56:18,100420,order-only-004433,PROMO038,3636.41,paid
6085,2026-07-14 14:39:27,104806,order-only-004434,,22635.22,cancelled
6086,2026-07-04 20:26:53,104807,order-only-004435,PROMO081,7916.86,cancelled
6087,2026-07-25 23:41:07,100788,order-only-004436,,6704.62,cancelled
6088,2026-07-17 08:10:18,101102,order-only-004437,PROMO063,19276.09,completed
6089,2026-07-04 14:02:13,102830,order-only-004438,,11954.79,completed
6090,2026-07-27 03:43:08,102632,order-only-004439,PROMO068,2213.59,completed
6091,2026-07-09 06:46:42,102022,order-only-004440,PROMO053,6113.66,created
6092,2026-07-23 15:25:19,101508,order-only-004441,PROMO112,2950.26,completed
6093,2026-07-06 15:38:54,104720,order-only-004442,PROMO009,16437.2,cancelled
6094,2026-07-30 22:28:00,101842,order-only-004443,PROMO021,3962.9,paid
6095,2026-07-09 17:20:05,102622,order-only-004444,PROMO036,9933.26,created
6096,2026-07-14 08:12:18,104587,order-only-004445,PROMO114,13796.45,paid
6097,2026-07-05 17:37:13,101389,order-only-004446,,413.31,completed
6098,2026-07-17 04:48:50,100848,order-only-004447,,18249.38,completed
6099,2026-07-24 23:22:21,100608,order-only-004448,,12409.89,cancelled
6100,2026-07-16 10:28:54,102582,order-only-004449,,21352.05,paid
6101,2026-07-25 03:05:54,100683,order-only-004450,,15213.39,completed
6102,2026-07-29 11:23:09,104548,order-only-004451,PROMO012,335.52,cancelled
6103,2026-07-28 08:05:51,102625,order-only-004452,,16120.4,paid
6104,2026-07-07 16:57:03,102426,order-only-004453,,1978.6,paid
6105,2026-07-31 01:08:08,102499,order-only-004454,PROMO003,24402.06,paid
6106,2026-07-19 02:16:28,102786,order-only-004455,,3936.68,completed
6107,2026-07-13 17:28:44,103560,order-only-004456,,6597.25,paid
6108,2026-07-24 23:48:54,100558,order-only-004457,PROMO009,12696.46,cancelled
6109,2026-07-12 03:13:47,104392,order-only-004458,,10330.18,created
6110,2026-07-04 18:40:56,102054,order-only-004459,,19954.24,paid
6111,2026-07-15 18:50:58,102462,order-only-004460,,14365.23,completed
6112,2026-07-06 03:24:48,102762,order-only-004461,,13425.97,completed
6113,2026-07-17 20:09:01,100932,order-only-004462,,5600.24,cancelled
6114,2026-07-01 20:43:32,101976,order-only-004463,,2020.26,paid
6115,2026-07-04 19:08:38,100939,order-only-004464,PROMO032,11875.11,paid
6116,2026-07-11 17:19:15,103784,order-only-004465,PROMO050,6873.93,completed
6117,2026-07-19 05:47:03,103516,order-only-004466,,7560.73,paid
6118,2026-07-03 06:31:47,103877,order-only-004467,,5427.71,paid
6119,2026-07-21 04:14:33,104968,order-only-004468,PROMO042,11814.06,cancelled
6120,2026-07-29 18:37:33,101775,order-only-004469,,7853.57,completed
6121,2026-07-27 15:17:30,102140,order-only-004470,,10838.51,paid
6122,2026-07-15 07:53:13,102380,order-only-004471,,22532.18,completed
6123,2026-07-06 07:58:55,100570,order-only-004472,,3801.5,paid
6124,2026-07-19 23:50:56,101723,order-only-004473,,5440.42,completed
6125,2026-07-04 17:12:18,103769,order-only-004474,,19039.94,paid
6126,2026-07-04 15:28:07,104213,order-only-004475,,9071.78,cancelled
6127,2026-07-08 14:38:06,101098,order-only-004476,,7616.96,completed
6128,2026-07-03 00:26:20,103099,order-only-004477,,24448.09,paid
6129,2026-07-18 20:45:36,102857,order-only-004478,PROMO084,17503.09,cancelled
6130,2026-07-08 20:12:41,102869,order-only-004479,PROMO032,9612.02,cancelled
6131,2026-07-18 05:48:44,100454,order-only-004480,PROMO110,15134.89,completed
6132,2026-07-20 21:08:27,103456,order-only-004481,,2645.08,completed
6133,2026-07-27 09:02:06,101633,order-only-004482,,11893.91,cancelled
6134,2026-07-14 09:57:31,104129,order-only-004483,PROMO023,18686.9,paid
6135,2026-07-17 12:23:24,100738,order-only-004484,,18637.54,completed
6136,2026-07-19 10:12:46,104432,order-only-004485,,19514.67,completed
6137,2026-07-16 00:19:32,100089,order-only-004486,,21930.15,completed
6138,2026-07-16 10:55:57,100436,order-only-004487,,16224.6,completed
6139,2026-07-02 18:00:55,100270,order-only-004488,,2885.74,completed
6140,2026-07-30 01:13:16,104185,order-only-004489,,18874.01,paid
6141,2026-07-19 16:58:21,104202,order-only-004490,,20245.55,completed
6142,2026-07-09 20:26:41,104563,order-only-004491,PROMO046,19875.84,completed
6143,2026-07-13 23:23:14,100809,order-only-004492,PROMO033,20211.58,paid
6144,2026-07-25 19:17:24,102310,order-only-004493,PROMO002,9402.84,paid
6145,2026-07-18 13:32:42,102043,order-only-004494,,11899.94,cancelled
6146,2026-07-07 21:04:58,102942,order-only-004495,,13554.93,completed
6147,2026-07-22 17:42:04,102532,order-only-004496,PROMO017,1418,paid
6148,2026-07-09 00:26:37,103416,order-only-004497,,8727.99,completed
6149,2026-07-20 05:45:59,102575,order-only-004498,,4178.82,paid
6150,2026-07-17 08:40:40,104772,order-only-004499,,3564.34,completed
6151,2026-07-14 04:37:01,100304,order-only-004500,,18460.15,paid
6152,2026-07-23 01:06:53,102721,order-only-004501,,23549.87,cancelled
6153,2026-07-26 21:06:24,104565,order-only-004502,,13532.8,paid
6154,2026-07-25 15:32:12,100465,order-only-004503,PROMO012,12234.36,created
6155,2026-07-04 05:36:35,102140,order-only-004504,PROMO011,21161.29,paid
6156,2026-07-28 13:56:10,104435,order-only-004505,,10964.4,paid
6157,2026-07-15 05:27:19,100664,order-only-004506,,19693.45,completed
6158,2026-07-03 20:24:38,100139,order-only-004507,,19471.12,paid
6159,2026-07-14 10:34:24,101538,order-only-004508,PROMO013,9700.75,completed
6160,2026-07-25 01:40:32,103691,order-only-004509,,21952.27,paid
6161,2026-07-02 17:17:02,103780,order-only-004510,,11556.73,completed
6162,2026-07-22 22:58:19,103059,order-only-004511,PROMO079,18212.04,completed
6163,2026-07-25 20:36:55,102958,order-only-004512,PROMO014,18116.96,completed
6164,2026-07-04 20:12:36,101696,order-only-004513,,6817.79,cancelled
6165,2026-07-13 09:04:35,104249,order-only-004514,PROMO061,8976.32,completed
6166,2026-07-18 17:19:37,104206,order-only-004515,PROMO083,20459.66,paid
6167,2026-07-31 10:05:12,101772,order-only-004516,,5128.81,paid
6168,2026-07-21 07:46:10,103262,order-only-004517,PROMO045,15276.53,cancelled
6169,2026-07-16 18:04:25,102695,order-only-004518,,24749.75,paid
6170,2026-07-28 23:10:55,103921,order-only-004519,,1975.19,paid
6171,2026-07-01 10:44:11,104728,order-only-004520,,18071.1,cancelled
6172,2026-07-23 15:28:51,104329,order-only-004521,,21070.51,completed
6173,2026-07-05 19:50:24,100020,order-only-004522,,18507.79,paid
6174,2026-07-29 02:36:47,101001,order-only-004523,PROMO117,24571,paid
6175,2026-07-02 06:42:58,104469,order-only-004524,PROMO030,2634.57,paid
6176,2026-07-07 20:05:07,103322,order-only-004525,,19567.09,paid
6177,2026-07-09 16:43:15,103713,order-only-004526,,19088.6,paid
6178,2026-07-29 11:59:57,100720,order-only-004527,,17507.5,paid
6179,2026-07-19 18:48:06,100454,order-only-004528,,22138.46,completed
6180,2026-07-29 01:43:29,101138,order-only-004529,,4602.34,completed
6181,2026-07-26 13:05:29,103760,order-only-004530,,16995.21,created
6182,2026-07-27 22:36:55,104092,order-only-004531,,9917.54,paid
6183,2026-07-29 11:55:03,100101,order-only-004532,,10650.79,created
6184,2026-07-03 15:27:35,103731,order-only-004533,,13692.9,paid
6185,2026-07-10 22:02:47,101044,order-only-004534,,19814.38,created
6186,2026-07-27 15:16:05,100977,order-only-004535,,13971.09,completed
6187,2026-07-06 16:59:14,102089,order-only-004536,PROMO068,10992.04,created
6188,2026-07-06 22:35:26,100619,order-only-004537,,11120.49,completed
6189,2026-07-22 20:12:10,100835,order-only-004538,,15771.75,paid
6190,2026-07-29 12:13:31,100173,order-only-004539,PROMO112,16367.17,cancelled
6191,2026-07-02 12:05:13,101317,order-only-004540,,10043.91,paid
6192,2026-07-07 12:07:24,103553,order-only-004541,,19403.81,completed
6193,2026-07-30 03:06:52,100899,order-only-004542,,1936.52,paid
6194,2026-07-22 03:04:08,104011,order-only-004543,PROMO050,18093.28,paid
6195,2026-07-16 19:13:51,101348,order-only-004544,PROMO045,4006.82,paid
6196,2026-07-30 20:51:18,100518,order-only-004545,PROMO088,5151.02,cancelled
6197,2026-07-20 17:53:01,104226,order-only-004546,,4504.83,completed
6198,2026-07-27 16:29:04,101311,order-only-004547,,14042.78,paid
6199,2026-07-28 06:07:51,100998,order-only-004548,PROMO028,11923.86,paid
6200,2026-07-27 13:40:23,103461,order-only-004549,PROMO004,5904.9,completed
6201,2026-07-28 09:19:19,100054,order-only-004550,,4256.85,paid
6202,2026-07-18 16:40:18,103129,order-only-004551,,2420.63,paid
6203,2026-07-14 04:44:31,103179,order-only-004552,,21825.94,cancelled
6204,2026-07-08 08:04:01,100090,order-only-004553,,24708.16,cancelled
6205,2026-07-09 05:25:19,104388,order-only-004554,,24473.02,paid
6206,2026-07-17 12:08:01,104138,order-only-004555,,5232.31,completed
6207,2026-07-09 16:42:01,100145,order-only-004556,,19654.94,cancelled
6208,2026-07-26 04:39:45,101635,order-only-004557,PROMO085,8425.53,cancelled
6209,2026-07-11 04:48:36,102630,order-only-004558,PROMO009,15240.56,created
6210,2026-07-27 21:08:01,100954,order-only-004559,,4977.56,paid
6211,2026-07-31 13:08:59,103419,order-only-004560,,4792.94,completed
6212,2026-07-28 10:46:42,103890,order-only-004561,,18145.27,completed
6213,2026-07-04 12:08:26,103417,order-only-004562,,19952.88,cancelled
6214,2026-07-11 04:05:30,101047,order-only-004563,,15046.52,completed
6215,2026-07-10 10:59:41,102740,order-only-004564,PROMO015,8826.5,completed
6216,2026-07-01 03:30:35,102478,order-only-004565,,1803.56,completed
6217,2026-07-14 05:15:16,104241,order-only-004566,,20051.06,cancelled
6218,2026-07-17 10:38:00,103507,order-only-004567,PROMO001,12306.2,paid
6219,2026-07-04 22:59:57,100017,order-only-004568,,14377.46,completed
6220,2026-07-19 13:26:20,102810,order-only-004569,,23356.65,cancelled
6221,2026-07-24 13:15:09,103840,order-only-004570,,18510.84,created
6222,2026-07-09 07:40:16,103888,order-only-004571,,11274.19,cancelled
6223,2026-07-31 13:41:24,100196,order-only-004572,PROMO098,1542.01,completed
6224,2026-07-03 03:56:50,100482,order-only-004573,PROMO113,18957.9,paid
6225,2026-07-17 00:55:15,102906,order-only-004574,,18350.39,created
6226,2026-07-09 14:25:32,103885,order-only-004575,PROMO020,21385.03,cancelled
6227,2026-07-11 08:58:10,104490,order-only-004576,,22763.71,paid
6228,2026-07-08 23:42:44,101957,order-only-004577,,24356.94,created
6229,2026-07-22 16:13:13,102004,order-only-004578,,14804.53,cancelled
6230,2026-07-23 11:50:30,103853,order-only-004579,PROMO091,15638.78,completed
6231,2026-07-20 20:36:07,104212,order-only-004580,,18373.32,completed
6232,2026-07-10 16:06:13,103056,order-only-004581,PROMO042,13722.62,paid
6233,2026-07-31 18:15:14,103914,order-only-004582,PROMO027,8881.15,created
6234,2026-07-15 01:51:51,102661,order-only-004583,PROMO015,19627.06,cancelled
6235,2026-07-16 03:25:08,104248,order-only-004584,PROMO036,9009.67,created
6236,2026-07-10 06:41:52,100779,order-only-004585,,9428.42,completed
6237,2026-07-03 21:08:34,101053,order-only-004586,PROMO093,1235.37,paid
6238,2026-07-02 18:05:26,103352,order-only-004587,,5867.1,paid
6239,2026-07-23 15:46:35,104752,order-only-004588,,18296,cancelled
6240,2026-07-09 03:58:17,101379,order-only-004589,,1264.75,completed
6241,2026-07-27 21:11:38,102461,order-only-004590,,13071.03,paid
6242,2026-07-20 17:54:11,100641,order-only-004591,PROMO020,12214.73,paid
6243,2026-07-05 23:42:45,103319,order-only-004592,,7106.37,paid
6244,2026-07-13 05:43:53,101170,order-only-004593,,19379.4,paid
6245,2026-07-03 04:41:31,100729,order-only-004594,,6326.27,paid
6246,2026-07-25 19:07:27,103489,order-only-004595,,24706.4,completed
6247,2026-07-02 17:34:43,100983,order-only-004596,PROMO096,5816.04,paid
6248,2026-07-31 21:30:11,101910,order-only-004597,,17882.32,paid
6249,2026-07-05 02:13:43,104288,order-only-004598,PROMO009,2350.88,cancelled
6250,2026-07-02 07:08:23,102563,order-only-004599,PROMO073,11554.34,completed
6251,2026-07-25 00:43:31,101941,order-only-004600,,17635.41,paid
6252,2026-07-21 20:01:55,100705,order-only-004601,PROMO105,11515.15,paid
6253,2026-07-18 03:34:04,100342,order-only-004602,,6501.72,completed
6254,2026-07-27 18:54:32,101700,order-only-004603,,18544.18,cancelled
6255,2026-07-04 09:16:00,103322,order-only-004604,,10401.51,paid
6256,2026-07-15 00:32:52,100791,order-only-004605,,24836.19,paid
6257,2026-07-28 17:17:06,103508,order-only-004606,,4816.04,paid
6258,2026-07-09 07:04:50,103800,order-only-004607,PROMO069,23773.49,paid
6259,2026-07-29 11:13:05,100771,order-only-004608,,8221.85,cancelled
6260,2026-07-03 23:16:51,100313,order-only-004609,PROMO102,22427.52,cancelled
6261,2026-07-16 22:22:56,103198,order-only-004610,,23011.15,paid
6262,2026-07-31 13:09:24,104321,order-only-004611,PROMO056,5396.98,paid
6263,2026-07-23 08:05:57,104285,order-only-004612,,15027.72,paid
6264,2026-07-08 19:18:55,103819,order-only-004613,,4930.81,completed
6265,2026-07-02 02:15:12,104885,order-only-004614,,2980.07,paid
6266,2026-07-20 17:32:23,101747,order-only-004615,,9345.85,paid
6267,2026-07-25 02:21:45,100014,order-only-004616,,16670.38,cancelled
6268,2026-07-17 23:20:51,100868,order-only-004617,,15629.3,created
6269,2026-07-21 14:40:00,104559,order-only-004618,,12848.35,created
6270,2026-07-12 00:34:01,100525,order-only-004619,,3423.59,cancelled
6271,2026-07-17 05:36:17,104576,order-only-004620,,12316.8,completed
6272,2026-07-09 08:43:59,101244,order-only-004621,,24459.96,paid
6273,2026-07-19 11:17:08,104568,order-only-004622,PROMO087,21019.01,completed
6274,2026-07-24 08:58:02,100077,order-only-004623,,15310.19,completed
6275,2026-07-06 03:05:48,100183,order-only-004624,,2631.62,created
6276,2026-07-27 08:36:43,100690,order-only-004625,,2170.76,paid
6277,2026-07-24 02:49:12,103116,order-only-004626,,21641.79,completed
6278,2026-07-19 06:55:12,102720,order-only-004627,,997.77,cancelled
6279,2026-07-12 08:02:21,102066,order-only-004628,PROMO081,8098.63,paid
6280,2026-07-18 01:21:57,100664,order-only-004629,PROMO054,1903.79,paid
6281,2026-07-16 22:00:00,102200,order-only-004630,,9515.69,paid
6282,2026-07-03 00:14:13,103983,order-only-004631,,767.48,completed
6283,2026-07-12 13:21:38,104384,order-only-004632,,17712.85,paid
6284,2026-07-02 10:09:54,103476,order-only-004633,,4821.28,paid
6285,2026-07-05 02:14:18,102984,order-only-004634,PROMO100,6731.6,created
6286,2026-07-29 17:09:00,102225,order-only-004635,,19417.08,completed
6287,2026-07-10 08:02:39,104423,order-only-004636,PROMO099,13733.59,completed
6288,2026-07-30 06:39:35,102413,order-only-004637,,4797.42,completed
6289,2026-07-20 00:36:05,104233,order-only-004638,,5287.87,completed
6290,2026-07-27 01:07:35,101895,order-only-004639,,17396.36,completed
6291,2026-07-10 12:51:26,100844,order-only-004640,,4369.87,paid
6292,2026-07-04 04:01:38,100652,order-only-004641,,2657.44,created
6293,2026-07-04 06:06:21,101136,order-only-004642,,9529.32,paid
6294,2026-07-17 14:26:55,102025,order-only-004643,PROMO040,19821.42,completed
6295,2026-07-14 05:59:23,103693,order-only-004644,,2029.07,paid
6296,2026-07-10 14:22:21,100411,order-only-004645,,15971.71,paid
6297,2026-07-08 08:48:58,100216,order-only-004646,,24564.38,paid
6298,2026-07-19 19:10:31,103749,order-only-004647,,21575.94,completed
6299,2026-07-16 20:26:04,100757,order-only-004648,,17385.77,paid
6300,2026-07-30 18:35:53,102782,order-only-004649,PROMO111,4430.65,paid
6301,2026-07-29 15:21:47,104701,order-only-004650,PROMO078,14588.63,paid
6302,2026-07-08 16:40:39,101460,order-only-004651,,9706.16,cancelled
6303,2026-07-04 18:00:54,103277,order-only-004652,,21512.27,cancelled
6304,2026-07-31 09:24:28,102146,order-only-004653,,23168.44,completed
6305,2026-07-26 23:43:22,103580,order-only-004654,PROMO117,20561.68,paid
6306,2026-07-13 13:40:04,100252,order-only-004655,,6251.63,paid
6307,2026-07-08 12:17:52,104923,order-only-004656,PROMO004,1107.36,cancelled
6308,2026-07-10 10:16:57,100333,order-only-004657,,3105.08,paid
6309,2026-07-10 10:55:14,101904,order-only-004658,,14755.93,completed
6310,2026-07-27 06:56:46,102594,order-only-004659,,7986.9,paid
6311,2026-07-29 08:26:19,100246,order-only-004660,PROMO064,15479.46,completed
6312,2026-07-17 11:51:25,101812,order-only-004661,,21332.86,paid
6313,2026-07-30 13:23:04,104684,order-only-004662,PROMO117,2973.26,paid
6314,2026-07-04 06:00:12,101558,order-only-004663,,16427.69,completed
6315,2026-07-22 06:13:08,100267,order-only-004664,PROMO006,24588.76,completed
6316,2026-07-21 10:10:08,103448,order-only-004665,,22016.51,paid
6317,2026-07-18 19:35:33,104271,order-only-004666,,12455.03,created
6318,2026-07-26 08:39:33,101081,order-only-004667,,414.19,completed
6319,2026-07-29 23:11:30,103021,order-only-004668,,5356.97,cancelled
6320,2026-07-15 11:24:22,100715,order-only-004669,,16237.51,completed
6321,2026-07-21 02:08:35,102194,order-only-004670,PROMO025,14261.86,completed
6322,2026-07-05 08:43:45,101614,order-only-004671,,15493.06,paid
6323,2026-07-29 20:43:15,103122,order-only-004672,,11094.94,cancelled
6324,2026-07-11 09:26:11,101897,order-only-004673,,3712.47,paid
6325,2026-07-10 13:23:40,101567,order-only-004674,PROMO092,21298.49,paid
6326,2026-07-10 13:25:11,101915,order-only-004675,,19659.86,cancelled
6327,2026-07-01 13:53:48,104644,order-only-004676,PROMO070,12624.34,cancelled
6328,2026-07-12 11:07:49,104096,order-only-004677,,8695.09,paid
6329,2026-07-24 17:33:23,100717,order-only-004678,,23475.05,completed
6330,2026-07-25 02:32:36,101953,order-only-004679,,17696.52,created
6331,2026-07-12 19:55:54,103041,order-only-004680,,16373.29,paid
6332,2026-07-28 03:16:19,102751,order-only-004681,PROMO077,6895.99,paid
6333,2026-07-25 04:16:55,101613,order-only-004682,,13610.21,completed
6334,2026-07-12 18:23:45,103070,order-only-004683,PROMO001,24926.28,paid
6335,2026-07-30 18:59:01,101361,order-only-004684,PROMO025,18393.06,paid
6336,2026-07-29 16:52:16,100313,order-only-004685,,20631.21,paid
6337,2026-07-18 01:38:59,104476,order-only-004686,,23947.79,cancelled
6338,2026-07-18 07:53:25,102684,order-only-004687,PROMO105,3367.42,cancelled
6339,2026-07-31 07:29:48,104195,order-only-004688,,13896.68,paid
6340,2026-07-04 22:20:48,103899,order-only-004689,PROMO094,23914.48,paid
6341,2026-07-09 17:55:11,103564,order-only-004690,,10448.83,cancelled
6342,2026-07-27 08:27:32,100127,order-only-004691,,13866.08,paid
6343,2026-07-12 16:11:19,100509,order-only-004692,,22848.7,created
6344,2026-07-17 19:54:20,100463,order-only-004693,PROMO052,6380.12,paid
6345,2026-07-25 00:28:17,103473,order-only-004694,,10556.86,cancelled
6346,2026-07-04 03:57:53,101184,order-only-004695,,20418.2,paid
6347,2026-07-22 23:17:15,101067,order-only-004696,,3256.39,completed
6348,2026-07-22 04:00:29,100661,order-only-004697,,12178.16,paid
6349,2026-07-13 00:58:51,101865,order-only-004698,PROMO086,2990.44,completed
6350,2026-07-10 21:06:18,104148,order-only-004699,,707.8,paid
6351,2026-07-23 23:13:29,100173,order-only-004700,PROMO067,18572.51,paid
6352,2026-07-02 12:45:26,102671,order-only-004701,,14260.16,paid
6353,2026-07-11 08:18:19,103294,order-only-004702,,3335.04,completed
6354,2026-07-31 15:54:40,103165,order-only-004703,,9955.8,paid
6355,2026-07-30 02:06:57,101748,order-only-004704,,22980.7,created
6356,2026-07-29 18:00:47,101383,order-only-004705,,18357.34,completed
6357,2026-07-16 10:56:13,104309,order-only-004706,,5410.39,completed
6358,2026-07-27 06:01:13,104276,order-only-004707,,5339.46,completed
6359,2026-07-05 04:23:13,102732,order-only-004708,,6279.69,completed
6360,2026-07-06 15:08:42,103037,order-only-004709,PROMO092,23635.91,completed
6361,2026-07-14 15:20:29,101379,order-only-004710,,6252.48,completed
6362,2026-07-04 01:58:51,100487,order-only-004711,PROMO062,12608.32,completed
6363,2026-07-01 07:01:30,101124,order-only-004712,,18856.89,cancelled
6364,2026-07-12 04:56:23,104429,order-only-004713,,3546.29,cancelled
6365,2026-07-16 02:40:04,103076,order-only-004714,,23002.38,completed
6366,2026-07-16 16:22:17,102427,order-only-004715,,4072.53,cancelled
6367,2026-07-16 04:27:24,102343,order-only-004716,,21380.84,cancelled
6368,2026-07-25 08:36:05,103715,order-only-004717,,5823.39,created
6369,2026-07-28 20:39:24,102948,order-only-004718,,9985.19,paid
6370,2026-07-06 00:24:36,103649,order-only-004719,,20989.84,completed
6371,2026-07-15 16:37:58,104292,order-only-004720,,13864.23,cancelled
6372,2026-07-15 06:15:19,103445,order-only-004721,PROMO029,10832,paid
6373,2026-07-14 05:02:27,102529,order-only-004722,,3440.2,paid
6374,2026-07-08 10:09:02,102985,order-only-004723,,17087.17,cancelled
6375,2026-07-03 16:41:04,101756,order-only-004724,PROMO054,3541.11,paid
6376,2026-07-21 05:12:37,103142,order-only-004725,,16234.23,cancelled
6377,2026-07-26 09:26:31,100867,order-only-004726,,2101.31,paid
6378,2026-07-31 23:22:25,104596,order-only-004727,PROMO063,15711.29,paid
6379,2026-07-21 21:01:50,102708,order-only-004728,PROMO052,15532.01,paid
6380,2026-07-20 12:18:55,102203,order-only-004729,,15030.57,cancelled
6381,2026-07-12 13:35:07,100753,order-only-004730,,15946.06,created
6382,2026-07-27 14:52:55,101065,order-only-004731,,17785.23,created
6383,2026-07-27 20:07:59,102797,order-only-004732,PROMO095,17574.58,completed
6384,2026-07-25 00:01:16,102518,order-only-004733,,2228.24,created
6385,2026-07-20 16:49:04,102215,order-only-004734,,5848.93,completed
6386,2026-07-18 10:35:05,104345,order-only-004735,,20525.56,completed
6387,2026-07-12 18:23:19,104808,order-only-004736,,22423.81,paid
6388,2026-07-25 21:27:40,104886,order-only-004737,PROMO070,20669.64,created
6389,2026-07-04 16:26:24,102384,order-only-004738,PROMO030,10293.39,paid
6390,2026-07-31 11:06:30,103668,order-only-004739,,7060.11,cancelled
6391,2026-07-01 17:32:51,103595,order-only-004740,PROMO026,14466.04,cancelled
6392,2026-07-12 21:37:28,102032,order-only-004741,,4983.82,completed
6393,2026-07-25 06:49:17,102583,order-only-004742,,8913.46,created
6394,2026-07-28 13:08:45,101409,order-only-004743,PROMO102,6752.68,cancelled
6395,2026-07-23 19:43:30,102220,order-only-004744,PROMO043,5625.01,paid
6396,2026-07-01 10:46:14,104837,order-only-004745,,8642.87,completed
6397,2026-07-30 14:44:58,100334,order-only-004746,,6372.66,paid
6398,2026-07-29 13:17:53,102997,order-only-004747,PROMO032,9776.5,cancelled
6399,2026-07-19 04:04:05,102968,order-only-004748,PROMO047,2493.22,paid
6400,2026-07-14 18:55:19,103123,order-only-004749,,1044.7,completed
6401,2026-07-08 05:47:54,103063,order-only-004750,PROMO080,16436.77,paid
6402,2026-07-30 03:51:09,101858,order-only-004751,PROMO027,14938.52,cancelled
6403,2026-07-13 12:33:07,100361,order-only-004752,PROMO119,19969.32,completed
6404,2026-07-07 13:26:41,100264,order-only-004753,,2745.56,paid
6405,2026-07-27 10:41:29,100804,order-only-004754,PROMO098,22084.44,paid
6406,2026-07-16 19:21:23,103338,order-only-004755,,19444.63,created
6407,2026-07-25 09:12:05,100572,order-only-004756,,14603.63,completed
6408,2026-07-31 02:28:05,100845,order-only-004757,,20348.06,paid
6409,2026-07-04 17:09:17,103184,order-only-004758,PROMO115,2503.74,cancelled
6410,2026-07-17 20:49:21,104324,order-only-004759,,23483.81,paid
6411,2026-07-29 00:28:02,103134,order-only-004760,,11239.68,cancelled
6412,2026-07-12 08:54:33,101922,order-only-004761,,24980.34,paid
6413,2026-07-16 06:03:36,104375,order-only-004762,,7155.1,cancelled
6414,2026-07-05 02:28:37,103118,order-only-004763,PROMO080,23431.57,paid
6415,2026-07-03 03:11:32,100652,order-only-004764,,2266.8,paid
6416,2026-07-09 20:09:59,104486,order-only-004765,PROMO115,23993.03,created
6417,2026-07-16 00:11:39,101336,order-only-004766,PROMO083,6246.35,cancelled
6418,2026-07-06 14:59:03,101868,order-only-004767,,6171.41,completed
6419,2026-07-25 10:19:37,101125,order-only-004768,,17955.49,paid
6420,2026-07-01 01:33:06,100079,order-only-004769,PROMO120,341.15,paid
6421,2026-07-03 05:42:47,101563,order-only-004770,,10085.89,paid
6422,2026-07-07 04:22:08,101916,order-only-004771,,7865.99,paid
6423,2026-07-31 02:38:29,101994,order-only-004772,PROMO032,24629.21,completed
6424,2026-07-25 19:40:22,101500,order-only-004773,PROMO079,24846.59,created
6425,2026-07-11 12:22:10,101761,order-only-004774,,23930.45,paid
6426,2026-07-01 11:30:39,104828,order-only-004775,,15852.09,completed
6427,2026-07-15 07:40:31,101695,order-only-004776,,19291.5,created
6428,2026-07-06 03:25:31,100590,order-only-004777,,911.45,paid
6429,2026-07-12 07:45:39,102567,order-only-004778,,23406.8,cancelled
6430,2026-07-01 07:36:34,101353,order-only-004779,,13379.39,cancelled
6431,2026-07-27 23:36:46,100344,order-only-004780,,18979.83,completed
6432,2026-07-17 13:15:59,104003,order-only-004781,,2097.67,paid
6433,2026-07-20 09:43:40,102008,order-only-004782,,7286.29,paid
6434,2026-07-22 12:18:29,104266,order-only-004783,,15273.25,cancelled
6435,2026-07-10 19:47:58,103090,order-only-004784,PROMO062,939.94,created
6436,2026-07-25 21:42:51,101398,order-only-004785,,18874.03,completed
6437,2026-07-05 01:52:47,101571,order-only-004786,,20507.96,paid
6438,2026-07-03 14:45:38,102955,order-only-004787,,11184.09,cancelled
6439,2026-07-22 03:18:13,100342,order-only-004788,PROMO043,4691.31,cancelled
6440,2026-07-19 02:45:38,101878,order-only-004789,PROMO084,12847.94,paid
6441,2026-07-23 20:16:17,103442,order-only-004790,,10786.2,paid
6442,2026-07-05 03:30:59,102993,order-only-004791,,23764.08,created
6443,2026-07-24 21:52:42,102102,order-only-004792,PROMO096,24310,completed
6444,2026-07-08 13:55:59,103089,order-only-004793,,22217.36,completed
6445,2026-07-28 07:54:35,104967,order-only-004794,,20661.04,paid
6446,2026-07-02 13:14:31,101439,order-only-004795,,5322.88,cancelled
6447,2026-07-08 12:19:41,101492,order-only-004796,,16190.73,paid
6448,2026-07-19 22:25:49,104068,order-only-004797,,8555.79,cancelled
6449,2026-07-11 05:53:29,104103,order-only-004798,PROMO072,22017.39,paid
6450,2026-07-02 20:17:16,100696,order-only-004799,,16604.45,paid
6451,2026-07-21 21:29:32,103127,order-only-004800,,15463.78,paid
6452,2026-07-30 12:07:50,100100,order-only-004801,PROMO101,18292.34,paid
6453,2026-07-16 02:30:00,101902,order-only-004802,,16302.22,cancelled
6454,2026-07-20 21:14:04,102508,order-only-004803,,4253.18,completed
6455,2026-07-02 19:37:21,100593,order-only-004804,,10058.6,completed
6456,2026-07-24 07:53:53,100428,order-only-004805,PROMO071,1790.82,paid
6457,2026-07-17 06:43:58,102764,order-only-004806,,20513.94,completed
6458,2026-07-02 01:13:02,103033,order-only-004807,PROMO064,22352.74,completed
6459,2026-07-02 23:42:00,102054,order-only-004808,,20238.99,completed
6460,2026-07-27 06:30:43,100823,order-only-004809,,12442.64,completed
6461,2026-07-03 17:11:10,103706,order-only-004810,,5684.91,paid
6462,2026-07-11 19:01:37,102318,order-only-004811,PROMO100,16200.29,completed
6463,2026-07-04 23:03:39,100384,order-only-004812,PROMO045,17777.88,paid
6464,2026-07-14 13:26:42,103971,order-only-004813,,19525.22,cancelled
6465,2026-07-24 20:30:00,103349,order-only-004814,PROMO101,4316.33,paid
6466,2026-07-05 09:24:10,104970,order-only-004815,PROMO064,5958.69,created
6467,2026-07-13 05:18:32,104162,order-only-004816,,9425.12,paid
6468,2026-07-31 02:00:43,101999,order-only-004817,,20232.44,completed
6469,2026-07-13 23:24:45,102018,order-only-004818,PROMO013,22392.3,cancelled
6470,2026-07-27 23:40:15,104508,order-only-004819,,16271.87,completed
6471,2026-07-12 19:06:38,104617,order-only-004820,,1632.1,paid
6472,2026-07-04 09:04:23,101808,order-only-004821,PROMO078,12217.23,completed
6473,2026-07-12 05:22:18,100383,order-only-004822,,11078.81,cancelled
6474,2026-07-01 17:53:32,100957,order-only-004823,,16494.82,paid
6475,2026-07-15 07:28:38,103008,order-only-004824,PROMO030,12302.79,cancelled
6476,2026-07-21 09:55:31,102350,order-only-004825,,10527.86,completed
6477,2026-07-25 15:23:44,101782,order-only-004826,PROMO042,20596.43,cancelled
6478,2026-07-11 05:35:37,104545,order-only-004827,,7920.52,paid
6479,2026-07-12 15:18:29,101589,order-only-004828,PROMO003,4164.38,paid
6480,2026-07-16 11:00:44,104470,order-only-004829,PROMO095,4043.91,cancelled
6481,2026-07-03 21:18:31,103010,order-only-004830,,9945.77,cancelled
6482,2026-07-04 00:39:55,101196,order-only-004831,,6337.4,paid
6483,2026-07-12 00:42:49,101096,order-only-004832,,23863.71,paid
6484,2026-07-15 02:52:13,104962,order-only-004833,PROMO052,23298.91,created
6485,2026-07-17 15:37:14,100137,order-only-004834,,23636.56,paid
6486,2026-07-20 05:07:02,104210,order-only-004835,,463.7,cancelled
6487,2026-07-29 15:12:20,103270,order-only-004836,PROMO045,3087.89,paid
6488,2026-07-06 22:31:38,101634,order-only-004837,PROMO074,9551.14,paid
6489,2026-07-25 22:43:11,104336,order-only-004838,,20564.3,completed
6490,2026-07-18 17:38:59,103703,order-only-004839,,7328.55,completed
6491,2026-07-29 14:13:39,102376,order-only-004840,,22290.54,paid
6492,2026-07-22 20:47:32,104351,order-only-004841,PROMO076,6231.7,paid
6493,2026-07-13 07:25:08,102023,order-only-004842,PROMO027,24037.71,completed
6494,2026-07-19 07:14:29,101262,order-only-004843,PROMO017,22165.97,cancelled
6495,2026-07-31 13:41:17,100702,order-only-004844,,22640.32,paid
6496,2026-07-08 08:27:27,104505,order-only-004845,PROMO023,22587.21,completed
6497,2026-07-04 00:23:32,104255,order-only-004846,,21363.04,paid
6498,2026-07-11 11:11:09,102080,order-only-004847,,5946.9,paid
6499,2026-07-20 12:34:34,101511,order-only-004848,,16297.76,paid
6500,2026-07-26 00:38:46,101361,order-only-004849,,11343.67,cancelled
6501,2026-07-23 04:43:19,103512,order-only-004850,,1098.74,completed
6502,2026-07-18 12:40:37,103204,order-only-004851,,20395.07,cancelled
6503,2026-07-29 01:33:33,103042,order-only-004852,PROMO007,24101.72,paid
6504,2026-07-23 16:39:43,103518,order-only-004853,,5028.15,paid
6505,2026-07-16 08:58:01,103070,order-only-004854,,23668.39,completed
6506,2026-07-03 16:49:07,104631,order-only-004855,PROMO074,813.12,paid
6507,2026-07-16 02:16:06,102293,order-only-004856,,21731.88,completed
6508,2026-07-20 03:35:50,104409,order-only-004857,,5651.04,created
6509,2026-07-22 16:11:49,101579,order-only-004858,,3756.21,paid
6510,2026-07-10 10:11:17,101616,order-only-004859,PROMO041,24794.29,completed
6511,2026-07-17 11:14:21,103761,order-only-004860,,8972.26,paid
6512,2026-07-02 02:17:33,103968,order-only-004861,,18282.51,paid
6513,2026-07-11 03:44:38,102711,order-only-004862,PROMO077,16079.75,paid
6514,2026-07-04 19:31:08,102656,order-only-004863,PROMO068,9410.16,created
6515,2026-07-16 12:04:23,100434,order-only-004864,,8907.35,paid
6516,2026-07-04 21:43:50,100710,order-only-004865,PROMO113,1284.95,completed
6517,2026-07-27 18:06:04,100215,order-only-004866,,15401.03,created
6518,2026-07-04 23:04:03,100968,order-only-004867,PROMO059,18735.75,cancelled
6519,2026-07-23 14:16:11,104185,order-only-004868,,9319.01,created
6520,2026-07-14 03:55:49,100159,order-only-004869,,16305.94,paid
6521,2026-07-11 22:42:36,101555,order-only-004870,,3406.53,created
6522,2026-07-04 21:31:02,104124,order-only-004871,,14987.4,paid
6523,2026-07-11 07:25:46,101749,order-only-004872,,5727.46,created
6524,2026-07-21 07:26:34,101898,order-only-004873,PROMO008,4321.47,paid
6525,2026-07-22 22:35:49,101289,order-only-004874,,8376.25,created
6526,2026-07-01 05:52:34,101596,order-only-004875,,383.23,paid
6527,2026-07-16 04:41:06,104951,order-only-004876,PROMO048,16685.65,completed
6528,2026-07-29 03:24:42,103772,order-only-004877,,24919.16,created
6529,2026-07-21 12:27:19,101656,order-only-004878,PROMO004,13631.24,completed
6530,2026-07-02 13:55:25,102855,order-only-004879,PROMO060,24089.4,paid
6531,2026-07-23 12:54:23,101255,order-only-004880,,16346.78,created
6532,2026-07-23 07:10:38,102125,order-only-004881,,7915.75,paid
6533,2026-07-11 15:24:01,104532,order-only-004882,PROMO047,16643.39,completed
6534,2026-07-28 17:42:31,100403,order-only-004883,,3941.92,completed
6535,2026-07-16 10:04:18,103917,order-only-004884,,16934.22,paid
6536,2026-07-23 08:03:42,101207,order-only-004885,,3307.36,paid
6537,2026-07-25 03:44:40,101903,order-only-004886,PROMO062,19815.4,cancelled
6538,2026-07-17 21:06:51,102356,order-only-004887,PROMO022,9572.36,cancelled
6539,2026-07-02 11:44:17,104098,order-only-004888,PROMO115,6502.77,cancelled
6540,2026-07-01 17:16:14,102701,order-only-004889,,12830.58,completed
6541,2026-07-08 23:35:04,101058,order-only-004890,PROMO027,11943.68,paid
6542,2026-07-09 23:22:01,103059,order-only-004891,,15316.87,created
6543,2026-07-30 07:25:03,101834,order-only-004892,PROMO044,13923.1,created
6544,2026-07-12 22:03:24,100567,order-only-004893,,817.59,completed
6545,2026-07-26 20:26:33,104956,order-only-004894,,8607.45,created
6546,2026-07-27 01:23:14,104551,order-only-004895,PROMO017,16140.42,completed
6547,2026-07-02 04:06:14,102537,order-only-004896,,13024.69,cancelled
6548,2026-07-01 14:41:18,103461,order-only-004897,,1359.71,created
6549,2026-07-02 14:21:57,101901,order-only-004898,PROMO010,2637.17,completed
6550,2026-07-21 02:17:06,103388,order-only-004899,PROMO029,13396.41,completed
6551,2026-07-07 11:34:48,100676,order-only-004900,,18675.89,completed
6552,2026-07-15 14:45:49,102347,order-only-004901,,6091.24,cancelled
6553,2026-07-12 14:19:01,100174,order-only-004902,,14758.11,paid
6554,2026-07-29 18:48:10,104130,order-only-004903,PROMO066,13876.72,paid
6555,2026-07-11 18:36:19,100020,order-only-004904,,21844.04,paid
6556,2026-07-05 09:04:25,104222,order-only-004905,PROMO060,21297.52,completed
6557,2026-07-29 08:53:50,102843,order-only-004906,,3646.1,completed
6558,2026-07-02 23:12:20,103393,order-only-004907,PROMO023,13928.18,paid
6559,2026-07-21 00:28:27,101318,order-only-004908,,23754.91,completed
6560,2026-07-20 23:00:27,100215,order-only-004909,,6413.97,paid
6561,2026-07-03 15:57:56,100418,order-only-004910,,22215,completed
6562,2026-07-06 09:54:47,104111,order-only-004911,,11543.14,cancelled
6563,2026-07-12 00:45:25,103683,order-only-004912,PROMO049,21094.75,cancelled
6564,2026-07-14 18:54:42,103871,order-only-004913,,21482.03,cancelled
6565,2026-07-22 11:53:42,103744,order-only-004914,PROMO077,22796.57,cancelled
6566,2026-07-20 21:18:02,100478,order-only-004915,,4415.77,completed
6567,2026-07-14 12:44:22,102691,order-only-004916,PROMO003,1277.56,paid
6568,2026-07-07 11:19:05,104573,order-only-004917,,21899.15,completed
6569,2026-07-08 10:58:39,103329,order-only-004918,PROMO023,19614.1,completed
6570,2026-07-27 09:21:48,101963,order-only-004919,PROMO120,11631.64,completed
6571,2026-07-01 10:08:41,100460,order-only-004920,,10127.76,paid
6572,2026-07-13 02:12:44,104102,order-only-004921,,12839.25,cancelled
6573,2026-07-16 18:36:58,101167,order-only-004922,,4313.14,cancelled
6574,2026-07-03 21:54:58,101258,order-only-004923,PROMO058,9546.78,completed
6575,2026-07-13 19:09:00,102588,order-only-004924,,4264.39,created
6576,2026-07-02 23:11:37,100328,order-only-004925,,2337.33,cancelled
6577,2026-07-01 09:31:33,102843,order-only-004926,PROMO068,2018.41,completed
6578,2026-07-26 06:52:40,101164,order-only-004927,,17907.09,completed
6579,2026-07-01 17:26:27,104324,order-only-004928,,17659.9,completed
6580,2026-07-15 20:42:02,101530,order-only-004929,PROMO015,7282.75,completed
6581,2026-07-27 20:45:17,104164,order-only-004930,,13925.7,paid
6582,2026-07-09 18:49:09,101911,order-only-004931,,13640.63,paid
6583,2026-07-30 02:11:33,102368,order-only-004932,PROMO109,23618.89,completed
6584,2026-07-16 02:55:13,102536,order-only-004933,,6341.68,completed
6585,2026-07-01 21:53:21,102021,order-only-004934,,19110.24,paid
6586,2026-07-03 21:05:16,104948,order-only-004935,,4028.97,paid
6587,2026-07-25 09:46:06,100932,order-only-004936,,19321.4,completed
6588,2026-07-12 16:47:04,100115,order-only-004937,PROMO078,16137.97,cancelled
6589,2026-07-30 13:11:08,100831,order-only-004938,PROMO045,14469.48,completed
6590,2026-07-20 06:16:13,100321,order-only-004939,,6842.32,paid
6591,2026-07-03 10:45:32,104479,order-only-004940,,6225.56,paid
6592,2026-07-17 15:49:18,103789,order-only-004941,,4345.83,paid
6593,2026-07-02 22:55:35,103418,order-only-004942,,24173.93,completed
6594,2026-07-13 06:06:32,103858,order-only-004943,,4839.35,cancelled
6595,2026-07-15 04:21:43,103594,order-only-004944,,7251.91,paid
6596,2026-07-20 11:17:18,104893,order-only-004945,PROMO077,19967.5,paid
6597,2026-07-26 06:18:06,104977,order-only-004946,,2580.43,completed
6598,2026-07-22 06:50:36,101691,order-only-004947,,9507.68,paid
6599,2026-07-14 07:56:46,102468,order-only-004948,,17897.86,completed
6600,2026-07-10 01:44:30,101842,order-only-004949,PROMO038,4386.66,created
6601,2026-07-04 01:26:09,104466,order-only-004950,,16291.37,paid
6602,2026-07-24 10:47:06,102347,order-only-004951,,12080.47,paid
6603,2026-07-29 14:35:54,103495,order-only-004952,PROMO107,21264.89,paid
6604,2026-07-14 11:58:00,102753,order-only-004953,,21423.72,cancelled
6605,2026-07-20 09:25:42,103592,order-only-004954,,722.53,paid
6606,2026-07-07 03:58:51,102736,order-only-004955,,10791.1,completed
6607,2026-07-20 07:07:43,102095,order-only-004956,,18151.96,created
6608,2026-07-28 07:38:26,101189,order-only-004957,PROMO098,14201.12,paid
6609,2026-07-16 12:44:34,102332,order-only-004958,,15363.36,cancelled
6610,2026-07-22 11:12:13,101081,order-only-004959,PROMO057,21408.5,paid
6611,2026-07-09 01:30:03,102665,order-only-004960,PROMO093,13202.54,completed
6612,2026-07-25 08:39:24,101680,order-only-004961,PROMO050,21494,paid
6613,2026-07-02 19:38:38,104060,order-only-004962,PROMO023,3360.37,completed
6614,2026-07-07 03:42:04,101651,order-only-004963,,3386.86,completed
6615,2026-07-13 16:05:40,101401,order-only-004964,,13609.67,cancelled
6616,2026-07-28 14:00:44,104657,order-only-004965,,12677.59,completed
6617,2026-07-13 13:24:43,103460,order-only-004966,,15669.7,cancelled
6618,2026-07-02 00:28:51,100979,order-only-004967,,22566.4,paid
6619,2026-07-31 15:52:08,101760,order-only-004968,PROMO024,6454.25,completed
6620,2026-07-14 03:44:16,103795,order-only-004969,PROMO070,15644.12,cancelled
6621,2026-07-23 20:51:26,103828,order-only-004970,,21377.51,paid
6622,2026-07-04 08:45:27,101335,order-only-004971,,8879.72,paid
6623,2026-07-04 06:40:59,100949,order-only-004972,,3928.75,paid
6624,2026-07-26 10:04:00,102021,order-only-004973,,3613.38,cancelled
6625,2026-07-18 22:36:03,100672,order-only-004974,,24532.55,paid
6626,2026-07-21 04:38:04,102254,order-only-004975,,5017.26,paid
6627,2026-07-31 22:52:30,104033,order-only-004976,,12060.62,cancelled
6628,2026-07-27 11:39:54,104364,order-only-004977,PROMO112,8612.18,completed
6629,2026-07-29 17:15:14,104724,order-only-004978,,12414.02,paid
6630,2026-07-19 03:52:12,102560,order-only-004979,,4225.21,cancelled
6631,2026-07-12 00:57:09,101379,order-only-004980,PROMO084,21285.02,paid
6632,2026-07-06 05:35:56,104251,order-only-004981,,2521.6,completed
6633,2026-07-05 18:53:59,104724,order-only-004982,PROMO111,14593.36,paid
6634,2026-07-16 23:25:09,104698,order-only-004983,,8467.34,paid
6635,2026-07-21 02:18:34,101422,order-only-004984,,15724.81,cancelled
6636,2026-07-31 11:32:05,100709,order-only-004985,,19478.65,completed
6637,2026-07-11 01:13:58,102074,order-only-004986,,2730.04,completed
6638,2026-07-30 23:54:26,102976,order-only-004987,,6918.27,paid
6639,2026-07-20 13:32:01,100973,order-only-004988,PROMO070,10414.67,completed
6640,2026-07-11 06:01:36,101794,order-only-004989,PROMO089,9372.27,cancelled
6641,2026-07-25 06:19:41,101150,order-only-004990,,19009.84,created
6642,2026-07-28 05:03:06,104421,order-only-004991,PROMO104,4468.5,paid
6643,2026-07-25 19:47:32,104234,order-only-004992,,8350.16,paid
6644,2026-07-18 22:09:04,100027,order-only-004993,PROMO090,6359.86,cancelled
6645,2026-07-27 07:50:34,102262,order-only-004994,,12341.35,paid
6646,2026-07-15 21:20:04,101397,order-only-004995,,10467.74,paid
6647,2026-07-14 09:59:32,100182,order-only-004996,,13244.46,cancelled
6648,2026-07-04 06:43:52,101483,order-only-004997,,12037.58,paid
6649,2026-07-07 13:33:39,100343,order-only-004998,PROMO062,16564.81,paid
6650,2026-07-05 06:37:37,101379,order-only-004999,,2010.45,completed
6651,2026-07-13 22:40:32,103587,order-only-005000,,542.31,paid
6652,2026-07-14 03:13:28,102483,order-only-005001,,9200.53,completed
6653,2026-07-15 22:35:28,104570,order-only-005002,PROMO102,4663.33,cancelled
6654,2026-07-03 14:05:16,101907,order-only-005003,PROMO068,7578.13,completed
6655,2026-07-01 07:23:37,103259,order-only-005004,PROMO049,19444.61,completed
6656,2026-07-26 14:50:48,104472,order-only-005005,,19122.16,created
6657,2026-07-16 03:07:19,101664,order-only-005006,,17489,completed
6658,2026-07-13 14:04:53,101868,order-only-005007,,17884.96,completed
6659,2026-07-24 22:13:38,104879,order-only-005008,PROMO109,19926.37,completed
6660,2026-07-29 09:05:47,104612,order-only-005009,PROMO060,19516.03,paid
6661,2026-07-19 21:14:53,100450,order-only-005010,,20460.08,paid
6662,2026-07-01 17:40:44,103893,order-only-005011,,20486.16,cancelled
6663,2026-07-04 10:05:16,103687,order-only-005012,,6512.28,created
6664,2026-07-26 13:05:20,100981,order-only-005013,,4550.49,completed
6665,2026-07-28 17:41:04,101233,order-only-005014,PROMO067,14903.96,paid
6666,2026-07-25 22:25:06,101105,order-only-005015,,9905.16,cancelled
6667,2026-07-28 11:36:16,102481,order-only-005016,PROMO106,11851.88,created
6668,2026-07-11 13:28:10,101377,order-only-005017,PROMO080,1444.84,paid
6669,2026-07-12 13:06:52,102311,order-only-005018,,17441.63,paid
6670,2026-07-08 16:46:17,102476,order-only-005019,PROMO022,11782.69,paid
6671,2026-07-16 16:14:55,104005,order-only-005020,,6464.1,paid
6672,2026-07-17 06:56:01,104281,order-only-005021,,8103.97,completed
6673,2026-07-19 20:13:25,102957,order-only-005022,PROMO111,24605.79,completed
6674,2026-07-17 08:51:01,101766,order-only-005023,PROMO117,15772.31,created
6675,2026-07-18 12:02:26,104846,order-only-005024,,15444.51,paid
6676,2026-07-03 15:46:33,103737,order-only-005025,,18244.66,cancelled
6677,2026-07-30 23:02:03,104741,order-only-005026,,20843.76,paid
6678,2026-07-13 00:06:53,100704,order-only-005027,,21903.89,paid
6679,2026-07-28 07:09:46,100258,order-only-005028,,9071.93,paid
6680,2026-07-25 02:33:04,104707,order-only-005029,,21137.84,completed
6681,2026-07-29 08:20:47,101552,order-only-005030,,5946,cancelled
6682,2026-07-26 17:18:56,102518,order-only-005031,PROMO036,1215.37,paid
6683,2026-07-02 22:40:06,103887,order-only-005032,,7262.79,paid
6684,2026-07-16 23:18:30,101955,order-only-005033,PROMO014,13888.49,completed
6685,2026-07-06 13:39:32,104597,order-only-005034,PROMO082,24997.63,created
6686,2026-07-27 14:36:46,104714,order-only-005035,,1714.28,paid
6687,2026-07-08 17:44:34,100828,order-only-005036,,14149.71,completed
6688,2026-07-16 09:17:31,103403,order-only-005037,PROMO051,11834.93,completed
6689,2026-07-04 12:42:38,101989,order-only-005038,,23040.56,cancelled
6690,2026-07-19 04:51:31,104254,order-only-005039,,15076.28,cancelled
6691,2026-07-24 00:18:03,103772,order-only-005040,,12651.63,created
6692,2026-07-22 15:03:41,104061,order-only-005041,PROMO077,15619.97,paid
6693,2026-07-01 13:41:18,103337,order-only-005042,PROMO092,8128.37,paid
6694,2026-07-24 12:03:18,102663,order-only-005043,,1892.11,paid
6695,2026-07-05 02:59:04,103049,order-only-005044,PROMO088,22668.83,cancelled
6696,2026-07-09 23:51:20,104525,order-only-005045,,5046.56,paid
6697,2026-07-09 20:40:03,100731,order-only-005046,PROMO064,834,paid
6698,2026-07-16 18:19:26,102911,order-only-005047,,21394.13,created
6699,2026-07-08 00:15:26,104759,order-only-005048,,19679.76,cancelled
6700,2026-07-10 03:21:18,104250,order-only-005049,,9809.62,completed
6701,2026-07-07 09:26:03,101176,order-only-005050,,2814.09,created
6702,2026-07-07 05:58:05,103429,order-only-005051,,14175.7,created
6703,2026-07-20 05:06:07,103641,order-only-005052,PROMO114,21465.33,cancelled
6704,2026-07-13 09:13:21,104072,order-only-005053,PROMO028,13200.31,paid
6705,2026-07-26 07:55:54,103055,order-only-005054,,17182.04,paid
6706,2026-07-08 08:34:23,102623,order-only-005055,,3110.65,paid
6707,2026-07-26 12:17:01,102056,order-only-005056,,20135.17,paid
6708,2026-07-26 20:27:38,101810,order-only-005057,,10481.69,paid
6709,2026-07-11 15:39:48,103734,order-only-005058,PROMO088,7472.11,paid
6710,2026-07-14 03:17:43,102654,order-only-005059,,12291.77,paid
6711,2026-07-06 06:16:28,104769,order-only-005060,,17293.49,created
6712,2026-07-08 22:02:19,103520,order-only-005061,,20464.23,paid
6713,2026-07-13 18:23:42,102789,order-only-005062,,23651.55,paid
6714,2026-07-08 18:28:01,103427,order-only-005063,,2069.7,completed
6715,2026-07-14 06:23:08,103481,order-only-005064,PROMO030,6273.8,completed
6716,2026-07-20 13:45:15,104887,order-only-005065,,1675.41,created
6717,2026-07-14 06:44:34,104101,order-only-005066,PROMO046,2164.95,paid
6718,2026-07-24 04:53:22,104074,order-only-005067,,7897.38,paid
6719,2026-07-27 13:16:12,101222,order-only-005068,,19158.62,paid
6720,2026-07-07 05:36:06,101462,order-only-005069,,15603.68,created
6721,2026-07-31 15:33:16,102860,order-only-005070,PROMO117,10970.69,created
6722,2026-07-14 12:39:29,103246,order-only-005071,PROMO057,5989.66,completed
6723,2026-07-04 21:33:08,101819,order-only-005072,,8884.24,paid
6724,2026-07-12 10:36:23,103427,order-only-005073,,5093.87,created
6725,2026-07-21 22:15:50,104252,order-only-005074,PROMO097,6421.31,cancelled
6726,2026-07-11 20:37:52,102497,order-only-005075,PROMO061,2195.97,completed
6727,2026-07-26 13:56:25,103621,order-only-005076,,6332.17,paid
6728,2026-07-20 19:21:33,100170,order-only-005077,,10823.52,completed
6729,2026-07-25 01:03:51,103920,order-only-005078,,3671.16,completed
6730,2026-07-10 08:54:06,102565,order-only-005079,,2847.64,paid
6731,2026-07-13 09:58:51,104618,order-only-005080,,16241.64,cancelled
6732,2026-07-11 12:38:55,101398,order-only-005081,,4242.68,created
6733,2026-07-27 04:03:13,103948,order-only-005082,,6353.33,paid
6734,2026-07-26 22:58:28,102808,order-only-005083,,17571.9,paid
6735,2026-07-01 14:16:41,101819,order-only-005084,,18620.53,paid
6736,2026-07-10 20:11:26,102155,order-only-005085,PROMO061,19961.28,created
6737,2026-07-27 09:01:09,100773,order-only-005086,,20246.12,paid
6738,2026-07-29 22:11:02,100653,order-only-005087,,16013.57,created
6739,2026-07-04 11:26:48,102530,order-only-005088,,12610.12,cancelled
6740,2026-07-11 12:05:28,104467,order-only-005089,,3888.82,completed
6741,2026-07-07 15:27:33,103648,order-only-005090,,6713.96,paid
6742,2026-07-20 12:43:28,103149,order-only-005091,PROMO109,11113.48,cancelled
6743,2026-07-14 21:25:15,104581,order-only-005092,,6027.64,completed
6744,2026-07-15 20:52:53,101565,order-only-005093,,12155.29,created
6745,2026-07-09 18:36:18,101045,order-only-005094,,14427.49,paid
6746,2026-07-11 22:28:50,102814,order-only-005095,PROMO029,22911.4,paid
6747,2026-07-02 01:46:35,103115,order-only-005096,PROMO023,18278.61,paid
6748,2026-07-15 07:21:48,101300,order-only-005097,PROMO054,2925.06,completed
6749,2026-07-11 05:48:47,104664,order-only-005098,,13481.02,paid
6750,2026-07-24 14:37:34,100388,order-only-005099,,6367.93,completed
6751,2026-07-20 23:21:30,101928,order-only-005100,,14648.11,paid
6752,2026-07-29 02:38:34,100479,order-only-005101,,16809.24,completed
6753,2026-07-14 13:41:29,102134,order-only-005102,,15572.61,cancelled
6754,2026-07-21 12:30:34,101337,order-only-005103,,13974.08,completed
6755,2026-07-22 03:42:23,100171,order-only-005104,,8955.8,paid
6756,2026-07-08 04:32:17,104106,order-only-005105,,15084.05,completed
6757,2026-07-31 23:50:52,100661,order-only-005106,,1038.1,paid
6758,2026-07-18 05:11:30,100282,order-only-005107,,7759.4,paid
6759,2026-07-19 16:46:35,101691,order-only-005108,,18695.56,paid
6760,2026-07-19 03:28:36,103139,order-only-005109,,24029.71,paid
6761,2026-07-18 12:08:58,100653,order-only-005110,,1957.07,created
6762,2026-07-24 05:48:45,103629,order-only-005111,,5533.64,completed
6763,2026-07-04 19:26:07,103649,order-only-005112,,2542.17,created
6764,2026-07-02 11:47:16,104870,order-only-005113,,21851.24,completed
6765,2026-07-11 07:20:22,101632,order-only-005114,,14029.61,paid
6766,2026-07-24 02:34:53,100282,order-only-005115,,21279.03,paid
6767,2026-07-02 21:15:36,103435,order-only-005116,PROMO037,16367.11,completed
6768,2026-07-14 02:16:36,102508,order-only-005117,PROMO032,17339.98,paid
6769,2026-07-27 12:49:37,100078,order-only-005118,,16873.81,paid
6770,2026-07-30 14:21:54,104422,order-only-005119,PROMO009,15895.35,completed
6771,2026-07-08 04:43:31,101222,order-only-005120,,9285.82,completed
6772,2026-07-15 07:58:53,101442,order-only-005121,,14308.23,paid
6773,2026-07-06 08:56:47,101237,order-only-005122,,577.6,paid
6774,2026-07-28 04:28:51,101522,order-only-005123,,22043.41,completed
6775,2026-07-09 06:11:07,102636,order-only-005124,,13065.02,paid
6776,2026-07-02 01:49:18,101526,order-only-005125,,7119.44,cancelled
6777,2026-07-20 14:39:16,100654,order-only-005126,,11751.28,paid
6778,2026-07-31 12:22:07,102215,order-only-005127,,22605.27,paid
6779,2026-07-04 02:00:23,103282,order-only-005128,PROMO045,6173.92,paid
6780,2026-07-04 10:17:19,102932,order-only-005129,PROMO094,7310.71,created
6781,2026-07-08 07:23:05,102459,order-only-005130,,22486.6,paid
6782,2026-07-01 14:58:30,100728,order-only-005131,PROMO059,6918.27,paid
6783,2026-07-12 14:51:10,103983,order-only-005132,,13136.3,cancelled
6784,2026-07-19 07:52:29,101791,order-only-005133,,6205.96,paid
6785,2026-07-19 00:51:05,100267,order-only-005134,,5977.03,paid
6786,2026-07-15 02:30:29,100742,order-only-005135,,22491.11,paid
6787,2026-07-31 13:18:03,104996,order-only-005136,,9944.95,cancelled
6788,2026-07-08 14:07:00,103621,order-only-005137,,11920.57,paid
6789,2026-07-07 06:44:29,100223,order-only-005138,,14027.17,paid
6790,2026-07-10 12:26:30,104353,order-only-005139,,24013.05,paid
6791,2026-07-05 09:40:20,102052,order-only-005140,,15086.05,completed
6792,2026-07-08 10:30:16,104891,order-only-005141,,23468.11,cancelled
6793,2026-07-16 06:26:24,102579,order-only-005142,,17234.85,created
6794,2026-07-11 18:02:44,101592,order-only-005143,,14902.32,paid
6795,2026-07-30 18:08:40,103246,order-only-005144,,10941.93,completed
6796,2026-07-13 20:15:21,101107,order-only-005145,,5689.23,paid
6797,2026-07-30 15:14:30,102300,order-only-005146,,7631.62,completed
6798,2026-07-31 21:01:32,104216,order-only-005147,,24946.89,paid
6799,2026-07-27 01:08:51,101767,order-only-005148,,8122.56,paid
6800,2026-07-21 19:29:31,102639,order-only-005149,,10383.47,cancelled
6801,2026-07-25 18:24:10,104956,order-only-005150,,8839.9,cancelled
6802,2026-07-30 13:52:19,103080,order-only-005151,,11543.23,cancelled
6803,2026-07-08 14:11:52,102291,order-only-005152,,15799.44,created
6804,2026-07-16 21:49:45,103397,order-only-005153,PROMO045,15815.01,cancelled
6805,2026-07-09 13:14:42,104222,order-only-005154,PROMO032,19042.72,cancelled
6806,2026-07-16 01:31:50,103590,order-only-005155,,18511,completed
6807,2026-07-09 10:58:35,102277,order-only-005156,PROMO117,24809.17,completed
6808,2026-07-20 18:57:19,101103,order-only-005157,,9400.95,created
6809,2026-07-22 02:08:02,104442,order-only-005158,PROMO019,10921.34,cancelled
6810,2026-07-21 13:15:42,103274,order-only-005159,PROMO033,14758.65,completed
6811,2026-07-14 13:26:04,100335,order-only-005160,,20405.34,paid
6812,2026-07-30 12:54:35,104500,order-only-005161,,12536.42,paid
6813,2026-07-29 03:41:19,102203,order-only-005162,,11524.1,cancelled
6814,2026-07-09 03:49:57,103844,order-only-005163,,20006.63,paid
6815,2026-07-06 08:04:30,103794,order-only-005164,,15000.45,cancelled
6816,2026-07-16 03:01:09,103217,order-only-005165,,11792.79,completed
6817,2026-07-12 23:34:17,103906,order-only-005166,PROMO069,3150.81,created
6818,2026-07-26 19:27:56,103837,order-only-005167,PROMO077,422.41,cancelled
6819,2026-07-27 09:36:45,102139,order-only-005168,,5812.31,completed
6820,2026-07-25 17:22:56,100996,order-only-005169,,18663.64,completed
6821,2026-07-10 21:36:57,101072,order-only-005170,,9234.35,paid
6822,2026-07-11 16:38:49,102465,order-only-005171,,3381.54,paid
6823,2026-07-01 23:05:04,100328,order-only-005172,,8794.78,completed
6824,2026-07-29 13:44:46,101261,order-only-005173,,10043.76,created
6825,2026-07-03 02:50:47,101102,order-only-005174,PROMO058,20151.78,cancelled
6826,2026-07-28 13:45:24,104868,order-only-005175,,428.48,cancelled
6827,2026-07-14 05:31:25,101769,order-only-005176,,18956.27,paid
6828,2026-07-11 01:57:25,103719,order-only-005177,,3599.99,completed
6829,2026-07-12 03:03:54,103207,order-only-005178,,10593.46,paid
6830,2026-07-24 21:04:10,103613,order-only-005179,PROMO024,4701.92,paid
6831,2026-07-15 21:22:24,101096,order-only-005180,,24988.02,created
6832,2026-07-01 19:35:24,102580,order-only-005181,PROMO012,20940.64,paid
6833,2026-07-13 15:05:12,104869,order-only-005182,,14775.61,created
6834,2026-07-17 22:44:02,104784,order-only-005183,PROMO015,23070.41,paid
6835,2026-07-13 09:15:37,102847,order-only-005184,,7771.82,paid
6836,2026-07-02 11:35:12,100347,order-only-005185,PROMO116,16089.62,paid
6837,2026-07-11 09:48:21,104213,order-only-005186,PROMO056,2430.07,cancelled
6838,2026-07-25 23:05:12,100339,order-only-005187,PROMO017,7530.89,created
6839,2026-07-26 06:49:00,102536,order-only-005188,PROMO087,9877.98,completed
6840,2026-07-10 00:03:37,100195,order-only-005189,,7476.15,completed
6841,2026-07-03 00:24:11,104924,order-only-005190,,21226.86,paid
6842,2026-07-27 19:50:18,102780,order-only-005191,PROMO018,24231.28,completed
6843,2026-07-03 19:09:54,101946,order-only-005192,PROMO038,4385.2,paid
6844,2026-07-30 08:43:50,100911,order-only-005193,PROMO010,1783.08,completed
6845,2026-07-29 21:21:35,104322,order-only-005194,,10498.56,completed
6846,2026-07-20 00:12:50,101924,order-only-005195,,4837.51,paid
6847,2026-07-19 17:02:44,103835,order-only-005196,,24888.32,created
6848,2026-07-20 11:06:20,104510,order-only-005197,,19320.58,cancelled
6849,2026-07-26 10:11:58,102705,order-only-005198,PROMO052,12823.46,paid
6850,2026-07-09 09:01:50,100487,order-only-005199,PROMO039,1195.96,completed
6851,2026-07-14 11:14:19,103257,order-only-005200,,7705.37,cancelled
6852,2026-07-26 22:44:32,100917,order-only-005201,,10051.41,paid
6853,2026-07-05 00:44:37,103307,order-only-005202,,10571.76,paid
6854,2026-07-20 13:48:21,100111,order-only-005203,,9596.09,created
6855,2026-07-30 14:20:11,103707,order-only-005204,,17694.11,completed
6856,2026-07-12 12:20:09,100587,order-only-005205,PROMO014,743.99,paid
6857,2026-07-01 19:38:36,102194,order-only-005206,PROMO092,11410.45,cancelled
6858,2026-07-11 06:33:21,101656,order-only-005207,PROMO056,21516.01,paid
6859,2026-07-03 18:31:01,100677,order-only-005208,,2234.21,created
6860,2026-07-21 20:41:31,102757,order-only-005209,PROMO019,20875.77,created
6861,2026-07-21 11:20:35,103339,order-only-005210,,7018.97,paid
6862,2026-07-18 07:07:51,102380,order-only-005211,PROMO093,5179.34,created
6863,2026-07-26 18:02:43,101284,order-only-005212,,12066.28,completed
6864,2026-07-04 05:16:48,100023,order-only-005213,,17541.48,created
6865,2026-07-01 22:31:55,102799,order-only-005214,,2983.07,completed
6866,2026-07-16 01:38:05,100458,order-only-005215,PROMO057,11231.15,paid
6867,2026-07-28 05:54:07,104501,order-only-005216,,4865.76,created
6868,2026-07-26 12:39:03,102326,order-only-005217,,3460.54,created
6869,2026-07-17 08:09:30,103394,order-only-005218,,24299.17,cancelled
6870,2026-07-19 13:52:47,101574,order-only-005219,,8008.77,cancelled
6871,2026-07-24 20:45:08,100995,order-only-005220,PROMO036,7330.43,cancelled
6872,2026-07-14 16:47:16,104329,order-only-005221,,9001.02,paid
6873,2026-07-08 04:24:48,102654,order-only-005222,,13971.21,paid
6874,2026-07-09 06:32:13,102180,order-only-005223,,18522.94,created
6875,2026-07-15 01:45:57,100902,order-only-005224,,7802.56,completed
6876,2026-07-25 09:47:36,101110,order-only-005225,PROMO034,20854.92,paid
6877,2026-07-09 04:58:23,100848,order-only-005226,PROMO047,19809.81,completed
6878,2026-07-22 22:43:00,104261,order-only-005227,PROMO002,6026.75,paid
6879,2026-07-24 16:03:58,101089,order-only-005228,PROMO009,12131.85,cancelled
6880,2026-07-03 11:34:51,103383,order-only-005229,,20945.7,created
6881,2026-07-24 00:22:54,104601,order-only-005230,,12523.85,paid
6882,2026-07-27 02:20:07,104549,order-only-005231,,2863.7,paid
6883,2026-07-26 01:56:05,104395,order-only-005232,PROMO095,23608,paid
6884,2026-07-05 04:41:25,102109,order-only-005233,PROMO001,23760.92,completed
6885,2026-07-05 17:36:07,100501,order-only-005234,,10084.98,completed
6886,2026-07-06 16:49:27,101363,order-only-005235,,23735.22,completed
6887,2026-07-11 23:11:45,104823,order-only-005236,,14309.8,paid
6888,2026-07-02 05:05:06,101891,order-only-005237,,20659.82,paid
6889,2026-07-17 14:13:07,101611,order-only-005238,PROMO061,7931.08,completed
6890,2026-07-24 12:51:56,101831,order-only-005239,,13696.03,cancelled
6891,2026-07-10 08:55:08,104412,order-only-005240,,19397.17,paid
6892,2026-07-23 15:27:15,100087,order-only-005241,PROMO042,14279.34,completed
6893,2026-07-13 11:28:00,103027,order-only-005242,,21747.64,cancelled
6894,2026-07-29 06:24:13,104740,order-only-005243,PROMO004,13791.51,completed
6895,2026-07-10 15:51:45,103420,order-only-005244,,1103.04,paid
6896,2026-07-06 13:14:00,101025,order-only-005245,PROMO003,21281.86,completed
6897,2026-07-10 18:25:45,102036,order-only-005246,,21316.13,created
6898,2026-07-09 06:44:35,100627,order-only-005247,,14004.19,created
6899,2026-07-28 08:57:41,103937,order-only-005248,,8264.15,cancelled
6900,2026-07-17 17:53:19,102359,order-only-005249,,17310.13,cancelled
6901,2026-07-23 05:58:58,101131,order-only-005250,,16663.76,cancelled
6902,2026-07-22 00:46:15,104209,order-only-005251,,18645.82,cancelled
6903,2026-07-17 17:15:53,102636,order-only-005252,,6342.14,completed
6904,2026-07-09 12:53:40,100084,order-only-005253,,8459.31,completed
6905,2026-07-27 05:09:04,102658,order-only-005254,PROMO075,19140.91,cancelled
6906,2026-07-06 19:42:36,102236,order-only-005255,,14390.09,paid
6907,2026-07-11 18:53:57,102310,order-only-005256,,1688.22,cancelled
6908,2026-07-11 22:35:58,103623,order-only-005257,PROMO047,3946.83,completed
6909,2026-07-03 20:10:00,102080,order-only-005258,,20530.5,paid
6910,2026-07-26 09:17:36,103043,order-only-005259,PROMO079,11329.35,created
6911,2026-07-02 19:36:42,100254,order-only-005260,,22934.06,paid
6912,2026-07-15 00:12:35,101249,order-only-005261,,1808.13,cancelled
6913,2026-07-23 05:33:35,104759,order-only-005262,PROMO114,5542.51,cancelled
6914,2026-07-19 01:29:56,100207,order-only-005263,,719.62,paid
6915,2026-07-16 16:08:07,102072,order-only-005264,,13821.26,paid
6916,2026-07-09 02:50:35,103522,order-only-005265,,18288.27,cancelled
6917,2026-07-15 19:03:22,101985,order-only-005266,,14790.4,created
6918,2026-07-20 19:27:19,100445,order-only-005267,,7748.55,completed
6919,2026-07-24 13:11:28,101946,order-only-005268,,21025.93,completed
6920,2026-07-20 08:58:27,103453,order-only-005269,PROMO081,6761.66,completed
6921,2026-07-10 12:32:51,100298,order-only-005270,,21685.98,cancelled
6922,2026-07-03 16:38:30,103017,order-only-005271,,4697.16,cancelled
6923,2026-07-12 01:34:50,101450,order-only-005272,,5637.67,completed
6924,2026-07-22 10:13:41,102522,order-only-005273,PROMO097,5392.63,paid
6925,2026-07-15 08:42:04,104350,order-only-005274,PROMO024,22667.66,completed
6926,2026-07-19 03:05:05,104077,order-only-005275,,19317,cancelled
6927,2026-07-25 00:46:36,101369,order-only-005276,,22100.57,created
6928,2026-07-20 18:30:37,103326,order-only-005277,PROMO120,5450.77,paid
6929,2026-07-30 19:00:20,103643,order-only-005278,,16300.32,paid
6930,2026-07-29 19:09:46,103090,order-only-005279,,17739.64,paid
6931,2026-07-14 21:01:10,104140,order-only-005280,,24198.06,completed
6932,2026-07-07 23:24:11,103296,order-only-005281,,23371.46,completed
6933,2026-07-20 14:32:10,104603,order-only-005282,,16408.91,paid
6934,2026-07-20 03:42:46,100305,order-only-005283,,4045.17,completed
6935,2026-07-01 07:47:42,102677,order-only-005284,,12537.4,completed
6936,2026-07-11 22:35:01,100962,order-only-005285,,6196.19,paid
6937,2026-07-28 17:18:38,102388,order-only-005286,,24402.63,paid
6938,2026-07-11 10:16:26,100782,order-only-005287,,23858.79,paid
6939,2026-07-20 20:32:09,101917,order-only-005288,,2561.21,completed
6940,2026-07-29 15:07:15,102757,order-only-005289,,19745.99,cancelled
6941,2026-07-25 21:19:20,101309,order-only-005290,,16318.53,cancelled
6942,2026-07-20 10:29:37,103533,order-only-005291,,14795.49,paid
6943,2026-07-31 01:02:33,100471,order-only-005292,,16262.12,paid
6944,2026-07-08 06:42:06,101765,order-only-005293,,19358.03,created
6945,2026-07-03 22:15:50,100710,order-only-005294,,8338.99,paid
6946,2026-07-02 15:06:09,100575,order-only-005295,,11082.8,paid
6947,2026-07-30 21:18:41,104809,order-only-005296,,4663.22,paid
6948,2026-07-25 16:38:02,104636,order-only-005297,,15691.85,paid
6949,2026-07-20 06:29:24,103546,order-only-005298,PROMO050,24094.04,cancelled
6950,2026-07-02 05:08:49,100564,order-only-005299,,24197.77,created
6951,2026-07-03 08:25:37,104230,order-only-005300,,16276.43,completed
6952,2026-07-22 16:18:13,102321,order-only-005301,,21653.16,completed
6953,2026-07-17 07:43:54,101749,order-only-005302,PROMO109,16758.36,paid
6954,2026-07-29 22:04:27,100109,order-only-005303,,12040.54,completed
6955,2026-07-06 20:13:28,101252,order-only-005304,,10436.31,paid
6956,2026-07-10 02:56:32,101778,order-only-005305,,8563.51,cancelled
6957,2026-07-28 23:04:24,102875,order-only-005306,,10483.04,cancelled
6958,2026-07-28 04:32:06,101886,order-only-005307,PROMO036,12113.64,completed
6959,2026-07-27 19:52:13,104799,order-only-005308,,23030.08,created
6960,2026-07-25 13:36:14,101213,order-only-005309,,12393.47,created
6961,2026-07-20 14:06:51,101000,order-only-005310,PROMO077,12776.88,cancelled
6962,2026-07-15 22:55:02,101782,order-only-005311,,18391.02,completed
6963,2026-07-27 00:32:46,102051,order-only-005312,,14680.17,paid
6964,2026-07-23 01:15:17,102172,order-only-005313,PROMO092,14507.87,paid
6965,2026-07-29 22:47:43,102896,order-only-005314,PROMO103,3040.5,paid
6966,2026-07-31 03:58:28,101565,order-only-005315,PROMO111,11034.24,created
6967,2026-07-30 13:10:11,100917,order-only-005316,,6126.29,paid
6968,2026-07-24 10:53:04,102801,order-only-005317,PROMO092,14937.11,cancelled
6969,2026-07-11 05:19:35,102530,order-only-005318,,8061.28,paid
6970,2026-07-03 18:43:10,103493,order-only-005319,PROMO059,18915.42,created
6971,2026-07-16 02:29:39,103880,order-only-005320,PROMO072,20035.38,paid
6972,2026-07-16 04:58:36,101152,order-only-005321,,4751.87,paid
6973,2026-07-28 06:05:45,100932,order-only-005322,,12377.54,paid
6974,2026-07-19 12:56:42,101550,order-only-005323,,6466.52,paid
6975,2026-07-15 14:07:57,103267,order-only-005324,PROMO052,3579.35,completed
6976,2026-07-01 16:09:34,100979,order-only-005325,,1448.02,cancelled
6977,2026-07-28 23:43:30,104879,order-only-005326,PROMO068,21039.49,completed
6978,2026-07-24 07:03:46,103040,order-only-005327,,5325.83,cancelled
6979,2026-07-27 00:10:54,101082,order-only-005328,,23802.61,completed
6980,2026-07-02 23:30:22,102418,order-only-005329,,6379.2,paid
6981,2026-07-12 17:25:59,102634,order-only-005330,,7267.11,paid
6982,2026-07-30 16:28:55,100019,order-only-005331,,8320.33,paid
6983,2026-07-31 17:58:01,102920,order-only-005332,,17027.62,cancelled
6984,2026-07-09 13:18:52,100885,order-only-005333,,9245.63,completed
6985,2026-07-25 08:26:27,104829,order-only-005334,,11953.7,completed
6986,2026-07-21 20:09:09,104003,order-only-005335,PROMO017,2770.94,created
6987,2026-07-20 23:37:10,100025,order-only-005336,PROMO053,3060.57,paid
6988,2026-07-05 14:44:02,100629,order-only-005337,,11637.04,paid
6989,2026-07-23 17:36:12,104353,order-only-005338,,15899.99,completed
6990,2026-07-03 00:46:54,101602,order-only-005339,,2702.27,completed
6991,2026-07-29 11:08:23,101542,order-only-005340,,23687.11,paid
6992,2026-07-22 08:48:53,100529,order-only-005341,PROMO026,14679.63,completed
6993,2026-07-08 10:45:46,103665,order-only-005342,PROMO021,2220.77,completed
6994,2026-07-20 20:10:41,104973,order-only-005343,,3046.33,cancelled
6995,2026-07-06 02:06:54,101616,order-only-005344,,15745.05,paid
6996,2026-07-22 18:17:21,101909,order-only-005345,PROMO044,9125.41,created
6997,2026-07-16 00:56:31,103394,order-only-005346,PROMO023,18578.93,created
6998,2026-07-06 03:22:24,101362,order-only-005347,,24662.95,created
6999,2026-07-03 22:43:21,103809,order-only-005348,PROMO102,13223.69,paid
7000,2026-07-17 19:40:41,104310,order-only-005349,PROMO116,22058.8,cancelled
7001,2026-07-23 03:33:28,101516,order-only-005350,,10345.38,cancelled
7002,2026-07-03 10:40:57,104563,order-only-005351,PROMO035,16374.59,created
7003,2026-07-01 16:02:23,100948,order-only-005352,PROMO081,6074.89,created
7004,2026-07-16 21:51:00,102059,order-only-005353,PROMO003,17122.2,completed
7005,2026-07-23 18:44:33,104827,order-only-005354,,2825.38,created
7006,2026-07-09 18:00:48,100169,order-only-005355,,24023.08,paid
7007,2026-07-10 12:59:27,100164,order-only-005356,PROMO092,8324.87,paid
7008,2026-07-05 23:06:09,101503,order-only-005357,,16976.92,created
7009,2026-07-28 20:59:43,102409,order-only-005358,,3284.12,completed
7010,2026-07-06 10:44:25,104950,order-only-005359,,4152.96,paid
7011,2026-07-25 20:56:47,100173,order-only-005360,PROMO068,3724.64,completed
7012,2026-07-25 07:16:14,101564,order-only-005361,PROMO063,15975.43,cancelled
7013,2026-07-02 09:24:28,101165,order-only-005362,,24413.81,completed
7014,2026-07-07 18:30:44,100163,order-only-005363,PROMO104,5987.24,paid
7015,2026-07-10 04:47:59,102437,order-only-005364,,14913.83,cancelled
7016,2026-07-26 05:13:20,104972,order-only-005365,PROMO016,15150.21,completed
7017,2026-07-01 03:42:28,104229,order-only-005366,,4815.88,paid
7018,2026-07-15 20:48:37,100849,order-only-005367,PROMO034,22886.4,completed
7019,2026-07-08 21:04:29,101835,order-only-005368,PROMO013,15673.59,paid
7020,2026-07-06 15:18:51,103930,order-only-005369,,19256.6,created
7021,2026-07-23 13:18:14,104066,order-only-005370,,23132.94,completed
7022,2026-07-22 15:48:33,102496,order-only-005371,PROMO043,11014.56,paid
7023,2026-07-18 18:01:57,103852,order-only-005372,,9113.88,cancelled
7024,2026-07-30 09:27:58,103888,order-only-005373,,1125.58,completed
7025,2026-07-08 04:05:27,104859,order-only-005374,PROMO020,19100.85,completed
7026,2026-07-26 07:48:55,100016,order-only-005375,,8369.21,paid
7027,2026-07-01 00:10:54,103839,order-only-005376,PROMO018,10751.48,completed
7028,2026-07-11 12:13:22,102013,order-only-005377,,9307.86,paid
7029,2026-07-16 01:28:19,101892,order-only-005378,,1838.47,paid
7030,2026-07-15 06:42:44,103579,order-only-005379,,21011.8,cancelled
7031,2026-07-12 17:27:38,100868,order-only-005380,,9636.2,paid
7032,2026-07-15 16:21:06,104425,order-only-005381,,20952.98,paid
7033,2026-07-11 06:39:50,100292,order-only-005382,,17802.85,cancelled
7034,2026-07-21 01:04:58,102448,order-only-005383,PROMO098,3872.89,cancelled
7035,2026-07-29 01:29:21,102869,order-only-005384,,1548.57,paid
7036,2026-07-26 23:25:28,102146,order-only-005385,,19602.77,paid
7037,2026-07-06 14:38:19,102676,order-only-005386,PROMO088,6982.67,completed
7038,2026-07-26 14:08:31,104879,order-only-005387,,3418.1,completed
7039,2026-07-30 00:24:21,100679,order-only-005388,,18972.43,cancelled
7040,2026-07-28 07:12:43,102883,order-only-005389,,7078.74,completed
7041,2026-07-03 19:20:34,103690,order-only-005390,,3033.74,completed
7042,2026-07-05 20:43:16,100913,order-only-005391,,9738.35,cancelled
7043,2026-07-24 14:49:40,102889,order-only-005392,,3816.97,completed
7044,2026-07-13 11:00:05,103579,order-only-005393,,1027.22,paid
7045,2026-07-08 08:37:54,104916,order-only-005394,PROMO041,23908.23,paid
7046,2026-07-16 10:01:37,104251,order-only-005395,PROMO107,21205.8,paid
7047,2026-07-23 18:45:22,103169,order-only-005396,,22653.45,created
7048,2026-07-23 13:08:48,103151,order-only-005397,PROMO094,21346.19,created
7049,2026-07-13 14:20:02,101896,order-only-005398,PROMO021,18190.31,paid
7050,2026-07-11 20:05:01,100688,order-only-005399,,2279.42,completed
7051,2026-07-08 02:17:13,102549,order-only-005400,PROMO052,19363.65,completed
7052,2026-07-26 12:07:39,104822,order-only-005401,PROMO027,14036.98,cancelled
7053,2026-07-30 18:37:07,101465,order-only-005402,PROMO055,20649.88,cancelled
7054,2026-07-04 14:14:45,104999,order-only-005403,,9916.42,paid
7055,2026-07-08 20:41:36,104677,order-only-005404,,14380.01,completed
7056,2026-07-31 01:28:02,103027,order-only-005405,PROMO053,18249.06,completed
7057,2026-07-29 08:28:22,102579,order-only-005406,,20687.55,cancelled
7058,2026-07-25 23:18:29,103767,order-only-005407,PROMO112,15189.38,paid
7059,2026-07-24 14:39:35,100015,order-only-005408,,3456.65,paid
7060,2026-07-29 21:04:24,100489,order-only-005409,,6776.79,paid
7061,2026-07-20 05:17:30,101612,order-only-005410,,8577.26,paid
7062,2026-07-01 17:19:34,102488,order-only-005411,,12807.79,paid
7063,2026-07-02 01:01:41,100911,order-only-005412,,20764.26,completed
7064,2026-07-18 04:34:45,102791,order-only-005413,,15394.31,paid
7065,2026-07-25 09:53:26,103955,order-only-005414,,5630.54,created
7066,2026-07-17 17:22:37,100405,order-only-005415,PROMO001,7563.47,paid
7067,2026-07-31 16:57:25,104315,order-only-005416,,4358.35,paid
7068,2026-07-06 19:25:23,101045,order-only-005417,,14080.92,paid
7069,2026-07-25 07:11:53,101463,order-only-005418,,12273,created
7070,2026-07-05 23:03:01,103730,order-only-005419,,14187.78,paid
7071,2026-07-03 20:53:02,103127,order-only-005420,,23836.76,completed
7072,2026-07-14 00:30:17,103531,order-only-005421,,23528.13,paid
7073,2026-07-21 04:00:02,101675,order-only-005422,PROMO101,19025.77,cancelled
7074,2026-07-26 02:41:55,103887,order-only-005423,,22985.88,completed
7075,2026-07-05 13:40:11,100150,order-only-005424,,22976.9,paid
7076,2026-07-07 15:16:22,103467,order-only-005425,PROMO036,1014.87,cancelled
7077,2026-07-17 00:29:56,101514,order-only-005426,,8966.09,completed
7078,2026-07-10 21:30:22,100795,order-only-005427,,5318.87,created
7079,2026-07-25 10:50:24,101582,order-only-005428,,22731.38,paid
7080,2026-07-02 13:52:19,101301,order-only-005429,,1320.44,paid
7081,2026-07-23 20:41:26,103307,order-only-005430,,15569.65,paid
7082,2026-07-07 18:25:03,101918,order-only-005431,PROMO020,11815.2,completed
7083,2026-07-09 22:43:19,104522,order-only-005432,,16984.74,paid
7084,2026-07-06 13:20:05,104790,order-only-005433,,3487.42,paid
7085,2026-07-10 02:33:47,104158,order-only-005434,,3060.66,paid
7086,2026-07-13 19:18:16,103819,order-only-005435,PROMO032,8245.81,completed
7087,2026-07-05 01:37:28,104129,order-only-005436,PROMO016,12590.37,cancelled
7088,2026-07-17 06:22:34,100469,order-only-005437,,12983.5,completed
7089,2026-07-13 05:35:39,101476,order-only-005438,,634.16,completed
7090,2026-07-01 16:00:39,103087,order-only-005439,,5887.18,paid
7091,2026-07-15 01:23:57,104195,order-only-005440,PROMO055,12796.06,completed
7092,2026-07-13 02:58:31,104584,order-only-005441,,21508.49,completed
7093,2026-07-17 21:26:26,104422,order-only-005442,,15517.2,completed
7094,2026-07-31 02:38:58,102899,order-only-005443,,7279.15,paid
7095,2026-07-02 19:03:36,104848,order-only-005444,,9544.11,paid
7096,2026-07-29 03:52:15,102520,order-only-005445,,17653.33,paid
7097,2026-07-15 12:43:22,101191,order-only-005446,,20702.11,completed
7098,2026-07-03 17:09:58,102755,order-only-005447,,23620.88,cancelled
7099,2026-07-07 18:14:46,100228,order-only-005448,,17487.62,paid
7100,2026-07-29 04:13:04,104054,order-only-005449,PROMO059,5351.15,paid
7101,2026-07-03 15:43:31,104775,order-only-005450,,12816.02,cancelled
7102,2026-07-17 09:51:31,101696,order-only-005451,,13741.86,paid
7103,2026-07-28 08:27:01,101877,order-only-005452,PROMO008,18348,created
7104,2026-07-03 07:38:02,101173,order-only-005453,PROMO104,5101.11,completed
7105,2026-07-16 21:35:27,104925,order-only-005454,,5173.05,paid
7106,2026-07-08 02:59:12,102323,order-only-005455,PROMO003,23078.21,paid
7107,2026-07-01 18:15:57,102394,order-only-005456,,17490.63,paid
7108,2026-07-30 13:41:52,103322,order-only-005457,,24184.8,completed
7109,2026-07-22 01:25:05,103773,order-only-005458,,24991.61,cancelled
7110,2026-07-10 01:58:40,101565,order-only-005459,,18720.53,completed
7111,2026-07-31 20:29:58,102465,order-only-005460,PROMO045,15598.96,cancelled
7112,2026-07-12 13:31:38,102392,order-only-005461,,13415.01,completed
7113,2026-07-31 19:58:48,101214,order-only-005462,PROMO071,11753.41,paid
7114,2026-07-24 04:26:20,103227,order-only-005463,,9725.62,completed
7115,2026-07-21 01:16:44,104546,order-only-005464,,22838.01,created
7116,2026-07-15 02:25:08,103101,order-only-005465,PROMO114,11176.46,completed
7117,2026-07-02 10:02:57,102928,order-only-005466,PROMO103,17689.78,completed
7118,2026-07-07 05:01:38,102146,order-only-005467,,22062.67,paid
7119,2026-07-22 17:57:01,104071,order-only-005468,,2654.17,paid
7120,2026-07-10 10:12:17,103398,order-only-005469,,19801.99,paid
7121,2026-07-08 12:30:08,104349,order-only-005470,,23742.03,paid
7122,2026-07-23 01:26:04,102406,order-only-005471,,16259.19,paid
7123,2026-07-13 20:00:12,102319,order-only-005472,PROMO024,3839.44,paid
7124,2026-07-16 10:43:45,103008,order-only-005473,PROMO074,23899.66,created
7125,2026-07-31 11:22:43,102168,order-only-005474,,23917.2,paid
7126,2026-07-17 04:39:27,104507,order-only-005475,PROMO057,2344.81,cancelled
7127,2026-07-09 06:56:49,101992,order-only-005476,PROMO035,21847.3,completed
7128,2026-07-24 00:56:38,100451,order-only-005477,,22845.21,paid
7129,2026-07-23 00:34:37,101359,order-only-005478,,396.79,paid
7130,2026-07-29 04:39:20,100956,order-only-005479,,12598.01,created
7131,2026-07-14 13:16:01,102547,order-only-005480,PROMO062,11677.82,paid
7132,2026-07-11 19:53:47,101921,order-only-005481,,3418.48,paid
7133,2026-07-18 20:21:36,102754,order-only-005482,PROMO102,17028.01,paid
7134,2026-07-17 05:22:48,104162,order-only-005483,PROMO086,21396.66,cancelled
7135,2026-07-14 20:44:20,102294,order-only-005484,PROMO021,3179.02,completed
7136,2026-07-09 23:07:56,102239,order-only-005485,PROMO100,20202.3,completed
7137,2026-07-07 12:05:55,103205,order-only-005486,PROMO068,14050.39,paid
7138,2026-07-27 06:27:42,101740,order-only-005487,,4614.15,paid
7139,2026-07-22 06:43:34,100559,order-only-005488,PROMO100,21079.04,paid
7140,2026-07-03 14:38:12,100324,order-only-005489,,22243.3,created
7141,2026-07-24 00:02:01,103465,order-only-005490,PROMO088,5556.84,paid
7142,2026-07-06 01:10:12,101823,order-only-005491,PROMO042,22757.89,paid
7143,2026-07-16 11:36:16,100705,order-only-005492,,6437.15,cancelled
7144,2026-07-05 21:07:28,103026,order-only-005493,PROMO104,5189.91,cancelled
7145,2026-07-11 14:17:03,101001,order-only-005494,,3626.78,completed
7146,2026-07-05 19:22:49,102173,order-only-005495,PROMO044,12453.99,completed
7147,2026-07-27 16:52:03,103731,order-only-005496,,1141.33,completed
7148,2026-07-22 03:41:56,103361,order-only-005497,PROMO002,23782.8,completed
7149,2026-07-28 18:34:48,102549,order-only-005498,PROMO012,24411.33,completed
7150,2026-07-25 16:56:26,104670,order-only-005499,,10320.37,paid
7151,2026-07-09 20:08:23,103208,order-only-005500,,12753.42,paid
7152,2026-07-09 15:48:53,100691,order-only-005501,PROMO101,6920.83,cancelled
7153,2026-07-30 18:40:19,103457,order-only-005502,PROMO032,14851.85,completed
7154,2026-07-09 04:38:51,102583,order-only-005503,PROMO025,14655.6,paid
7155,2026-07-11 02:08:57,101834,order-only-005504,,9111.4,completed
7156,2026-07-01 15:06:52,104591,order-only-005505,PROMO100,10055.1,paid
7157,2026-07-18 21:53:32,103757,order-only-005506,PROMO106,10880.31,completed
7158,2026-07-26 19:56:53,102981,order-only-005507,,19217.98,paid
7159,2026-07-13 22:44:06,102325,order-only-005508,,7388.4,created
7160,2026-07-11 08:44:51,104244,order-only-005509,PROMO006,3741.83,created
7161,2026-07-02 23:22:30,103052,order-only-005510,,16988.17,cancelled
7162,2026-07-28 19:53:01,104905,order-only-005511,PROMO090,7604.28,paid
7163,2026-07-06 12:29:42,102148,order-only-005512,,20397.84,paid
7164,2026-07-23 02:08:59,103476,order-only-005513,,1360.52,completed
7165,2026-07-26 08:10:32,103595,order-only-005514,,23438.46,cancelled
7166,2026-07-06 11:51:10,102875,order-only-005515,,1294.54,paid
7167,2026-07-21 01:21:34,103472,order-only-005516,PROMO016,21830.73,paid
7168,2026-07-17 19:43:58,102725,order-only-005517,PROMO051,17882.4,completed
7169,2026-07-05 23:42:38,102604,order-only-005518,,5708.82,completed
7170,2026-07-31 16:14:40,102648,order-only-005519,PROMO090,3129.78,paid
7171,2026-07-19 13:05:07,101190,order-only-005520,,5281.79,paid
7172,2026-07-09 00:31:35,104856,order-only-005521,,13910.91,paid
7173,2026-07-01 11:26:49,104019,order-only-005522,,19474.87,paid
7174,2026-07-12 07:37:29,101532,order-only-005523,,21943.48,created
7175,2026-07-16 08:53:03,101544,order-only-005524,,20219.08,completed
7176,2026-07-20 08:10:36,103762,order-only-005525,,9381.35,created
7177,2026-07-01 11:59:18,101761,order-only-005526,,14365.26,completed
7178,2026-07-05 11:19:30,104047,order-only-005527,PROMO001,20637.82,paid
7179,2026-07-15 05:15:00,102061,order-only-005528,,11007.42,paid
7180,2026-07-17 11:46:36,101192,order-only-005529,PROMO051,16067.43,created
7181,2026-07-24 22:30:41,102893,order-only-005530,,2840.69,cancelled
7182,2026-07-11 18:37:05,103512,order-only-005531,PROMO017,2019.84,paid
7183,2026-07-22 04:05:17,103970,order-only-005532,,10131.79,cancelled
7184,2026-07-29 18:06:20,103208,order-only-005533,,14125.38,paid
7185,2026-07-02 17:59:07,104172,order-only-005534,,11045.38,paid
7186,2026-07-14 11:58:04,102346,order-only-005535,PROMO080,8318.89,paid
7187,2026-07-26 17:23:30,101698,order-only-005536,,13362.22,paid
7188,2026-07-17 19:02:59,100926,order-only-005537,,21785.24,paid
7189,2026-07-21 16:22:00,100261,order-only-005538,,23610.02,created
7190,2026-07-02 02:32:49,100472,order-only-005539,,24220.41,paid
7191,2026-07-16 12:32:28,101826,order-only-005540,,4432.93,paid
7192,2026-07-02 03:33:38,104502,order-only-005541,,3894.19,completed
7193,2026-07-07 00:09:55,104936,order-only-005542,,3111.06,completed
7194,2026-07-14 22:13:30,104931,order-only-005543,,22017.93,completed
7195,2026-07-06 16:26:36,102113,order-only-005544,,23978.05,completed
7196,2026-07-08 12:35:46,102722,order-only-005545,,19693.24,created
7197,2026-07-12 10:27:11,104783,order-only-005546,,920.51,completed
7198,2026-07-22 17:20:35,104239,order-only-005547,,23723.03,cancelled
7199,2026-07-05 11:56:17,102176,order-only-005548,PROMO064,4159.06,completed
7200,2026-07-14 08:42:35,101988,order-only-005549,,12153.65,paid
7201,2026-07-08 02:21:28,100384,order-only-005550,,21654.51,paid
7202,2026-07-09 09:05:02,103007,order-only-005551,,22500.7,cancelled
7203,2026-07-13 02:45:37,103679,order-only-005552,,24473.65,completed
7204,2026-07-06 11:36:50,102944,order-only-005553,PROMO103,19976.06,cancelled
7205,2026-07-04 17:19:13,104498,order-only-005554,PROMO029,19229.61,cancelled
7206,2026-07-23 15:10:28,102792,order-only-005555,PROMO023,24001.93,created
7207,2026-07-27 13:59:52,100960,order-only-005556,,3572.49,paid
7208,2026-07-10 15:12:25,102954,order-only-005557,,1124.93,created
7209,2026-07-03 20:34:13,103824,order-only-005558,,19107.73,cancelled
7210,2026-07-11 22:03:18,101207,order-only-005559,,17452.05,paid
7211,2026-07-03 04:53:41,104762,order-only-005560,,11997.55,paid
7212,2026-07-31 00:40:52,102444,order-only-005561,PROMO062,8267.74,paid
7213,2026-07-24 17:39:03,103795,order-only-005562,PROMO078,17640.66,cancelled
7214,2026-07-07 21:05:10,101297,order-only-005563,PROMO003,24884.96,completed
7215,2026-07-29 20:57:01,100871,order-only-005564,,10845.51,completed
7216,2026-07-15 22:36:16,100470,order-only-005565,PROMO114,6279.54,paid
7217,2026-07-06 19:57:52,101394,order-only-005566,PROMO118,20744.58,completed
7218,2026-07-12 15:46:49,104607,order-only-005567,,11056.44,completed
7219,2026-07-31 01:54:25,102502,order-only-005568,,18532.47,paid
7220,2026-07-23 13:55:51,104916,order-only-005569,,8220.17,completed
7221,2026-07-06 08:09:01,100779,order-only-005570,,4126.03,created
7222,2026-07-28 22:34:37,104662,order-only-005571,,17377.67,paid
7223,2026-07-16 18:20:48,100787,order-only-005572,,13226.62,cancelled
7224,2026-07-16 16:13:23,101855,order-only-005573,,24062.47,completed
7225,2026-07-31 23:45:29,104002,order-only-005574,PROMO007,17644.62,created
7226,2026-07-26 11:59:18,100999,order-only-005575,,2794.53,created
7227,2026-07-02 14:48:40,101616,order-only-005576,,21979.67,paid
7228,2026-07-03 11:48:50,101079,order-only-005577,PROMO032,23430.37,created
7229,2026-07-03 21:48:39,102268,order-only-005578,PROMO103,14816.35,created
7230,2026-07-30 15:21:57,102310,order-only-005579,,16291.83,paid
7231,2026-07-20 11:43:08,100830,order-only-005580,PROMO084,1985.52,paid
7232,2026-07-06 09:36:21,102105,order-only-005581,,6049.65,cancelled
7233,2026-07-28 04:18:34,104065,order-only-005582,,11984.6,paid
7234,2026-07-04 22:34:55,101859,order-only-005583,PROMO092,13774.75,paid
7235,2026-07-03 11:56:54,101148,order-only-005584,,19674.51,paid
7236,2026-07-28 15:48:41,102648,order-only-005585,,24516.12,completed
7237,2026-07-24 12:31:13,103820,order-only-005586,,18459.37,paid
7238,2026-07-27 04:29:50,101041,order-only-005587,,6782.1,cancelled
7239,2026-07-05 11:17:13,101708,order-only-005588,,10562.6,created
7240,2026-07-03 04:30:05,100218,order-only-005589,PROMO067,6236.53,paid
7241,2026-07-18 05:20:07,103193,order-only-005590,,15637.92,completed
7242,2026-07-17 19:50:14,102073,order-only-005591,,14485.96,paid
7243,2026-07-01 09:58:50,100785,order-only-005592,PROMO005,11247.03,paid
7244,2026-07-28 09:32:27,100198,order-only-005593,,12034.42,completed
7245,2026-07-01 17:58:46,103525,order-only-005594,,23237.57,paid
7246,2026-07-18 21:20:39,101451,order-only-005595,,24639.45,cancelled
7247,2026-07-10 22:05:29,100136,order-only-005596,PROMO105,24775.31,completed
7248,2026-07-29 19:31:49,104356,order-only-005597,,21887.17,cancelled
7249,2026-07-11 16:04:22,104209,order-only-005598,,14496.02,paid
7250,2026-07-08 08:17:37,104128,order-only-005599,,2605.39,paid
7251,2026-07-25 17:25:01,101046,order-only-005600,PROMO002,20699.17,paid
7252,2026-07-02 20:02:06,104527,order-only-005601,,19686.23,paid
7253,2026-07-06 22:26:10,103381,order-only-005602,,16489.67,paid
7254,2026-07-08 18:55:39,104967,order-only-005603,PROMO024,24965.36,paid
7255,2026-07-31 09:22:33,103440,order-only-005604,PROMO003,24474.03,cancelled
7256,2026-07-16 16:39:05,100607,order-only-005605,PROMO056,18477.3,paid
7257,2026-07-25 21:30:08,102673,order-only-005606,PROMO111,4659.82,completed
7258,2026-07-14 15:38:57,100568,order-only-005607,PROMO043,21773.59,paid
7259,2026-07-02 13:38:58,101569,order-only-005608,PROMO041,8868.62,paid
7260,2026-07-21 14:56:36,102490,order-only-005609,,13737.97,paid
7261,2026-07-29 08:05:18,104326,order-only-005610,,7314.43,created
7262,2026-07-22 01:19:26,100079,order-only-005611,PROMO096,5676.57,created
7263,2026-07-09 02:40:30,102061,order-only-005612,PROMO065,4018.7,created
7264,2026-07-18 12:17:27,102479,order-only-005613,,18613.67,cancelled
7265,2026-07-29 04:41:17,103235,order-only-005614,,22117.9,cancelled
7266,2026-07-14 03:50:46,101144,order-only-005615,PROMO019,20994.12,completed
7267,2026-07-11 11:07:31,101662,order-only-005616,,9765.13,cancelled
7268,2026-07-30 22:46:31,104651,order-only-005617,,20377.26,completed
7269,2026-07-30 06:59:49,103855,order-only-005618,,12684.08,paid
7270,2026-07-20 09:20:23,103796,order-only-005619,PROMO076,7330.41,completed
7271,2026-07-16 07:29:53,100050,order-only-005620,,1090.08,completed
7272,2026-07-20 07:01:51,104345,order-only-005621,PROMO101,23331,completed
7273,2026-07-17 17:38:29,104379,order-only-005622,,23994.7,completed
7274,2026-07-23 19:12:22,101426,order-only-005623,PROMO106,12350.05,created
7275,2026-07-07 06:20:28,104555,order-only-005624,,23449.25,paid
7276,2026-07-10 17:04:05,100853,order-only-005625,PROMO023,1632.03,created
7277,2026-07-17 23:55:46,104697,order-only-005626,,15227.25,cancelled
7278,2026-07-26 11:18:01,100167,order-only-005627,PROMO037,6367.04,created
7279,2026-07-18 22:42:38,102973,order-only-005628,,11342.11,completed
7280,2026-07-28 17:01:36,104907,order-only-005629,,10648.94,completed
7281,2026-07-08 13:40:00,104654,order-only-005630,,20743.07,paid
7282,2026-07-08 19:56:22,103854,order-only-005631,PROMO007,19207.12,completed
7283,2026-07-08 23:52:25,103283,order-only-005632,,18958.77,completed
7284,2026-07-25 16:12:46,102758,order-only-005633,,17679.47,created
7285,2026-07-10 19:36:32,104521,order-only-005634,PROMO108,5438.9,paid
7286,2026-07-14 23:43:22,102238,order-only-005635,,19600.86,completed
7287,2026-07-11 09:03:52,103608,order-only-005636,,7868.99,paid
7288,2026-07-03 05:30:29,101203,order-only-005637,PROMO093,2778.7,paid
7289,2026-07-05 03:44:51,101410,order-only-005638,PROMO013,9147.65,cancelled
7290,2026-07-31 08:23:47,103642,order-only-005639,,762.52,cancelled
7291,2026-07-26 21:44:40,101387,order-only-005640,,3563.78,created
7292,2026-07-12 22:16:34,102046,order-only-005641,,17473.1,created
7293,2026-07-23 12:23:14,102015,order-only-005642,,8396.66,cancelled
7294,2026-07-22 07:28:20,101875,order-only-005643,PROMO114,23094.72,paid
7295,2026-07-31 05:04:13,102553,order-only-005644,PROMO052,11651.13,paid
7296,2026-07-17 06:05:04,102082,order-only-005645,,23028.93,completed
7297,2026-07-27 20:49:06,102409,order-only-005646,PROMO002,15306.04,completed
7298,2026-07-28 15:25:14,104237,order-only-005647,,1587.29,created
7299,2026-07-20 23:55:50,101347,order-only-005648,PROMO016,2786.24,completed
7300,2026-07-09 19:06:31,101285,order-only-005649,PROMO105,5214.68,paid
7301,2026-07-04 01:34:07,103709,order-only-005650,,6351.4,paid
7302,2026-07-27 21:09:24,103873,order-only-005651,PROMO030,14970.27,paid
7303,2026-07-06 15:45:30,103948,order-only-005652,,9732.19,paid
7304,2026-07-29 00:10:07,102813,order-only-005653,,19139.9,created
7305,2026-07-13 07:08:12,102686,order-only-005654,,22831.5,created
7306,2026-07-18 23:14:17,103184,order-only-005655,PROMO087,18190.71,paid
7307,2026-07-13 17:35:13,101903,order-only-005656,,861.29,paid
7308,2026-07-04 13:12:55,101913,order-only-005657,,503.75,paid
7309,2026-07-20 05:07:17,104439,order-only-005658,,13817.4,paid
7310,2026-07-20 22:01:38,103309,order-only-005659,,20924.78,paid
7311,2026-07-12 10:15:26,100924,order-only-005660,PROMO059,11016.35,cancelled
7312,2026-07-03 07:25:20,101719,order-only-005661,PROMO014,19112.96,cancelled
7313,2026-07-24 17:50:44,102123,order-only-005662,,8797.07,cancelled
7314,2026-07-23 09:38:10,102186,order-only-005663,,23806.87,paid
7315,2026-07-19 23:33:57,101413,order-only-005664,,16240.84,cancelled
7316,2026-07-26 12:23:32,104537,order-only-005665,,8265.06,paid
7317,2026-07-29 21:31:21,102377,order-only-005666,,8204.79,paid
7318,2026-07-16 11:56:06,101826,order-only-005667,PROMO069,9519.32,paid
7319,2026-07-03 21:27:01,103295,order-only-005668,,7269.92,paid
7320,2026-07-30 10:40:57,103355,order-only-005669,PROMO112,13913.45,created
7321,2026-07-08 02:03:10,103158,order-only-005670,PROMO053,17552.21,completed
7322,2026-07-30 08:10:15,103857,order-only-005671,,21259.12,completed
7323,2026-07-13 01:25:30,103821,order-only-005672,,6847.95,created
7324,2026-07-30 18:26:52,102783,order-only-005673,PROMO028,2878.33,paid
7325,2026-07-18 07:35:48,101726,order-only-005674,PROMO099,14135.73,cancelled
7326,2026-07-28 14:18:03,100241,order-only-005675,PROMO031,14851.43,completed
7327,2026-07-05 23:09:50,104254,order-only-005676,,15754.44,completed
7328,2026-07-19 12:35:48,103062,order-only-005677,,20067.98,completed
7329,2026-07-06 09:43:40,102443,order-only-005678,,19784.44,paid
7330,2026-07-29 11:49:07,102213,order-only-005679,,19582.84,paid
7331,2026-07-31 13:42:52,101211,order-only-005680,PROMO092,3973.89,completed
7332,2026-07-02 13:39:49,101846,order-only-005681,,2187.47,completed
7333,2026-07-23 05:56:29,102716,order-only-005682,,8323.25,cancelled
7334,2026-07-23 03:10:09,103088,order-only-005683,PROMO055,4931.38,cancelled
7335,2026-07-26 20:13:12,103771,order-only-005684,,419.31,completed
7336,2026-07-18 05:46:54,103010,order-only-005685,PROMO113,23607.77,paid
7337,2026-07-18 01:16:03,103728,order-only-005686,PROMO097,24626.72,completed
7338,2026-07-15 19:28:57,104609,order-only-005687,PROMO078,10332.25,paid
7339,2026-07-17 04:09:41,104034,order-only-005688,PROMO049,5168.89,completed
7340,2026-07-04 20:34:13,102475,order-only-005689,,2043.26,paid
7341,2026-07-13 16:05:16,102021,order-only-005690,,23438.13,paid
7342,2026-07-24 02:51:27,100889,order-only-005691,,12052.62,created
7343,2026-07-22 04:19:36,103998,order-only-005692,,1790.09,paid
7344,2026-07-10 18:22:57,102030,order-only-005693,,2402.26,paid
7345,2026-07-23 10:17:58,103402,order-only-005694,,6807.39,cancelled
7346,2026-07-10 21:20:44,103814,order-only-005695,,2305.59,completed
7347,2026-07-27 15:59:26,104614,order-only-005696,,9632.54,completed
7348,2026-07-08 13:12:02,102473,order-only-005697,,3348.33,paid
7349,2026-07-28 06:10:22,100693,order-only-005698,PROMO111,19703.67,paid
7350,2026-07-04 00:40:10,100188,order-only-005699,,21950.6,completed
7351,2026-07-31 03:36:44,100368,order-only-005700,,3891.15,paid
7352,2026-07-06 20:51:52,101099,order-only-005701,,11893.41,completed
7353,2026-07-13 00:52:41,101520,order-only-005702,,22496.54,completed
7354,2026-07-15 00:49:43,102812,order-only-005703,PROMO035,21935.45,paid
7355,2026-07-24 11:05:45,103866,order-only-005704,,11545.51,cancelled
7356,2026-07-11 04:40:47,101494,order-only-005705,PROMO027,13108.24,paid
7357,2026-07-30 10:28:44,101974,order-only-005706,PROMO021,21108.28,paid
7358,2026-07-28 16:57:27,103269,order-only-005707,PROMO102,393.76,paid
7359,2026-07-05 22:59:13,103088,order-only-005708,PROMO114,12142.37,cancelled
7360,2026-07-16 09:40:11,101247,order-only-005709,,17552.08,paid
7361,2026-07-14 11:51:23,102676,order-only-005710,,12257.55,completed
7362,2026-07-24 08:13:16,103404,order-only-005711,,6515.71,cancelled
7363,2026-07-25 18:33:57,101852,order-only-005712,,5074.8,created
7364,2026-07-02 02:56:30,102663,order-only-005713,PROMO071,9890.35,completed
7365,2026-07-24 07:07:29,101927,order-only-005714,PROMO084,2775.53,cancelled
7366,2026-07-24 09:24:39,101071,order-only-005715,,24414.96,created
7367,2026-07-21 16:47:18,100319,order-only-005716,PROMO059,23026.08,paid
7368,2026-07-25 23:08:27,102430,order-only-005717,,14099.62,paid
7369,2026-07-29 13:05:27,103228,order-only-005718,PROMO007,24695.28,completed
7370,2026-07-02 21:39:35,104597,order-only-005719,PROMO041,8810.13,cancelled
7371,2026-07-07 20:59:47,102891,order-only-005720,PROMO060,9917.96,completed
7372,2026-07-29 16:32:28,103231,order-only-005721,,20619.19,created
7373,2026-07-14 02:12:41,101479,order-only-005722,,15820.18,paid
7374,2026-07-17 22:23:12,102464,order-only-005723,,14213.53,paid
7375,2026-07-27 17:04:28,100410,order-only-005724,PROMO086,12383.85,cancelled
7376,2026-07-09 09:13:45,103288,order-only-005725,,24190.48,paid
7377,2026-07-24 12:18:13,103639,order-only-005726,,10083.88,paid
7378,2026-07-06 12:22:23,104148,order-only-005727,,22327.05,paid
7379,2026-07-10 20:34:15,102657,order-only-005728,,24088.85,paid
7380,2026-07-01 14:24:50,100735,order-only-005729,,22032.16,paid
7381,2026-07-07 05:12:57,100632,order-only-005730,,18500.78,created
7382,2026-07-07 04:06:47,104378,order-only-005731,PROMO066,19887.47,paid
7383,2026-07-02 12:56:31,103221,order-only-005732,,21032.98,paid
7384,2026-07-21 09:09:11,103826,order-only-005733,,13408.26,completed
7385,2026-07-16 00:00:16,102535,order-only-005734,,7818.31,completed
7386,2026-07-29 00:02:48,104964,order-only-005735,PROMO104,4401.79,created
7387,2026-07-16 06:51:38,104011,order-only-005736,PROMO114,20484.2,completed
7388,2026-07-15 04:31:43,104260,order-only-005737,,14429.04,cancelled
7389,2026-07-18 17:22:42,101461,order-only-005738,,19078.9,completed
7390,2026-07-03 15:02:34,101876,order-only-005739,,12085.49,completed
7391,2026-07-20 07:05:26,102060,order-only-005740,,15840.18,cancelled
7392,2026-07-16 17:52:28,101849,order-only-005741,,3819.82,cancelled
7393,2026-07-27 17:47:15,104851,order-only-005742,,21935.66,completed
7394,2026-07-25 02:36:46,104268,order-only-005743,,5857.22,completed
7395,2026-07-02 13:16:23,103070,order-only-005744,,7520.63,completed
7396,2026-07-23 16:17:58,102998,order-only-005745,,21064.39,paid
7397,2026-07-03 00:20:27,103255,order-only-005746,,16860.72,completed
7398,2026-07-05 08:08:36,104116,order-only-005747,,21220.82,paid
7399,2026-07-01 13:38:45,103313,order-only-005748,PROMO090,8700.75,paid
7400,2026-07-10 14:11:36,102238,order-only-005749,PROMO097,10201.46,paid
7401,2026-07-18 00:17:30,100900,order-only-005750,PROMO062,4744.82,cancelled
7402,2026-07-19 12:02:13,102674,order-only-005751,,24204.87,created
7403,2026-07-11 19:49:34,100668,order-only-005752,,10643.36,paid
7404,2026-07-05 08:35:20,104141,order-only-005753,PROMO114,11424.52,paid
7405,2026-07-02 16:33:38,104049,order-only-005754,PROMO031,907.56,completed
7406,2026-07-29 17:00:04,104829,order-only-005755,,2944.87,cancelled
7407,2026-07-23 17:37:10,100741,order-only-005756,,14410.29,completed
7408,2026-07-22 07:32:17,103158,order-only-005757,PROMO119,15947.66,paid
7409,2026-07-23 18:11:09,102929,order-only-005758,,24705.46,completed
7410,2026-07-04 22:43:29,101660,order-only-005759,,18130.57,paid
7411,2026-07-16 17:27:29,103841,order-only-005760,PROMO114,14746,paid
7412,2026-07-10 10:41:31,102793,order-only-005761,,5597.7,paid
7413,2026-07-16 18:40:06,102657,order-only-005762,PROMO103,12309.06,completed
7414,2026-07-16 15:04:28,102467,order-only-005763,PROMO063,13041.39,completed
7415,2026-07-17 22:46:08,103333,order-only-005764,,14380.88,created
7416,2026-07-21 09:03:10,101794,order-only-005765,,20380.55,cancelled
7417,2026-07-15 06:01:03,100017,order-only-005766,,19099.29,completed
7418,2026-07-10 10:49:16,103253,order-only-005767,,2256.42,paid
7419,2026-07-16 17:13:52,101760,order-only-005768,,18016.05,completed
7420,2026-07-16 06:20:18,102773,order-only-005769,,8459.18,paid
7421,2026-07-13 08:15:21,103752,order-only-005770,PROMO071,24631.52,cancelled
7422,2026-07-15 10:44:48,100396,order-only-005771,PROMO084,2071.62,cancelled
7423,2026-07-09 03:05:15,101707,order-only-005772,,17369.49,cancelled
7424,2026-07-16 12:04:17,101790,order-only-005773,,9497.57,paid
7425,2026-07-02 08:26:23,100311,order-only-005774,PROMO093,3258.4,cancelled
7426,2026-07-13 16:22:19,103275,order-only-005775,,19960.06,completed
7427,2026-07-10 21:59:29,101341,order-only-005776,,4395.06,paid
7428,2026-07-10 20:25:14,103780,order-only-005777,,17665.53,paid
7429,2026-07-11 01:19:15,101663,order-only-005778,PROMO032,11469.4,created
7430,2026-07-04 23:40:52,103218,order-only-005779,,15515.76,completed
7431,2026-07-29 19:13:05,100087,order-only-005780,PROMO033,18700.34,completed
7432,2026-07-16 11:24:26,103198,order-only-005781,,9722.05,paid
7433,2026-07-17 04:56:02,100616,order-only-005782,,2077.09,completed
7434,2026-07-11 11:53:36,100192,order-only-005783,PROMO062,23204.39,cancelled
7435,2026-07-13 15:06:38,100441,order-only-005784,,24385.24,cancelled
7436,2026-07-22 14:44:28,101479,order-only-005785,PROMO019,13403.53,cancelled
7437,2026-07-04 03:41:47,100620,order-only-005786,PROMO031,21307.92,paid
7438,2026-07-03 11:02:38,101345,order-only-005787,,15800.38,cancelled
7439,2026-07-05 16:13:53,104526,order-only-005788,PROMO112,2284.63,completed
7440,2026-07-08 12:39:51,101755,order-only-005789,PROMO119,15692.83,completed
7441,2026-07-07 16:23:16,102474,order-only-005790,,9219.1,cancelled
7442,2026-07-13 19:04:18,104024,order-only-005791,,14078.5,created
7443,2026-07-19 17:43:35,104416,order-only-005792,PROMO113,10317.88,paid
7444,2026-07-24 02:53:25,103933,order-only-005793,,23826.03,created
7445,2026-07-23 16:53:39,100209,order-only-005794,PROMO051,22468.6,completed
7446,2026-07-01 23:26:06,104018,order-only-005795,,18142.12,completed
7447,2026-07-30 21:24:54,101881,order-only-005796,PROMO060,1448.08,completed
7448,2026-07-19 14:17:25,104716,order-only-005797,,15211.25,paid
7449,2026-07-12 18:57:39,102676,order-only-005798,PROMO051,7241.62,paid
7450,2026-07-27 05:43:02,103859,order-only-005799,,8347.29,paid
7451,2026-07-13 19:26:15,101185,order-only-005800,,24077.74,created
7452,2026-07-17 09:52:56,101511,order-only-005801,PROMO102,18492.2,completed
7453,2026-07-16 05:26:23,101977,order-only-005802,,18478.68,completed
7454,2026-07-14 12:33:32,103205,order-only-005803,,16638.07,completed
7455,2026-07-27 05:49:59,104639,order-only-005804,PROMO077,9556.53,paid
7456,2026-07-31 19:39:49,103141,order-only-005805,PROMO057,16568.83,completed
7457,2026-07-22 02:32:52,102341,order-only-005806,PROMO080,5210.13,paid
7458,2026-07-10 07:11:46,100106,order-only-005807,,11942.71,completed
7459,2026-07-29 12:29:08,103616,order-only-005808,,7421.43,paid
7460,2026-07-10 17:18:17,104862,order-only-005809,,17779.31,created
7461,2026-07-08 14:08:57,101273,order-only-005810,,12454.25,created
7462,2026-07-06 18:23:16,101222,order-only-005811,,13418.65,paid
7463,2026-07-18 08:12:24,104018,order-only-005812,PROMO109,12997.06,cancelled
7464,2026-07-21 06:02:40,101110,order-only-005813,,13668.65,cancelled
7465,2026-07-02 13:36:57,104415,order-only-005814,,2632.62,completed
7466,2026-07-08 06:26:49,100671,order-only-005815,PROMO001,12728.62,paid
7467,2026-07-08 07:40:13,104307,order-only-005816,,5803.16,paid
7468,2026-07-30 04:16:15,103249,order-only-005817,PROMO005,3734.73,paid
7469,2026-07-19 03:00:01,101729,order-only-005818,,6198.02,cancelled
7470,2026-07-26 10:40:41,103053,order-only-005819,,21164.01,paid
7471,2026-07-11 00:57:08,101591,order-only-005820,,17566.75,created
7472,2026-07-13 02:30:26,101111,order-only-005821,PROMO067,3880.39,created
7473,2026-07-22 03:04:52,102235,order-only-005822,PROMO086,5120.92,completed
7474,2026-07-16 03:54:01,101331,order-only-005823,,24802.22,cancelled
7475,2026-07-27 09:19:45,101620,order-only-005824,PROMO009,762.59,cancelled
7476,2026-07-22 02:16:03,100595,order-only-005825,PROMO055,7579.37,paid
7477,2026-07-29 16:51:27,103880,order-only-005826,,17895.18,completed
7478,2026-07-22 05:49:00,103528,order-only-005827,PROMO020,3780.39,completed
7479,2026-07-23 17:39:26,102086,order-only-005828,,14145.71,paid
7480,2026-07-16 11:30:14,103814,order-only-005829,PROMO098,19536.57,paid
7481,2026-07-07 11:05:18,102464,order-only-005830,,16661.68,created
7482,2026-07-19 09:27:01,102339,order-only-005831,,7187.17,cancelled
7483,2026-07-11 06:27:12,101568,order-only-005832,,22146.32,completed
7484,2026-07-14 07:25:27,104499,order-only-005833,,16821.35,paid
7485,2026-07-16 00:05:44,100586,order-only-005834,,15909.8,created
7486,2026-07-10 16:25:13,102645,order-only-005835,,1089.39,paid
7487,2026-07-11 19:16:37,101471,order-only-005836,,9293.42,cancelled
7488,2026-07-21 19:26:48,101974,order-only-005837,,20514.28,paid
7489,2026-07-19 06:02:41,100581,order-only-005838,,20041.54,paid
7490,2026-07-01 19:01:24,100247,order-only-005839,PROMO063,7974.76,completed
7491,2026-07-26 00:52:03,104534,order-only-005840,,21331.79,paid
7492,2026-07-19 10:44:58,103063,order-only-005841,,20522.41,completed
7493,2026-07-31 09:15:04,102398,order-only-005842,,21113.15,completed
7494,2026-07-16 05:14:28,103687,order-only-005843,,11357.52,completed
7495,2026-07-25 15:00:15,103721,order-only-005844,,20125.6,paid
7496,2026-07-02 05:26:12,103503,order-only-005845,PROMO091,6973.72,paid
7497,2026-07-23 13:13:42,101360,order-only-005846,PROMO024,6010.95,paid
7498,2026-07-18 09:21:49,101817,order-only-005847,PROMO071,14761.6,cancelled
7499,2026-07-18 01:25:55,103989,order-only-005848,,24977.43,completed
7500,2026-07-29 09:21:16,104947,order-only-005849,PROMO071,7728.72,created
7501,2026-07-19 13:36:52,100384,order-only-005850,,15085.49,paid
7502,2026-07-06 08:07:10,104846,order-only-005851,,10120.51,paid
7503,2026-07-04 11:55:04,104956,order-only-005852,PROMO001,8915.54,paid
7504,2026-07-08 03:37:18,102803,order-only-005853,,14834.22,cancelled
7505,2026-07-25 09:37:25,104541,order-only-005854,,19016.96,paid
7506,2026-07-01 16:08:40,104355,order-only-005855,,22212.21,completed
7507,2026-07-22 15:02:34,104764,order-only-005856,,14447.63,cancelled
7508,2026-07-03 22:04:16,102137,order-only-005857,PROMO108,15119.82,created
7509,2026-07-19 00:32:47,100010,order-only-005858,,3831.03,completed
7510,2026-07-20 02:34:46,103956,order-only-005859,PROMO093,7138.5,paid
7511,2026-07-07 09:13:12,102704,order-only-005860,PROMO086,3606.1,paid
7512,2026-07-28 21:15:16,100698,order-only-005861,PROMO031,5748.25,paid
7513,2026-07-21 23:39:36,104158,order-only-005862,,7853.35,completed
7514,2026-07-21 22:09:59,100050,order-only-005863,,22214.33,completed
7515,2026-07-05 16:44:59,104096,order-only-005864,,20511.14,cancelled
7516,2026-07-24 23:35:21,102452,order-only-005865,,10413.18,cancelled
7517,2026-07-06 18:21:14,101855,order-only-005866,,22200.05,paid
7518,2026-07-15 19:04:24,103223,order-only-005867,,16799.66,cancelled
7519,2026-07-29 03:56:57,100763,order-only-005868,,8682.76,completed
7520,2026-07-05 19:31:50,100336,order-only-005869,PROMO011,16691.36,created
7521,2026-07-22 08:32:46,100597,order-only-005870,,4612.88,paid
7522,2026-07-21 22:44:11,103486,order-only-005871,,17059.2,created
7523,2026-07-13 22:38:00,104071,order-only-005872,,1088.91,completed
7524,2026-07-12 09:42:41,101207,order-only-005873,PROMO078,16528.46,paid
7525,2026-07-24 23:15:58,100511,order-only-005874,PROMO013,15274.05,paid
7526,2026-07-15 14:53:40,102719,order-only-005875,PROMO060,18638.69,completed
7527,2026-07-25 16:53:46,102401,order-only-005876,,19077.55,paid
7528,2026-07-09 07:46:31,101725,order-only-005877,,16927.14,completed
7529,2026-07-05 08:06:54,104921,order-only-005878,,6895.23,paid
7530,2026-07-27 23:45:26,101006,order-only-005879,,24843.07,completed
7531,2026-07-03 01:06:24,102711,order-only-005880,,1755.19,completed
7532,2026-07-15 14:36:00,103622,order-only-005881,,19550.15,completed
7533,2026-07-17 22:10:29,102107,order-only-005882,,20822.29,created
7534,2026-07-14 09:31:19,102778,order-only-005883,,14110.5,created
7535,2026-07-09 19:51:15,102676,order-only-005884,,8566.63,paid
7536,2026-07-27 04:23:49,104282,order-only-005885,,14130.05,cancelled
7537,2026-07-24 08:02:24,101732,order-only-005886,,24123.92,completed
7538,2026-07-10 05:38:00,102268,order-only-005887,,22755.77,paid
7539,2026-07-15 23:04:25,103497,order-only-005888,,24932.57,paid
7540,2026-07-08 20:50:35,102692,order-only-005889,,20186.73,completed
7541,2026-07-14 21:25:47,100036,order-only-005890,,11276.6,paid
7542,2026-07-28 13:05:49,102199,order-only-005891,,21472.46,paid
7543,2026-07-30 22:41:39,100701,order-only-005892,,14149.56,paid
7544,2026-07-05 17:57:52,103913,order-only-005893,,19258.52,completed
7545,2026-07-02 23:10:01,100256,order-only-005894,,14850.74,paid
7546,2026-07-26 20:51:20,102143,order-only-005895,,2373.5,paid
7547,2026-07-10 04:21:11,101172,order-only-005896,,12048.89,paid
7548,2026-07-05 05:18:11,100681,order-only-005897,,22704.16,completed
7549,2026-07-15 18:41:21,104492,order-only-005898,PROMO075,4482.96,completed
7550,2026-07-20 04:15:21,103703,order-only-005899,,8492.33,paid
7551,2026-07-21 10:09:05,102206,order-only-005900,PROMO037,21905.97,cancelled
7552,2026-07-17 23:38:36,103042,order-only-005901,PROMO077,20035.96,created
7553,2026-07-16 18:14:14,102233,order-only-005902,,15281.81,cancelled
7554,2026-07-15 00:01:16,101650,order-only-005903,,14577.35,completed
7555,2026-07-25 21:54:43,100314,order-only-005904,,5660.65,completed
7556,2026-07-21 09:12:36,103588,order-only-005905,,23640.87,paid
7557,2026-07-08 19:28:01,103499,order-only-005906,PROMO111,22427.66,paid
7558,2026-07-01 09:48:41,102923,order-only-005907,,8244.11,paid
7559,2026-07-19 11:04:29,104961,order-only-005908,PROMO058,14083.55,created
7560,2026-07-05 22:29:03,103494,order-only-005909,,22195.25,completed
7561,2026-07-01 21:09:53,102280,order-only-005910,,9739.11,paid
7562,2026-07-23 17:29:22,101162,order-only-005911,PROMO044,5686.06,paid
7563,2026-07-11 11:41:10,101933,order-only-005912,PROMO067,5267.41,paid
7564,2026-07-05 13:02:26,103698,order-only-005913,PROMO023,21757.85,cancelled
7565,2026-07-14 13:42:26,103747,order-only-005914,PROMO008,22741.86,completed
7566,2026-07-15 19:48:46,100228,order-only-005915,,20364.25,created
7567,2026-07-19 20:07:15,105000,order-only-005916,PROMO021,9646.91,completed
7568,2026-07-08 08:56:32,102339,order-only-005917,,1916.17,paid
7569,2026-07-10 16:31:27,101466,order-only-005918,,16697.75,completed
7570,2026-07-18 10:58:47,101312,order-only-005919,PROMO011,6483.52,completed
7571,2026-07-21 06:01:08,102711,order-only-005920,PROMO024,22946.81,cancelled
7572,2026-07-17 05:48:44,102848,order-only-005921,,24056.94,completed
7573,2026-07-23 11:04:08,101400,order-only-005922,PROMO005,10122.74,paid
7574,2026-07-09 23:35:04,100543,order-only-005923,,554.54,paid
7575,2026-07-27 13:43:03,102760,order-only-005924,PROMO097,20902.04,cancelled
7576,2026-07-13 14:31:34,101828,order-only-005925,PROMO073,17186.66,paid
7577,2026-07-28 02:53:50,100179,order-only-005926,,9252.26,cancelled
7578,2026-07-30 20:09:12,104691,order-only-005927,,1922.91,cancelled
7579,2026-07-05 23:50:52,103246,order-only-005928,,5611.55,cancelled
7580,2026-07-20 16:23:47,103824,order-only-005929,,1819.21,paid
7581,2026-07-24 07:52:28,101683,order-only-005930,PROMO095,2759.02,created
7582,2026-07-20 02:50:09,101208,order-only-005931,,10042.52,created
7583,2026-07-13 05:05:24,104414,order-only-005932,PROMO098,12490.47,completed
7584,2026-07-29 00:39:35,104230,order-only-005933,,19109.19,paid
7585,2026-07-27 18:31:51,102019,order-only-005934,,8752.55,completed
7586,2026-07-29 13:04:00,101531,order-only-005935,PROMO079,23384.66,paid
7587,2026-07-08 17:02:17,104873,order-only-005936,,7487.69,paid
7588,2026-07-22 15:47:55,104987,order-only-005937,,4873.8,paid
7589,2026-07-03 20:27:46,102059,order-only-005938,,12978.23,paid
7590,2026-07-29 00:33:44,102534,order-only-005939,,5390.49,created
7591,2026-07-13 09:25:33,101755,order-only-005940,,6905.23,completed
7592,2026-07-05 02:18:26,102757,order-only-005941,PROMO083,11329.69,cancelled
7593,2026-07-16 07:54:29,100289,order-only-005942,,23003.86,cancelled
7594,2026-07-22 18:19:31,100309,order-only-005943,PROMO080,9346.32,cancelled
7595,2026-07-05 01:56:33,102133,order-only-005944,,19803.9,paid
7596,2026-07-06 07:11:17,101372,order-only-005945,PROMO018,7143.74,completed
7597,2026-07-06 13:00:55,101045,order-only-005946,,24625.78,paid
7598,2026-07-27 20:00:04,102065,order-only-005947,PROMO071,17301.43,created
7599,2026-07-14 16:55:00,101081,order-only-005948,,21358.95,cancelled
7600,2026-07-24 10:51:25,104204,order-only-005949,,22424.55,cancelled
7601,2026-07-23 03:11:17,101563,order-only-005950,,9860.46,completed
7602,2026-07-05 19:18:10,103544,order-only-005951,,2322.71,cancelled
7603,2026-07-10 22:41:08,103950,order-only-005952,,24198.78,completed
7604,2026-07-19 01:15:46,102596,order-only-005953,PROMO024,3477.74,paid
7605,2026-07-25 22:22:14,103147,order-only-005954,,9744.67,cancelled
7606,2026-07-30 18:52:04,102795,order-only-005955,,3455.64,completed
7607,2026-07-05 04:33:16,103190,order-only-005956,,24107.38,paid
7608,2026-07-19 18:34:25,103251,order-only-005957,PROMO096,18766.05,created
7609,2026-07-07 09:02:20,102895,order-only-005958,,3968.05,paid
7610,2026-07-15 04:16:21,103392,order-only-005959,,11102.05,paid
7611,2026-07-27 15:26:41,102590,order-only-005960,,2373.85,paid
7612,2026-07-14 09:35:18,101698,order-only-005961,,10193.3,completed
7613,2026-07-30 08:36:05,104821,order-only-005962,,9624.87,created
7614,2026-07-13 06:51:06,102986,order-only-005963,,22320.27,completed
7615,2026-07-25 01:01:16,104762,order-only-005964,,19079.05,paid
7616,2026-07-03 04:15:13,102322,order-only-005965,,24112.14,completed
7617,2026-07-08 19:15:24,101770,order-only-005966,,14554.16,completed
7618,2026-07-21 19:02:25,100205,order-only-005967,PROMO105,24876.74,completed
7619,2026-07-17 17:32:41,102746,order-only-005968,PROMO097,9011.29,paid
7620,2026-07-14 04:30:34,101600,order-only-005969,,7033.93,cancelled
7621,2026-07-25 04:56:12,104711,order-only-005970,PROMO102,16993.79,paid
7622,2026-07-31 19:48:17,103690,order-only-005971,,9841.53,completed
7623,2026-07-03 16:37:38,102526,order-only-005972,PROMO046,20577.72,cancelled
7624,2026-07-19 13:42:13,100525,order-only-005973,,16445.33,cancelled
7625,2026-07-26 07:49:46,101166,order-only-005974,,22604.9,paid
7626,2026-07-16 18:37:07,102501,order-only-005975,,11676.03,created
7627,2026-07-02 07:51:58,104822,order-only-005976,,20361.18,paid
7628,2026-07-29 07:38:46,100358,order-only-005977,,9151.26,completed
7629,2026-07-29 19:52:48,102891,order-only-005978,PROMO082,13432.45,paid
7630,2026-07-14 18:38:20,100346,order-only-005979,,4794.98,completed
7631,2026-07-01 13:44:22,104086,order-only-005980,PROMO004,2211.03,completed
7632,2026-07-23 06:19:36,100533,order-only-005981,PROMO078,13560.42,completed
7633,2026-07-26 07:22:20,104669,order-only-005982,,16638.48,paid
7634,2026-07-15 23:10:56,101891,order-only-005983,PROMO056,20025.14,completed
7635,2026-07-25 02:27:46,102920,order-only-005984,PROMO019,626.32,created
7636,2026-07-15 05:09:16,104682,order-only-005985,,7352.94,paid
7637,2026-07-06 00:29:33,101408,order-only-005986,,23645.75,completed
7638,2026-07-27 14:19:39,103028,order-only-005987,PROMO070,17104.05,completed
7639,2026-07-05 01:32:15,103658,order-only-005988,,9694.12,completed
7640,2026-07-16 18:57:00,100200,order-only-005989,,11427.52,completed
7641,2026-07-24 04:30:26,102418,order-only-005990,,23035.41,cancelled
7642,2026-07-08 11:45:01,104101,order-only-005991,PROMO049,2110.71,cancelled
7643,2026-07-12 17:11:55,103442,order-only-005992,,18246.15,completed
7644,2026-07-24 06:07:59,103296,order-only-005993,PROMO115,3129.76,completed
7645,2026-07-02 19:21:20,104041,order-only-005994,,11292.72,paid
7646,2026-07-08 16:32:57,102335,order-only-005995,,22553.51,cancelled
7647,2026-07-14 08:29:57,101813,order-only-005996,PROMO083,16284.41,paid
7648,2026-07-23 00:57:56,100329,order-only-005997,,6348.53,created
7649,2026-07-07 16:47:18,101852,order-only-005998,,20012.99,paid
7650,2026-07-21 06:01:10,103701,order-only-005999,,16784.21,paid
7651,2026-07-13 01:33:17,103445,order-only-006000,PROMO052,21883.31,paid
7652,2026-07-05 20:30:39,103311,order-only-006001,,10118.26,cancelled
7653,2026-07-28 18:46:07,103922,order-only-006002,,20846.62,completed
7654,2026-07-04 07:34:11,104692,order-only-006003,PROMO119,9820.15,completed
7655,2026-07-21 20:31:31,100895,order-only-006004,,12351.09,paid
7656,2026-07-07 01:18:22,104741,order-only-006005,,23572.86,cancelled
7657,2026-07-15 23:16:06,100118,order-only-006006,,6901.57,created
7658,2026-07-27 15:09:10,103856,order-only-006007,PROMO119,14024.89,paid
7659,2026-07-04 07:04:41,100328,order-only-006008,,6156.5,cancelled
7660,2026-07-01 22:29:07,102652,order-only-006009,,11791.35,cancelled
7661,2026-07-30 13:42:48,102987,order-only-006010,PROMO077,23273.05,completed
7662,2026-07-24 01:54:18,102234,order-only-006011,,21191.63,completed
7663,2026-07-29 13:11:49,103456,order-only-006012,,5445.35,completed
7664,2026-07-29 16:57:20,102347,order-only-006013,PROMO103,21280.09,completed
7665,2026-07-11 19:43:33,100902,order-only-006014,,9601.32,paid
7666,2026-07-15 17:46:57,102504,order-only-006015,,15471.41,completed
7667,2026-07-05 17:46:22,104553,order-only-006016,PROMO028,4596.48,completed
7668,2026-07-24 08:20:53,100378,order-only-006017,,371.86,cancelled
7669,2026-07-03 08:11:37,103146,order-only-006018,,14444.48,paid
7670,2026-07-09 06:00:07,104720,order-only-006019,PROMO049,18538.04,completed
7671,2026-07-14 15:56:24,103998,order-only-006020,PROMO088,5829.28,paid
7672,2026-07-31 06:15:26,101942,order-only-006021,,22803.93,cancelled
7673,2026-07-26 05:11:32,101046,order-only-006022,PROMO094,10462.92,paid
7674,2026-07-11 03:17:38,104578,order-only-006023,PROMO014,3677.11,cancelled
7675,2026-07-25 06:45:56,102286,order-only-006024,,3929.49,completed
7676,2026-07-15 21:55:18,101003,order-only-006025,,20045.8,cancelled
7677,2026-07-10 20:04:33,101505,order-only-006026,,1377.68,completed
7678,2026-07-15 01:54:30,100064,order-only-006027,,5170.89,completed
7679,2026-07-19 02:27:51,104340,order-only-006028,PROMO040,1656.43,completed
7680,2026-07-02 11:18:46,100830,order-only-006029,,2432.17,created
7681,2026-07-10 11:09:55,104856,order-only-006030,,10544.18,cancelled
7682,2026-07-09 12:03:40,104098,order-only-006031,,10096.04,paid
7683,2026-07-02 07:02:23,102840,order-only-006032,PROMO111,15672.92,completed
7684,2026-07-14 09:03:38,104233,order-only-006033,,20220.79,completed
7685,2026-07-10 00:34:08,102796,order-only-006034,,8168.15,created
7686,2026-07-22 03:47:07,103456,order-only-006035,,2062.33,completed
7687,2026-07-02 12:01:01,104704,order-only-006036,,24132.79,cancelled
7688,2026-07-09 00:29:15,104280,order-only-006037,,14279.06,completed
7689,2026-07-09 14:56:22,102629,order-only-006038,,13012.79,cancelled
7690,2026-07-02 04:08:11,102662,order-only-006039,PROMO103,14389.59,cancelled
7691,2026-07-29 21:55:23,103964,order-only-006040,,13753.06,cancelled
7692,2026-07-23 11:39:10,104313,order-only-006041,PROMO062,6897.69,cancelled
7693,2026-07-09 12:45:49,103883,order-only-006042,PROMO047,1699.71,completed
7694,2026-07-14 19:31:18,102653,order-only-006043,,18811.5,cancelled
7695,2026-07-05 22:58:09,104044,order-only-006044,,9619.3,cancelled
7696,2026-07-29 02:24:55,104555,order-only-006045,,21852.59,completed
7697,2026-07-23 16:26:21,101342,order-only-006046,PROMO061,5427.04,completed
7698,2026-07-07 08:56:43,101749,order-only-006047,,9006.63,completed
7699,2026-07-25 12:09:34,103911,order-only-006048,PROMO017,8530.53,created
7700,2026-07-25 19:45:00,102528,order-only-006049,,7399.04,cancelled
7701,2026-07-23 00:50:01,102039,order-only-006050,,9923.52,paid
7702,2026-07-29 19:24:20,103694,order-only-006051,,17072.79,cancelled
7703,2026-07-07 18:26:13,100960,order-only-006052,,12205.98,completed
7704,2026-07-22 23:30:21,103438,order-only-006053,,14391.38,completed
7705,2026-07-16 04:43:52,102510,order-only-006054,PROMO076,2102.99,created
7706,2026-07-20 08:00:01,101413,order-only-006055,,6612.55,paid
7707,2026-07-09 05:13:29,103199,order-only-006056,,24880.31,paid
7708,2026-07-10 15:08:17,104432,order-only-006057,,4769.5,paid
7709,2026-07-09 16:45:47,102709,order-only-006058,,11984.02,completed
7710,2026-07-20 06:10:52,101864,order-only-006059,,20063.05,paid
7711,2026-07-02 00:23:36,100070,order-only-006060,,9799.55,paid
7712,2026-07-11 21:14:56,102149,order-only-006061,,13154.04,completed
7713,2026-07-03 23:42:17,103408,order-only-006062,,4236,paid
7714,2026-07-28 14:06:57,104958,order-only-006063,PROMO047,4512.71,completed
7715,2026-07-28 01:49:05,100713,order-only-006064,PROMO072,14969.77,paid
7716,2026-07-24 21:25:08,104990,order-only-006065,,10981.76,paid
7717,2026-07-28 20:32:21,102620,order-only-006066,PROMO120,14649.94,completed
7718,2026-07-02 03:34:56,100356,order-only-006067,PROMO085,7685.33,paid
7719,2026-07-06 19:21:41,101134,order-only-006068,,15723.13,created
7720,2026-07-05 16:16:58,104857,order-only-006069,PROMO017,12084.59,completed
7721,2026-07-31 01:20:40,102727,order-only-006070,PROMO053,13861.22,completed
7722,2026-07-11 10:36:00,100295,order-only-006071,,20931.74,paid
7723,2026-07-07 05:11:51,104459,order-only-006072,,14639.54,completed
7724,2026-07-04 14:38:13,100425,order-only-006073,PROMO022,9580.21,created
7725,2026-07-28 08:01:20,102608,order-only-006074,,21168.43,paid
7726,2026-07-22 17:58:51,101123,order-only-006075,PROMO070,8895.44,cancelled
7727,2026-07-28 10:36:42,102203,order-only-006076,,5485.31,cancelled
7728,2026-07-27 17:14:09,103702,order-only-006077,,21142.56,paid
7729,2026-07-11 17:13:03,103711,order-only-006078,,18752.31,cancelled
7730,2026-07-09 07:51:03,101633,order-only-006079,,10318.11,cancelled
7731,2026-07-29 11:19:51,104188,order-only-006080,,23101.14,paid
7732,2026-07-30 01:25:21,103541,order-only-006081,PROMO044,5683.03,cancelled
7733,2026-07-07 06:15:14,103626,order-only-006082,PROMO081,19557.58,paid
7734,2026-07-01 02:21:06,103823,order-only-006083,,23465.09,paid
7735,2026-07-04 18:21:02,100500,order-only-006084,PROMO079,17614.01,created
7736,2026-07-05 07:54:04,101922,order-only-006085,,6944.54,paid
7737,2026-07-12 18:23:54,104531,order-only-006086,PROMO083,3845.43,completed
7738,2026-07-05 18:09:04,101743,order-only-006087,PROMO117,7987.01,completed
7739,2026-07-29 16:13:48,103827,order-only-006088,,4130.51,created
7740,2026-07-08 09:07:26,100439,order-only-006089,,14115.9,paid
7741,2026-07-18 21:05:20,102099,order-only-006090,,12419.36,completed
7742,2026-07-01 00:01:30,104915,order-only-006091,,17333.56,paid
7743,2026-07-27 10:41:35,100196,order-only-006092,,15839.43,paid
7744,2026-07-19 04:17:14,102956,order-only-006093,,12166.3,paid
7745,2026-07-09 20:19:30,102930,order-only-006094,,22610.31,created
7746,2026-07-01 08:47:18,100137,order-only-006095,,19294.2,cancelled
7747,2026-07-16 06:01:35,100696,order-only-006096,PROMO085,7626.36,completed
7748,2026-07-04 08:05:48,103674,order-only-006097,,11908.44,created
7749,2026-07-11 07:48:28,104877,order-only-006098,,4286.4,completed
7750,2026-07-21 01:13:01,104032,order-only-006099,PROMO074,14972.42,completed
7751,2026-07-26 21:28:36,101628,order-only-006100,,22102.8,completed
7752,2026-07-16 03:42:27,103005,order-only-006101,PROMO079,20620.18,completed
7753,2026-07-23 17:46:54,103973,order-only-006102,,18276.35,cancelled
7754,2026-07-17 06:10:05,101810,order-only-006103,PROMO116,3867.63,cancelled
7755,2026-07-26 16:32:10,103702,order-only-006104,,13343.39,paid
7756,2026-07-28 22:44:52,104747,order-only-006105,PROMO087,23080.9,paid
7757,2026-07-19 01:53:46,104436,order-only-006106,,19959.85,paid
7758,2026-07-20 16:27:31,103623,order-only-006107,,18567.36,paid
7759,2026-07-23 03:23:04,104559,order-only-006108,,24189.65,cancelled
7760,2026-07-04 06:58:33,102978,order-only-006109,,22733.45,paid
7761,2026-07-31 12:25:35,102006,order-only-006110,,9886.53,cancelled
7762,2026-07-15 19:55:40,103270,order-only-006111,PROMO003,13266.28,paid
7763,2026-07-12 00:00:34,104140,order-only-006112,PROMO020,4930.36,paid
7764,2026-07-22 03:03:08,101558,order-only-006113,,20111.38,completed
7765,2026-07-12 04:05:49,100162,order-only-006114,,22909.72,completed
7766,2026-07-31 08:46:19,104429,order-only-006115,,5173.17,paid
7767,2026-07-24 00:57:38,103411,order-only-006116,,16750.09,cancelled
7768,2026-07-22 14:49:07,104365,order-only-006117,PROMO105,20586.91,created
7769,2026-07-05 20:02:30,101650,order-only-006118,,1641.83,paid
7770,2026-07-30 22:21:35,100592,order-only-006119,,5794.93,cancelled
7771,2026-07-18 14:43:52,100733,order-only-006120,PROMO094,10924.79,paid
7772,2026-07-09 02:48:03,100196,order-only-006121,,1165.57,cancelled
7773,2026-07-04 22:40:58,101804,order-only-006122,PROMO045,14384.66,paid
7774,2026-07-20 21:45:23,104516,order-only-006123,,20611.83,completed
7775,2026-07-23 08:09:02,104055,order-only-006124,PROMO029,18771.58,completed
7776,2026-07-30 13:58:27,103988,order-only-006125,,15213.56,cancelled
7777,2026-07-04 23:01:43,103718,order-only-006126,,3306.08,paid
7778,2026-07-03 19:06:37,102588,order-only-006127,,23344.3,paid
7779,2026-07-23 15:56:08,100936,order-only-006128,,10367.96,completed
7780,2026-07-13 18:42:24,103751,order-only-006129,,5354.04,paid
7781,2026-07-06 04:57:19,103266,order-only-006130,,14717.41,paid
7782,2026-07-31 13:51:44,101008,order-only-006131,,21159.74,completed
7783,2026-07-18 19:17:51,100633,order-only-006132,PROMO037,8809.5,completed
7784,2026-07-09 16:40:52,102454,order-only-006133,,10314.22,completed
7785,2026-07-14 19:58:11,103001,order-only-006134,,17661.15,paid
7786,2026-07-08 11:13:45,101010,order-only-006135,,23620.52,cancelled
7787,2026-07-24 19:24:05,104058,order-only-006136,PROMO063,3330.28,created
7788,2026-07-16 01:03:14,103998,order-only-006137,PROMO054,10473.27,paid
7789,2026-07-16 17:40:56,103376,order-only-006138,,6915.8,cancelled
7790,2026-07-03 15:10:40,103105,order-only-006139,,4275.5,paid
7791,2026-07-28 17:35:52,102919,order-only-006140,,10236.36,paid
7792,2026-07-09 07:54:55,100605,order-only-006141,,24805.48,paid
7793,2026-07-20 12:27:58,101101,order-only-006142,,1238.82,completed
7794,2026-07-27 15:13:08,101729,order-only-006143,PROMO034,14315.43,completed
7795,2026-07-30 20:01:48,102606,order-only-006144,,20813.87,cancelled
7796,2026-07-29 11:41:34,103552,order-only-006145,,4583.07,paid
7797,2026-07-13 09:40:36,100666,order-only-006146,,15930.04,paid
7798,2026-07-19 11:13:02,104274,order-only-006147,,13391.45,cancelled
7799,2026-07-08 00:23:26,100520,order-only-006148,,20429.22,paid
7800,2026-07-27 13:17:16,100767,order-only-006149,,9225.76,cancelled
7801,2026-07-26 07:22:18,101621,order-only-006150,,10846.88,completed
7802,2026-07-18 21:03:28,104369,order-only-006151,,8479.61,paid
7803,2026-07-31 21:58:53,102092,order-only-006152,,1095.37,completed
7804,2026-07-03 10:42:19,101671,order-only-006153,,8809.71,completed
7805,2026-07-08 23:58:41,102671,order-only-006154,,8473.01,created
7806,2026-07-13 22:37:11,103205,order-only-006155,,20536.39,completed
7807,2026-07-22 15:24:23,101749,order-only-006156,,23319.07,paid
7808,2026-07-24 16:46:16,102819,order-only-006157,PROMO118,8270.75,completed
7809,2026-07-06 21:55:04,102262,order-only-006158,,15145.73,cancelled
7810,2026-07-01 05:53:19,102490,order-only-006159,,13985.84,completed
7811,2026-07-11 22:44:20,102486,order-only-006160,,2278.21,completed
7812,2026-07-17 19:50:13,100594,order-only-006161,PROMO089,9837.06,created
7813,2026-07-26 10:39:57,103462,order-only-006162,,10455.04,completed
7814,2026-07-18 01:04:02,101309,order-only-006163,,5923.42,paid
7815,2026-07-24 21:50:35,102197,order-only-006164,,4999.62,paid
7816,2026-07-01 20:39:02,103624,order-only-006165,PROMO039,23511.5,paid
7817,2026-07-08 02:57:50,101764,order-only-006166,,9006.75,completed
7818,2026-07-28 03:49:32,104092,order-only-006167,PROMO115,16238.55,paid
7819,2026-07-07 10:30:24,100616,order-only-006168,,15630.88,completed
7820,2026-07-25 03:55:48,103581,order-only-006169,PROMO091,6175.97,completed
7821,2026-07-20 13:06:35,103151,order-only-006170,PROMO044,547.41,completed
7822,2026-07-11 20:07:08,102921,order-only-006171,PROMO096,6647.21,paid
7823,2026-07-20 04:14:12,102591,order-only-006172,PROMO042,20987.64,paid
7824,2026-07-31 06:18:33,103389,order-only-006173,,7024.18,paid
7825,2026-07-21 22:45:07,100663,order-only-006174,,21387.85,cancelled
7826,2026-07-31 00:03:41,102494,order-only-006175,,1066.8,paid
7827,2026-07-21 09:53:18,103638,order-only-006176,,8256.49,completed
7828,2026-07-20 14:25:37,101852,order-only-006177,,10612.25,created
7829,2026-07-02 07:56:18,103099,order-only-006178,,12430.06,cancelled
7830,2026-07-25 03:36:53,102116,order-only-006179,,9276.48,paid
7831,2026-07-10 03:45:21,104875,order-only-006180,PROMO095,15586.78,paid
7832,2026-07-21 04:15:27,100381,order-only-006181,PROMO030,10950.14,paid
7833,2026-07-10 01:46:11,104056,order-only-006182,,20092.34,paid
7834,2026-07-09 12:00:27,101446,order-only-006183,,20257.33,completed
7835,2026-07-04 06:48:32,101170,order-only-006184,PROMO097,22881.9,cancelled
7836,2026-07-25 07:25:46,102359,order-only-006185,,13345.56,completed
7837,2026-07-03 14:11:13,103743,order-only-006186,,20450.88,completed
7838,2026-07-08 15:43:38,101799,order-only-006187,PROMO062,6609.41,paid
7839,2026-07-20 18:32:22,101412,order-only-006188,,4924.28,created
7840,2026-07-15 20:52:02,103816,order-only-006189,PROMO023,23612.85,cancelled
7841,2026-07-24 02:49:19,103127,order-only-006190,,12073.21,paid
7842,2026-07-03 19:54:26,103453,order-only-006191,PROMO017,10575.25,paid
7843,2026-07-12 17:39:47,103146,order-only-006192,PROMO079,2274.99,paid
7844,2026-07-16 23:51:13,103352,order-only-006193,PROMO025,8697.24,paid
7845,2026-07-21 18:22:44,101754,order-only-006194,,7455.38,completed
7846,2026-07-31 21:13:38,104219,order-only-006195,,19885.68,completed
7847,2026-07-08 08:27:20,103316,order-only-006196,,16927.14,completed
7848,2026-07-06 11:14:31,103311,order-only-006197,PROMO118,7736.22,paid
7849,2026-07-15 16:34:08,102020,order-only-006198,,14973.91,created
7850,2026-07-06 16:13:41,103336,order-only-006199,,3675.62,paid
7851,2026-07-25 00:07:54,100197,order-only-006200,PROMO102,4851.01,paid
7852,2026-07-24 13:40:49,102071,order-only-006201,PROMO063,10134.55,paid
7853,2026-07-02 22:11:25,101883,order-only-006202,,5434.44,cancelled
7854,2026-07-20 08:23:38,102179,order-only-006203,PROMO118,14868.86,created
7855,2026-07-04 08:23:55,101344,order-only-006204,PROMO026,7969.24,cancelled
7856,2026-07-18 17:57:59,102142,order-only-006205,PROMO027,10817.23,paid
7857,2026-07-28 17:59:26,104069,order-only-006206,PROMO110,7635.25,paid
7858,2026-07-07 06:03:41,102269,order-only-006207,,15127.94,cancelled
7859,2026-07-07 09:30:51,100221,order-only-006208,PROMO104,22572.69,paid
7860,2026-07-05 20:44:15,102764,order-only-006209,,18168.55,paid
7861,2026-07-10 19:25:44,102958,order-only-006210,,19953.99,paid
7862,2026-07-24 11:32:59,104356,order-only-006211,,12804.72,cancelled
7863,2026-07-15 04:13:41,100232,order-only-006212,PROMO067,7430.03,cancelled
7864,2026-07-20 18:08:28,103961,order-only-006213,PROMO056,15968.79,paid
7865,2026-07-10 09:37:43,100352,order-only-006214,PROMO028,600.77,completed
7866,2026-07-08 17:35:37,102897,order-only-006215,,11625.98,paid
7867,2026-07-08 18:54:16,100403,order-only-006216,,14342.1,created
7868,2026-07-08 06:45:18,101968,order-only-006217,,23450.4,completed
7869,2026-07-03 22:32:31,103185,order-only-006218,PROMO072,24127.7,created
7870,2026-07-10 04:46:10,100742,order-only-006219,,10647.31,paid
7871,2026-07-11 07:58:33,102729,order-only-006220,PROMO089,19229.98,paid
7872,2026-07-22 06:06:13,104927,order-only-006221,,9710.92,paid
7873,2026-07-03 11:21:02,103463,order-only-006222,,15774.01,completed
7874,2026-07-25 19:26:09,100076,order-only-006223,,5933.36,paid
7875,2026-07-16 11:13:01,102471,order-only-006224,,14920.48,paid
7876,2026-07-12 08:13:46,103557,order-only-006225,,10449.2,cancelled
7877,2026-07-03 01:32:56,102879,order-only-006226,PROMO117,12833.33,completed
7878,2026-07-28 11:31:13,103536,order-only-006227,,10646.59,completed
7879,2026-07-06 16:25:59,104379,order-only-006228,,14101.57,paid
7880,2026-07-21 16:20:22,103899,order-only-006229,PROMO037,5139.33,completed
7881,2026-07-17 12:08:51,103928,order-only-006230,,4021.8,completed
7882,2026-07-31 04:40:05,100529,order-only-006231,,6165.18,completed
7883,2026-07-10 11:03:50,102973,order-only-006232,PROMO062,23050.22,paid
7884,2026-07-12 20:30:30,100493,order-only-006233,PROMO002,17138.01,paid
7885,2026-07-10 23:40:26,104014,order-only-006234,PROMO077,20037.06,cancelled
7886,2026-07-02 03:02:36,102101,order-only-006235,,12484.21,cancelled
7887,2026-07-24 04:05:34,101139,order-only-006236,,2561.41,paid
7888,2026-07-09 02:01:14,102432,order-only-006237,PROMO087,9275.24,cancelled
7889,2026-07-18 19:15:34,102068,order-only-006238,,21636.46,paid
7890,2026-07-08 16:25:01,104473,order-only-006239,PROMO051,21456.73,created
7891,2026-07-11 13:57:49,100528,order-only-006240,,11036.23,paid
7892,2026-07-06 06:12:03,103333,order-only-006241,,3557.04,paid
7893,2026-07-14 05:55:06,103688,order-only-006242,PROMO112,22577.82,created
7894,2026-07-27 01:08:32,103822,order-only-006243,,9231.94,paid
7895,2026-07-14 07:01:37,101432,order-only-006244,,7034.4,completed
7896,2026-07-30 07:27:35,103819,order-only-006245,,13101.83,created
7897,2026-07-25 08:40:58,100931,order-only-006246,,6062.15,completed
7898,2026-07-13 09:15:46,102845,order-only-006247,,23961.29,cancelled
7899,2026-07-04 23:09:18,101238,order-only-006248,,23394.33,cancelled
7900,2026-07-06 05:14:44,100188,order-only-006249,,10059.99,paid
7901,2026-07-13 10:45:33,102477,order-only-006250,,8979.58,cancelled
7902,2026-07-18 22:56:13,103907,order-only-006251,,2150.91,completed
7903,2026-07-04 03:29:01,100627,order-only-006252,PROMO095,20339.09,created
7904,2026-07-11 09:10:48,102345,order-only-006253,PROMO116,13221.38,created
7905,2026-07-02 18:52:41,100738,order-only-006254,,1568.54,paid
7906,2026-07-24 19:53:20,104930,order-only-006255,PROMO113,18602.44,cancelled
7907,2026-07-25 23:34:13,101232,order-only-006256,,19373.04,paid
7908,2026-07-24 17:04:12,104373,order-only-006257,,16198.44,cancelled
7909,2026-07-07 13:38:39,103996,order-only-006258,,12913.06,created
7910,2026-07-07 12:50:18,104767,order-only-006259,PROMO053,15739.97,completed
7911,2026-07-24 10:46:01,100824,order-only-006260,,24090.36,completed
7912,2026-07-01 06:54:01,102336,order-only-006261,PROMO033,17455.01,completed
7913,2026-07-24 15:13:39,104788,order-only-006262,,8688.87,cancelled
7914,2026-07-10 15:41:06,101825,order-only-006263,PROMO092,18971.57,paid
7915,2026-07-25 07:05:28,102464,order-only-006264,,4616.45,created
7916,2026-07-17 11:43:05,104037,order-only-006265,,5405.42,paid
7917,2026-07-23 01:34:01,101318,order-only-006266,,14728.31,completed
7918,2026-07-17 19:22:26,102472,order-only-006267,,2756.45,created
7919,2026-07-23 09:36:08,104614,order-only-006268,PROMO002,6667.56,paid
7920,2026-07-12 03:02:23,103031,order-only-006269,PROMO021,18000.29,paid
7921,2026-07-27 00:42:14,102915,order-only-006270,PROMO075,22170.17,completed
7922,2026-07-20 03:53:10,103721,order-only-006271,,7952.2,created
7923,2026-07-07 04:41:36,100741,order-only-006272,PROMO036,9949.52,completed
7924,2026-07-23 07:01:56,103564,order-only-006273,PROMO011,13060.72,created
7925,2026-07-31 01:51:05,101021,order-only-006274,,16504.81,paid
7926,2026-07-15 14:42:44,104234,order-only-006275,,18495.43,cancelled
7927,2026-07-25 08:59:22,100289,order-only-006276,,12301.92,completed
7928,2026-07-22 04:20:16,102153,order-only-006277,PROMO104,24346.37,created
7929,2026-07-19 15:22:57,100713,order-only-006278,,15392.39,completed
7930,2026-07-03 22:14:40,100967,order-only-006279,,23733.98,cancelled
7931,2026-07-15 16:24:28,101994,order-only-006280,,13761.53,created
7932,2026-07-16 18:06:58,100358,order-only-006281,PROMO110,12704.84,created
7933,2026-07-04 01:20:00,101482,order-only-006282,,24886.19,completed
7934,2026-07-30 19:36:01,100095,order-only-006283,PROMO070,2092,paid
7935,2026-07-17 18:14:37,103427,order-only-006284,,3993.92,cancelled
7936,2026-07-20 23:39:33,104325,order-only-006285,,5268.88,created
7937,2026-07-28 11:44:05,104733,order-only-006286,,10486.57,completed
7938,2026-07-19 12:56:28,100517,order-only-006287,PROMO011,7515.01,paid
7939,2026-07-27 06:38:55,104805,order-only-006288,PROMO002,5946.89,completed
7940,2026-07-30 17:04:14,101949,order-only-006289,,14657.02,paid
7941,2026-07-26 08:41:36,101443,order-only-006290,,2891.01,cancelled
7942,2026-07-27 06:33:38,101266,order-only-006291,,864.76,completed
7943,2026-07-04 22:22:53,102288,order-only-006292,,744.63,completed
7944,2026-07-02 22:47:29,101157,order-only-006293,,11575.12,completed
7945,2026-07-22 05:06:20,103688,order-only-006294,PROMO024,7734.99,completed
7946,2026-07-29 13:41:44,100023,order-only-006295,,10269.99,paid
7947,2026-07-08 11:13:40,103951,order-only-006296,,6637.12,completed
7948,2026-07-14 05:13:20,104982,order-only-006297,,5804.95,completed
7949,2026-07-24 06:30:07,101839,order-only-006298,,17771.72,paid
7950,2026-07-26 09:33:37,104907,order-only-006299,,2173.44,cancelled
7951,2026-07-19 12:55:02,102104,order-only-006300,PROMO088,17418.17,paid
7952,2026-07-06 10:43:47,101595,order-only-006301,PROMO107,19821.96,paid
7953,2026-07-05 22:17:02,104294,order-only-006302,PROMO115,12598.37,paid
7954,2026-07-12 16:04:39,101625,order-only-006303,PROMO012,4295.78,completed
7955,2026-07-07 14:26:38,102131,order-only-006304,,12082.31,cancelled
7956,2026-07-10 19:11:58,104894,order-only-006305,,20935.26,paid
7957,2026-07-29 12:08:52,100691,order-only-006306,,23848.18,paid
7958,2026-07-18 00:42:46,100726,order-only-006307,,15286.63,paid
7959,2026-07-09 08:12:48,101481,order-only-006308,,9254.16,created
7960,2026-07-19 01:31:07,103979,order-only-006309,PROMO008,19378.46,completed
7961,2026-07-14 05:09:10,100706,order-only-006310,,6612.96,completed
7962,2026-07-17 00:37:04,103907,order-only-006311,,16400.76,paid
7963,2026-07-25 14:53:42,100697,order-only-006312,PROMO099,15944.34,paid
7964,2026-07-13 00:49:40,103224,order-only-006313,PROMO059,4848.94,completed
7965,2026-07-16 05:14:49,104145,order-only-006314,,18225.82,paid
7966,2026-07-21 08:37:52,103403,order-only-006315,PROMO065,15648.61,completed
7967,2026-07-11 18:36:38,102265,order-only-006316,,12263.39,completed
7968,2026-07-01 19:31:34,104625,order-only-006317,,19435.16,cancelled
7969,2026-07-19 15:25:10,103907,order-only-006318,PROMO104,7320.46,created
7970,2026-07-29 13:03:27,100061,order-only-006319,PROMO064,2518.02,paid
7971,2026-07-10 18:39:45,100555,order-only-006320,,12648.54,completed
7972,2026-07-15 05:50:32,103982,order-only-006321,,6049.68,cancelled
7973,2026-07-28 17:01:48,104448,order-only-006322,,15572.25,cancelled
7974,2026-07-10 00:47:21,101218,order-only-006323,PROMO018,1422.25,cancelled
7975,2026-07-09 22:51:17,100934,order-only-006324,PROMO095,8763.67,completed
7976,2026-07-28 04:55:23,103743,order-only-006325,PROMO094,12507.54,paid
7977,2026-07-03 02:23:32,101653,order-only-006326,,22835.28,paid
7978,2026-07-16 00:32:47,103866,order-only-006327,,1190.73,paid
7979,2026-07-06 01:12:23,100647,order-only-006328,,7447.48,cancelled
7980,2026-07-29 06:41:17,102696,order-only-006329,,22209.7,completed
7981,2026-07-20 04:44:11,101880,order-only-006330,PROMO032,24300.26,created
7982,2026-07-02 04:29:49,100165,order-only-006331,PROMO103,6814.82,created
7983,2026-07-30 22:29:24,100938,order-only-006332,PROMO069,18214.26,completed
7984,2026-07-04 13:30:09,102508,order-only-006333,,3219.82,completed
7985,2026-07-15 01:12:21,103621,order-only-006334,,4902.8,paid
7986,2026-07-06 15:20:48,103741,order-only-006335,,4611.98,completed
7987,2026-07-04 22:16:44,103930,order-only-006336,,9173.88,completed
7988,2026-07-08 01:14:00,104281,order-only-006337,,22764,completed
7989,2026-07-05 08:52:24,103060,order-only-006338,,9220.56,created
7990,2026-07-24 08:50:18,103033,order-only-006339,,3920.55,created
7991,2026-07-17 14:55:26,103000,order-only-006340,,11964.91,cancelled
7992,2026-07-25 06:05:40,102039,order-only-006341,PROMO064,11194.56,completed
7993,2026-07-03 17:55:47,100848,order-only-006342,,3602,paid
7994,2026-07-09 14:24:46,104545,order-only-006343,,1487.7,paid
7995,2026-07-17 22:54:29,104319,order-only-006344,,22392.62,completed
7996,2026-07-26 22:15:44,101395,order-only-006345,PROMO020,3401.73,paid
7997,2026-07-23 18:10:44,101010,order-only-006346,PROMO002,940.47,created
7998,2026-07-30 01:57:46,103294,order-only-006347,,8972.09,paid
7999,2026-07-16 04:32:27,101392,order-only-006348,PROMO077,3807.41,paid
8000,2026-07-23 20:43:43,100775,order-only-006349,PROMO062,17674.75,completed
